mean_temp,mean_rhum,max_wspd,total_prcp,site,address,method,date,start,end,start_dt,end_dt,weather_start_dt,latitude,longitude,station
23.9,62.0,3.0,0.0,,,,,,,,,,,,
,,,,"0       Krystal
1         River
2          Drew
3       Krystal
4         River
5          Drew
6      Hornaday
7     Happiness
8           BLF
9      Hornaday
10    Happiness
11        Oasis
12        Batey
13        Oasis
14        Batey
15        Lydia
16     Peaceful
17        Gallo
18        Lydia
19        Gallo
20     Peaceful
21        Batey
22        Oasis
23    Happiness
24     Hornaday
25      Krystal
26        River
27        Gallo
28        Lydia
29     Peaceful
30          ELG
31        Luigi
32       Carrie
33      Clayton
34      West123
35        Luigi
36      Clayton
37          ELG
38        Luigi
39      Clayton
40          ELG
41      West123
42      West123
Name: site, dtype: str","0               2093 Vyse Ave, Bronx, NY
1             1086 E 180th St, Bronx, NY
2          1070 E Tremont Ave, Bronx, NY
3               2093 Vyse Ave, Bronx, NY
4             1086 E 180th St, Bronx, NY
5          1070 E Tremont Ave, Bronx, NY
6             851 Hornaday Pl, Bronx, NY
7        2160 Prospect Avenue, Bronx, NY
8            2485 Belmont Ave, Bronx, NY
9             851 Hornaday Pl, Bronx, NY
10       2160 Prospect Avenue, Bronx, NY
11        1981 Lafontaine Ave, Bronx, NY
12             504 E 178th St, Bronx, NY
13        1981 Lafontaine Ave, Bronx, NY
14             504 E 178th St, Bronx, NY
15           1665 Park Ave, New York, NY
16           52 E 117th St, New York, NY
17      1891 Lexington Ave, New York, NY
18           1665 Park Ave, New York, NY
19      1891 Lexington Ave, New York, NY
20           52 E 117th St, New York, NY
21             504 E 178th St, Bronx, NY
22        1981 Lafontaine Ave, Bronx, NY
23       2160 Prospect Avenue, Bronx, NY
24            851 Hornaday Pl, Bronx, NY
25              2093 Vyse Ave, Bronx, NY
26            1086 E 180th St, Bronx, NY
27      1891 Lexington Ave, New York, NY
28           1665 Park Ave, New York, NY
29           52 E 117th St, New York, NY
30          237 W 111th St, New York, NY
31          227 W 115th St, New York, NY
32    145 St. Nicholas Ave, New York, NY
33          303 W 126th St, New York, NY
34          116 W 123rd St, New York, NY
35          227 W 115th St, New York, NY
36          303 W 126th St, New York, NY
37          237 W 111th St, New York, NY
38          227 W 115th St, New York, NY
39          303 W 126th St, New York, NY
40          237 W 111th St, New York, NY
41          116 W 123rd St, New York, NY
42          116 W 123rd St, New York, NY
Name: address, dtype: str","0      net
1      net
2      net
3      net
4      net
5      net
6      net
7      net
8      net
9      net
10     net
11     net
12     net
13     net
14     net
15     net
16     net
17     net
18     net
19     net
20     net
21    bowl
22    bowl
23    bowl
24    bowl
25    bowl
26    bowl
27    bowl
28    bowl
29    bowl
30    bowl
31    bowl
32    bowl
33    bowl
34    bowl
35     net
36     net
37     net
38     net
39     net
40     net
41     net
42     net
Name: method, dtype: str","0     8/10/2026
1     8/10/2026
2     8/10/2026
3     8/10/2026
4     8/10/2026
5     8/10/2026
6     8/11/2026
7     8/11/2026
8     8/11/2026
9     8/11/2026
10    8/11/2026
11    8/12/2026
12    8/12/2026
13    8/12/2026
14    8/12/2026
15    8/14/2026
16    8/14/2026
17    8/14/2026
18    8/14/2026
19    8/14/2026
20    8/14/2026
21    8/16/2026
22    8/16/2026
23    8/16/2026
24    8/16/2026
25    8/16/2026
26    8/16/2026
27    8/16/2026
28    8/16/2026
29    8/16/2026
30    8/15/2026
31    8/16/2026
32    8/16/2026
33    8/16/2026
34    8/16/2026
35    8/19/2026
36    8/19/2026
37    8/19/2026
38    8/19/2026
39    8/19/2026
40    8/19/2026
41    8/20/2026
42    8/20/2026
Name: date, dtype: str","0      9:48
1     10:40
2     12:41
3     14:25
4     15:04
5     15:45
6      8:58
7      9:43
8     10:42
9     12:36
10    13:50
11     9:30
12    10:20
13    13:04
14    13:57
15     8:59
16     9:50
17    10:36
18    13:00
19    13:56
20    14:33
21     7:51
22     8:11
23     8:43
24     9:05
25     9:32
26     9:57
27    10:48
28    11:12
29    11:30
30     8:30
31    12:22
32    12:39
33    13:09
34    13:38
35     9:28
36    10:25
37    11:28
38    13:35
39    15:00
40    16:05
41     9:10
42    12:36
Name: start, dtype: str","0     10:26
1     11:20
2     13:18
3     14:58
4     15:39
5     16:19
6      9:33
7     10:16
8     11:20
9     13:13
10    14:23
11    10:05
12    10:56
13    13:38
14    14:32
15     9:33
16    10:22
17    11:07
18    13:40
19    14:30
20    15:04
21     9:12
22     9:23
23     9:48
24    10:02
25    10:17
26    10:36
27    11:22
28    11:51
29    12:15
30    12:01
31    12:38
32    12:59
33    13:20
34    13:38
35    10:03
36    11:01
37    12:02
38    14:07
39    15:36
40    16:40
41     9:50
42    13:15
Name: end, dtype: str","0    2026-08-10 09:48:00
1    2026-08-10 10:40:00
2    2026-08-10 12:41:00
3    2026-08-10 14:25:00
4    2026-08-10 15:04:00
5    2026-08-10 15:45:00
6    2026-08-11 08:58:00
7    2026-08-11 09:43:00
8    2026-08-11 10:42:00
9    2026-08-11 12:36:00
10   2026-08-11 13:50:00
11   2026-08-12 09:30:00
12   2026-08-12 10:20:00
13   2026-08-12 13:04:00
14   2026-08-12 13:57:00
15   2026-08-14 08:59:00
16   2026-08-14 09:50:00
17   2026-08-14 10:36:00
18   2026-08-14 13:00:00
19   2026-08-14 13:56:00
20   2026-08-14 14:33:00
21   2026-08-16 07:51:00
22   2026-08-16 08:11:00
23   2026-08-16 08:43:00
24   2026-08-16 09:05:00
25   2026-08-16 09:32:00
26   2026-08-16 09:57:00
27   2026-08-16 10:48:00
28   2026-08-16 11:12:00
29   2026-08-16 11:30:00
30   2026-08-15 08:30:00
31   2026-08-16 12:22:00
32   2026-08-16 12:39:00
33   2026-08-16 13:09:00
34   2026-08-16 13:38:00
35   2026-08-19 09:28:00
36   2026-08-19 10:25:00
37   2026-08-19 11:28:00
38   2026-08-19 13:35:00
39   2026-08-19 15:00:00
40   2026-08-19 16:05:00
41   2026-08-20 09:10:00
42   2026-08-20 12:36:00
Name: start_dt, dtype: datetime64[us]","0    2026-08-10 10:26:00
1    2026-08-10 11:20:00
2    2026-08-10 13:18:00
3    2026-08-10 14:58:00
4    2026-08-10 15:39:00
5    2026-08-10 16:19:00
6    2026-08-11 09:33:00
7    2026-08-11 10:16:00
8    2026-08-11 11:20:00
9    2026-08-11 13:13:00
10   2026-08-11 14:23:00
11   2026-08-12 10:05:00
12   2026-08-12 10:56:00
13   2026-08-12 13:38:00
14   2026-08-12 14:32:00
15   2026-08-14 09:33:00
16   2026-08-14 10:22:00
17   2026-08-14 11:07:00
18   2026-08-14 13:40:00
19   2026-08-14 14:30:00
20   2026-08-14 15:04:00
21   2026-08-16 09:12:00
22   2026-08-16 09:23:00
23   2026-08-16 09:48:00
24   2026-08-16 10:02:00
25   2026-08-16 10:17:00
26   2026-08-16 10:36:00
27   2026-08-16 11:22:00
28   2026-08-16 11:51:00
29   2026-08-16 12:15:00
30   2026-08-15 12:01:00
31   2026-08-16 12:38:00
32   2026-08-16 12:59:00
33   2026-08-16 13:20:00
34   2026-08-16 13:38:00
35   2026-08-19 10:03:00
36   2026-08-19 11:01:00
37   2026-08-19 12:02:00
38   2026-08-19 14:07:00
39   2026-08-19 15:36:00
40   2026-08-19 16:40:00
41   2026-08-20 09:50:00
42   2026-08-20 13:15:00
Name: end_dt, dtype: datetime64[us]","0    2026-08-10 09:48:00
1    2026-08-10 10:40:00
2    2026-08-10 12:41:00
3    2026-08-10 14:25:00
4    2026-08-10 15:04:00
5    2026-08-10 15:45:00
6    2026-08-11 08:58:00
7    2026-08-11 09:43:00
8    2026-08-11 10:42:00
9    2026-08-11 12:36:00
10   2026-08-11 13:50:00
11   2026-08-12 09:30:00
12   2026-08-12 10:20:00
13   2026-08-12 13:04:00
14   2026-08-12 13:57:00
15   2026-08-14 08:59:00
16   2026-08-14 09:50:00
17   2026-08-14 10:36:00
18   2026-08-14 13:00:00
19   2026-08-14 13:56:00
20   2026-08-14 14:33:00
21   2026-08-15 07:51:00
22   2026-08-15 08:11:00
23   2026-08-15 08:43:00
24   2026-08-15 09:05:00
25   2026-08-15 09:32:00
26   2026-08-15 09:57:00
27   2026-08-15 10:48:00
28   2026-08-15 11:12:00
29   2026-08-15 11:30:00
30   2026-08-14 08:30:00
31   2026-08-15 12:22:00
32   2026-08-15 12:39:00
33   2026-08-15 13:09:00
34   2026-08-15 13:38:00
35   2026-08-19 09:28:00
36   2026-08-19 10:25:00
37   2026-08-19 11:28:00
38   2026-08-19 13:35:00
39   2026-08-19 15:00:00
40   2026-08-19 16:05:00
41   2026-08-20 09:10:00
42   2026-08-20 12:36:00
Name: weather_start_dt, dtype: datetime64[us]","0     40.843717
1     40.842397
2      40.84012
3     40.843717
4     40.842397
5      40.84012
6     40.847096
7     40.848686
8     40.856927
9     40.847096
10    40.848686
11    40.847084
12    40.847671
13    40.847084
14    40.847671
15    40.800138
16    40.800251
17    40.799598
18    40.800138
19    40.799598
20    40.800251
21    40.847671
22    40.847084
23    40.848686
24    40.847096
25    40.843717
26    40.842397
27    40.799598
28    40.800138
29    40.800251
30     40.80056
31    40.802954
32    40.705028
33    40.810995
34    40.806633
35    40.802954
36    40.810995
37     40.80056
38    40.802954
39    40.810995
40     40.80056
41    40.806633
42    40.806633
Name: latitude, dtype: object","0    -73.880764
1    -73.877734
2    -73.879419
3    -73.880764
4    -73.877734
5    -73.879419
6    -73.882462
7    -73.885202
8    -73.884577
9    -73.882462
10   -73.885202
11   -73.894102
12   -73.895419
13   -73.894102
14   -73.895419
15   -73.942507
16   -73.943601
17   -73.940784
18   -73.942507
19   -73.940784
20   -73.943601
21   -73.895419
22   -73.894102
23   -73.885202
24   -73.882462
25   -73.880764
26   -73.877734
27   -73.940784
28   -73.942507
29   -73.943601
30   -73.955883
31   -73.953793
32   -73.917031
33   -73.950817
34   -73.947051
35   -73.953793
36   -73.950817
37   -73.955883
38   -73.953793
39   -73.950817
40   -73.955883
41   -73.947051
42   -73.947051
Name: longitude, dtype: object","0     72503
1     72503
2     72503
3     72503
4     72503
5     72503
6     72503
7     72503
8     72503
9     72503
10    72503
11    72503
12    72503
13    72503
14    72503
15    KNYC0
16    KNYC0
17    KNYC0
18    KNYC0
19    KNYC0
20    KNYC0
21    72503
22    72503
23    72503
24    72503
25    72503
26    72503
27    KNYC0
28    KNYC0
29    KNYC0
30    KNYC0
31    KNYC0
32    KJRB0
33    KNYC0
34    KNYC0
35    KNYC0
36    KNYC0
37    KNYC0
38    KNYC0
39    KNYC0
40    KNYC0
41    KNYC0
42    KNYC0
Name: station, dtype: object"
24.4,62.0,4.0,0.0,,,,,,,,,,,,
,,,,"0       Krystal
1         River
2          Drew
3       Krystal
4         River
5          Drew
6      Hornaday
7     Happiness
8           BLF
9      Hornaday
10    Happiness
11        Oasis
12        Batey
13        Oasis
14        Batey
15        Lydia
16     Peaceful
17        Gallo
18        Lydia
19        Gallo
20     Peaceful
21        Batey
22        Oasis
23    Happiness
24     Hornaday
25      Krystal
26        River
27        Gallo
28        Lydia
29     Peaceful
30          ELG
31        Luigi
32       Carrie
33      Clayton
34      West123
35        Luigi
36      Clayton
37          ELG
38        Luigi
39      Clayton
40          ELG
41      West123
42      West123
Name: site, dtype: str","0               2093 Vyse Ave, Bronx, NY
1             1086 E 180th St, Bronx, NY
2          1070 E Tremont Ave, Bronx, NY
3               2093 Vyse Ave, Bronx, NY
4             1086 E 180th St, Bronx, NY
5          1070 E Tremont Ave, Bronx, NY
6             851 Hornaday Pl, Bronx, NY
7        2160 Prospect Avenue, Bronx, NY
8            2485 Belmont Ave, Bronx, NY
9             851 Hornaday Pl, Bronx, NY
10       2160 Prospect Avenue, Bronx, NY
11        1981 Lafontaine Ave, Bronx, NY
12             504 E 178th St, Bronx, NY
13        1981 Lafontaine Ave, Bronx, NY
14             504 E 178th St, Bronx, NY
15           1665 Park Ave, New York, NY
16           52 E 117th St, New York, NY
17      1891 Lexington Ave, New York, NY
18           1665 Park Ave, New York, NY
19      1891 Lexington Ave, New York, NY
20           52 E 117th St, New York, NY
21             504 E 178th St, Bronx, NY
22        1981 Lafontaine Ave, Bronx, NY
23       2160 Prospect Avenue, Bronx, NY
24            851 Hornaday Pl, Bronx, NY
25              2093 Vyse Ave, Bronx, NY
26            1086 E 180th St, Bronx, NY
27      1891 Lexington Ave, New York, NY
28           1665 Park Ave, New York, NY
29           52 E 117th St, New York, NY
30          237 W 111th St, New York, NY
31          227 W 115th St, New York, NY
32    145 St. Nicholas Ave, New York, NY
33          303 W 126th St, New York, NY
34          116 W 123rd St, New York, NY
35          227 W 115th St, New York, NY
36          303 W 126th St, New York, NY
37          237 W 111th St, New York, NY
38          227 W 115th St, New York, NY
39          303 W 126th St, New York, NY
40          237 W 111th St, New York, NY
41          116 W 123rd St, New York, NY
42          116 W 123rd St, New York, NY
Name: address, dtype: str","0      net
1      net
2      net
3      net
4      net
5      net
6      net
7      net
8      net
9      net
10     net
11     net
12     net
13     net
14     net
15     net
16     net
17     net
18     net
19     net
20     net
21    bowl
22    bowl
23    bowl
24    bowl
25    bowl
26    bowl
27    bowl
28    bowl
29    bowl
30    bowl
31    bowl
32    bowl
33    bowl
34    bowl
35     net
36     net
37     net
38     net
39     net
40     net
41     net
42     net
Name: method, dtype: str","0     8/10/2026
1     8/10/2026
2     8/10/2026
3     8/10/2026
4     8/10/2026
5     8/10/2026
6     8/11/2026
7     8/11/2026
8     8/11/2026
9     8/11/2026
10    8/11/2026
11    8/12/2026
12    8/12/2026
13    8/12/2026
14    8/12/2026
15    8/14/2026
16    8/14/2026
17    8/14/2026
18    8/14/2026
19    8/14/2026
20    8/14/2026
21    8/16/2026
22    8/16/2026
23    8/16/2026
24    8/16/2026
25    8/16/2026
26    8/16/2026
27    8/16/2026
28    8/16/2026
29    8/16/2026
30    8/15/2026
31    8/16/2026
32    8/16/2026
33    8/16/2026
34    8/16/2026
35    8/19/2026
36    8/19/2026
37    8/19/2026
38    8/19/2026
39    8/19/2026
40    8/19/2026
41    8/20/2026
42    8/20/2026
Name: date, dtype: str","0      9:48
1     10:40
2     12:41
3     14:25
4     15:04
5     15:45
6      8:58
7      9:43
8     10:42
9     12:36
10    13:50
11     9:30
12    10:20
13    13:04
14    13:57
15     8:59
16     9:50
17    10:36
18    13:00
19    13:56
20    14:33
21     7:51
22     8:11
23     8:43
24     9:05
25     9:32
26     9:57
27    10:48
28    11:12
29    11:30
30     8:30
31    12:22
32    12:39
33    13:09
34    13:38
35     9:28
36    10:25
37    11:28
38    13:35
39    15:00
40    16:05
41     9:10
42    12:36
Name: start, dtype: str","0     10:26
1     11:20
2     13:18
3     14:58
4     15:39
5     16:19
6      9:33
7     10:16
8     11:20
9     13:13
10    14:23
11    10:05
12    10:56
13    13:38
14    14:32
15     9:33
16    10:22
17    11:07
18    13:40
19    14:30
20    15:04
21     9:12
22     9:23
23     9:48
24    10:02
25    10:17
26    10:36
27    11:22
28    11:51
29    12:15
30    12:01
31    12:38
32    12:59
33    13:20
34    13:38
35    10:03
36    11:01
37    12:02
38    14:07
39    15:36
40    16:40
41     9:50
42    13:15
Name: end, dtype: str","0    2026-08-10 09:48:00
1    2026-08-10 10:40:00
2    2026-08-10 12:41:00
3    2026-08-10 14:25:00
4    2026-08-10 15:04:00
5    2026-08-10 15:45:00
6    2026-08-11 08:58:00
7    2026-08-11 09:43:00
8    2026-08-11 10:42:00
9    2026-08-11 12:36:00
10   2026-08-11 13:50:00
11   2026-08-12 09:30:00
12   2026-08-12 10:20:00
13   2026-08-12 13:04:00
14   2026-08-12 13:57:00
15   2026-08-14 08:59:00
16   2026-08-14 09:50:00
17   2026-08-14 10:36:00
18   2026-08-14 13:00:00
19   2026-08-14 13:56:00
20   2026-08-14 14:33:00
21   2026-08-16 07:51:00
22   2026-08-16 08:11:00
23   2026-08-16 08:43:00
24   2026-08-16 09:05:00
25   2026-08-16 09:32:00
26   2026-08-16 09:57:00
27   2026-08-16 10:48:00
28   2026-08-16 11:12:00
29   2026-08-16 11:30:00
30   2026-08-15 08:30:00
31   2026-08-16 12:22:00
32   2026-08-16 12:39:00
33   2026-08-16 13:09:00
34   2026-08-16 13:38:00
35   2026-08-19 09:28:00
36   2026-08-19 10:25:00
37   2026-08-19 11:28:00
38   2026-08-19 13:35:00
39   2026-08-19 15:00:00
40   2026-08-19 16:05:00
41   2026-08-20 09:10:00
42   2026-08-20 12:36:00
Name: start_dt, dtype: datetime64[us]","0    2026-08-10 10:26:00
1    2026-08-10 11:20:00
2    2026-08-10 13:18:00
3    2026-08-10 14:58:00
4    2026-08-10 15:39:00
5    2026-08-10 16:19:00
6    2026-08-11 09:33:00
7    2026-08-11 10:16:00
8    2026-08-11 11:20:00
9    2026-08-11 13:13:00
10   2026-08-11 14:23:00
11   2026-08-12 10:05:00
12   2026-08-12 10:56:00
13   2026-08-12 13:38:00
14   2026-08-12 14:32:00
15   2026-08-14 09:33:00
16   2026-08-14 10:22:00
17   2026-08-14 11:07:00
18   2026-08-14 13:40:00
19   2026-08-14 14:30:00
20   2026-08-14 15:04:00
21   2026-08-16 09:12:00
22   2026-08-16 09:23:00
23   2026-08-16 09:48:00
24   2026-08-16 10:02:00
25   2026-08-16 10:17:00
26   2026-08-16 10:36:00
27   2026-08-16 11:22:00
28   2026-08-16 11:51:00
29   2026-08-16 12:15:00
30   2026-08-15 12:01:00
31   2026-08-16 12:38:00
32   2026-08-16 12:59:00
33   2026-08-16 13:20:00
34   2026-08-16 13:38:00
35   2026-08-19 10:03:00
36   2026-08-19 11:01:00
37   2026-08-19 12:02:00
38   2026-08-19 14:07:00
39   2026-08-19 15:36:00
40   2026-08-19 16:40:00
41   2026-08-20 09:50:00
42   2026-08-20 13:15:00
Name: end_dt, dtype: datetime64[us]","0    2026-08-10 09:48:00
1    2026-08-10 10:40:00
2    2026-08-10 12:41:00
3    2026-08-10 14:25:00
4    2026-08-10 15:04:00
5    2026-08-10 15:45:00
6    2026-08-11 08:58:00
7    2026-08-11 09:43:00
8    2026-08-11 10:42:00
9    2026-08-11 12:36:00
10   2026-08-11 13:50:00
11   2026-08-12 09:30:00
12   2026-08-12 10:20:00
13   2026-08-12 13:04:00
14   2026-08-12 13:57:00
15   2026-08-14 08:59:00
16   2026-08-14 09:50:00
17   2026-08-14 10:36:00
18   2026-08-14 13:00:00
19   2026-08-14 13:56:00
20   2026-08-14 14:33:00
21   2026-08-15 07:51:00
22   2026-08-15 08:11:00
23   2026-08-15 08:43:00
24   2026-08-15 09:05:00
25   2026-08-15 09:32:00
26   2026-08-15 09:57:00
27   2026-08-15 10:48:00
28   2026-08-15 11:12:00
29   2026-08-15 11:30:00
30   2026-08-14 08:30:00
31   2026-08-15 12:22:00
32   2026-08-15 12:39:00
33   2026-08-15 13:09:00
34   2026-08-15 13:38:00
35   2026-08-19 09:28:00
36   2026-08-19 10:25:00
37   2026-08-19 11:28:00
38   2026-08-19 13:35:00
39   2026-08-19 15:00:00
40   2026-08-19 16:05:00
41   2026-08-20 09:10:00
42   2026-08-20 12:36:00
Name: weather_start_dt, dtype: datetime64[us]","0     40.843717
1     40.842397
2      40.84012
3     40.843717
4     40.842397
5      40.84012
6     40.847096
7     40.848686
8     40.856927
9     40.847096
10    40.848686
11    40.847084
12    40.847671
13    40.847084
14    40.847671
15    40.800138
16    40.800251
17    40.799598
18    40.800138
19    40.799598
20    40.800251
21    40.847671
22    40.847084
23    40.848686
24    40.847096
25    40.843717
26    40.842397
27    40.799598
28    40.800138
29    40.800251
30     40.80056
31    40.802954
32    40.705028
33    40.810995
34    40.806633
35    40.802954
36    40.810995
37     40.80056
38    40.802954
39    40.810995
40     40.80056
41    40.806633
42    40.806633
Name: latitude, dtype: object","0    -73.880764
1    -73.877734
2    -73.879419
3    -73.880764
4    -73.877734
5    -73.879419
6    -73.882462
7    -73.885202
8    -73.884577
9    -73.882462
10   -73.885202
11   -73.894102
12   -73.895419
13   -73.894102
14   -73.895419
15   -73.942507
16   -73.943601
17   -73.940784
18   -73.942507
19   -73.940784
20   -73.943601
21   -73.895419
22   -73.894102
23   -73.885202
24   -73.882462
25   -73.880764
26   -73.877734
27   -73.940784
28   -73.942507
29   -73.943601
30   -73.955883
31   -73.953793
32   -73.917031
33   -73.950817
34   -73.947051
35   -73.953793
36   -73.950817
37   -73.955883
38   -73.953793
39   -73.950817
40   -73.955883
41   -73.947051
42   -73.947051
Name: longitude, dtype: object","0     72503
1     72503
2     72503
3     72503
4     72503
5     72503
6     72503
7     72503
8     72503
9     72503
10    72503
11    72503
12    72503
13    72503
14    72503
15    KNYC0
16    KNYC0
17    KNYC0
18    KNYC0
19    KNYC0
20    KNYC0
21    72503
22    72503
23    72503
24    72503
25    72503
26    72503
27    KNYC0
28    KNYC0
29    KNYC0
30    KNYC0
31    KNYC0
32    KJRB0
33    KNYC0
34    KNYC0
35    KNYC0
36    KNYC0
37    KNYC0
38    KNYC0
39    KNYC0
40    KNYC0
41    KNYC0
42    KNYC0
Name: station, dtype: object"
26.7,52.0,6.0,0.0,,,,,,,,,,,,
,,,,"0       Krystal
1         River
2          Drew
3       Krystal
4         River
5          Drew
6      Hornaday
7     Happiness
8           BLF
9      Hornaday
10    Happiness
11        Oasis
12        Batey
13        Oasis
14        Batey
15        Lydia
16     Peaceful
17        Gallo
18        Lydia
19        Gallo
20     Peaceful
21        Batey
22        Oasis
23    Happiness
24     Hornaday
25      Krystal
26        River
27        Gallo
28        Lydia
29     Peaceful
30          ELG
31        Luigi
32       Carrie
33      Clayton
34      West123
35        Luigi
36      Clayton
37          ELG
38        Luigi
39      Clayton
40          ELG
41      West123
42      West123
Name: site, dtype: str","0               2093 Vyse Ave, Bronx, NY
1             1086 E 180th St, Bronx, NY
2          1070 E Tremont Ave, Bronx, NY
3               2093 Vyse Ave, Bronx, NY
4             1086 E 180th St, Bronx, NY
5          1070 E Tremont Ave, Bronx, NY
6             851 Hornaday Pl, Bronx, NY
7        2160 Prospect Avenue, Bronx, NY
8            2485 Belmont Ave, Bronx, NY
9             851 Hornaday Pl, Bronx, NY
10       2160 Prospect Avenue, Bronx, NY
11        1981 Lafontaine Ave, Bronx, NY
12             504 E 178th St, Bronx, NY
13        1981 Lafontaine Ave, Bronx, NY
14             504 E 178th St, Bronx, NY
15           1665 Park Ave, New York, NY
16           52 E 117th St, New York, NY
17      1891 Lexington Ave, New York, NY
18           1665 Park Ave, New York, NY
19      1891 Lexington Ave, New York, NY
20           52 E 117th St, New York, NY
21             504 E 178th St, Bronx, NY
22        1981 Lafontaine Ave, Bronx, NY
23       2160 Prospect Avenue, Bronx, NY
24            851 Hornaday Pl, Bronx, NY
25              2093 Vyse Ave, Bronx, NY
26            1086 E 180th St, Bronx, NY
27      1891 Lexington Ave, New York, NY
28           1665 Park Ave, New York, NY
29           52 E 117th St, New York, NY
30          237 W 111th St, New York, NY
31          227 W 115th St, New York, NY
32    145 St. Nicholas Ave, New York, NY
33          303 W 126th St, New York, NY
34          116 W 123rd St, New York, NY
35          227 W 115th St, New York, NY
36          303 W 126th St, New York, NY
37          237 W 111th St, New York, NY
38          227 W 115th St, New York, NY
39          303 W 126th St, New York, NY
40          237 W 111th St, New York, NY
41          116 W 123rd St, New York, NY
42          116 W 123rd St, New York, NY
Name: address, dtype: str","0      net
1      net
2      net
3      net
4      net
5      net
6      net
7      net
8      net
9      net
10     net
11     net
12     net
13     net
14     net
15     net
16     net
17     net
18     net
19     net
20     net
21    bowl
22    bowl
23    bowl
24    bowl
25    bowl
26    bowl
27    bowl
28    bowl
29    bowl
30    bowl
31    bowl
32    bowl
33    bowl
34    bowl
35     net
36     net
37     net
38     net
39     net
40     net
41     net
42     net
Name: method, dtype: str","0     8/10/2026
1     8/10/2026
2     8/10/2026
3     8/10/2026
4     8/10/2026
5     8/10/2026
6     8/11/2026
7     8/11/2026
8     8/11/2026
9     8/11/2026
10    8/11/2026
11    8/12/2026
12    8/12/2026
13    8/12/2026
14    8/12/2026
15    8/14/2026
16    8/14/2026
17    8/14/2026
18    8/14/2026
19    8/14/2026
20    8/14/2026
21    8/16/2026
22    8/16/2026
23    8/16/2026
24    8/16/2026
25    8/16/2026
26    8/16/2026
27    8/16/2026
28    8/16/2026
29    8/16/2026
30    8/15/2026
31    8/16/2026
32    8/16/2026
33    8/16/2026
34    8/16/2026
35    8/19/2026
36    8/19/2026
37    8/19/2026
38    8/19/2026
39    8/19/2026
40    8/19/2026
41    8/20/2026
42    8/20/2026
Name: date, dtype: str","0      9:48
1     10:40
2     12:41
3     14:25
4     15:04
5     15:45
6      8:58
7      9:43
8     10:42
9     12:36
10    13:50
11     9:30
12    10:20
13    13:04
14    13:57
15     8:59
16     9:50
17    10:36
18    13:00
19    13:56
20    14:33
21     7:51
22     8:11
23     8:43
24     9:05
25     9:32
26     9:57
27    10:48
28    11:12
29    11:30
30     8:30
31    12:22
32    12:39
33    13:09
34    13:38
35     9:28
36    10:25
37    11:28
38    13:35
39    15:00
40    16:05
41     9:10
42    12:36
Name: start, dtype: str","0     10:26
1     11:20
2     13:18
3     14:58
4     15:39
5     16:19
6      9:33
7     10:16
8     11:20
9     13:13
10    14:23
11    10:05
12    10:56
13    13:38
14    14:32
15     9:33
16    10:22
17    11:07
18    13:40
19    14:30
20    15:04
21     9:12
22     9:23
23     9:48
24    10:02
25    10:17
26    10:36
27    11:22
28    11:51
29    12:15
30    12:01
31    12:38
32    12:59
33    13:20
34    13:38
35    10:03
36    11:01
37    12:02
38    14:07
39    15:36
40    16:40
41     9:50
42    13:15
Name: end, dtype: str","0    2026-08-10 09:48:00
1    2026-08-10 10:40:00
2    2026-08-10 12:41:00
3    2026-08-10 14:25:00
4    2026-08-10 15:04:00
5    2026-08-10 15:45:00
6    2026-08-11 08:58:00
7    2026-08-11 09:43:00
8    2026-08-11 10:42:00
9    2026-08-11 12:36:00
10   2026-08-11 13:50:00
11   2026-08-12 09:30:00
12   2026-08-12 10:20:00
13   2026-08-12 13:04:00
14   2026-08-12 13:57:00
15   2026-08-14 08:59:00
16   2026-08-14 09:50:00
17   2026-08-14 10:36:00
18   2026-08-14 13:00:00
19   2026-08-14 13:56:00
20   2026-08-14 14:33:00
21   2026-08-16 07:51:00
22   2026-08-16 08:11:00
23   2026-08-16 08:43:00
24   2026-08-16 09:05:00
25   2026-08-16 09:32:00
26   2026-08-16 09:57:00
27   2026-08-16 10:48:00
28   2026-08-16 11:12:00
29   2026-08-16 11:30:00
30   2026-08-15 08:30:00
31   2026-08-16 12:22:00
32   2026-08-16 12:39:00
33   2026-08-16 13:09:00
34   2026-08-16 13:38:00
35   2026-08-19 09:28:00
36   2026-08-19 10:25:00
37   2026-08-19 11:28:00
38   2026-08-19 13:35:00
39   2026-08-19 15:00:00
40   2026-08-19 16:05:00
41   2026-08-20 09:10:00
42   2026-08-20 12:36:00
Name: start_dt, dtype: datetime64[us]","0    2026-08-10 10:26:00
1    2026-08-10 11:20:00
2    2026-08-10 13:18:00
3    2026-08-10 14:58:00
4    2026-08-10 15:39:00
5    2026-08-10 16:19:00
6    2026-08-11 09:33:00
7    2026-08-11 10:16:00
8    2026-08-11 11:20:00
9    2026-08-11 13:13:00
10   2026-08-11 14:23:00
11   2026-08-12 10:05:00
12   2026-08-12 10:56:00
13   2026-08-12 13:38:00
14   2026-08-12 14:32:00
15   2026-08-14 09:33:00
16   2026-08-14 10:22:00
17   2026-08-14 11:07:00
18   2026-08-14 13:40:00
19   2026-08-14 14:30:00
20   2026-08-14 15:04:00
21   2026-08-16 09:12:00
22   2026-08-16 09:23:00
23   2026-08-16 09:48:00
24   2026-08-16 10:02:00
25   2026-08-16 10:17:00
26   2026-08-16 10:36:00
27   2026-08-16 11:22:00
28   2026-08-16 11:51:00
29   2026-08-16 12:15:00
30   2026-08-15 12:01:00
31   2026-08-16 12:38:00
32   2026-08-16 12:59:00
33   2026-08-16 13:20:00
34   2026-08-16 13:38:00
35   2026-08-19 10:03:00
36   2026-08-19 11:01:00
37   2026-08-19 12:02:00
38   2026-08-19 14:07:00
39   2026-08-19 15:36:00
40   2026-08-19 16:40:00
41   2026-08-20 09:50:00
42   2026-08-20 13:15:00
Name: end_dt, dtype: datetime64[us]","0    2026-08-10 09:48:00
1    2026-08-10 10:40:00
2    2026-08-10 12:41:00
3    2026-08-10 14:25:00
4    2026-08-10 15:04:00
5    2026-08-10 15:45:00
6    2026-08-11 08:58:00
7    2026-08-11 09:43:00
8    2026-08-11 10:42:00
9    2026-08-11 12:36:00
10   2026-08-11 13:50:00
11   2026-08-12 09:30:00
12   2026-08-12 10:20:00
13   2026-08-12 13:04:00
14   2026-08-12 13:57:00
15   2026-08-14 08:59:00
16   2026-08-14 09:50:00
17   2026-08-14 10:36:00
18   2026-08-14 13:00:00
19   2026-08-14 13:56:00
20   2026-08-14 14:33:00
21   2026-08-15 07:51:00
22   2026-08-15 08:11:00
23   2026-08-15 08:43:00
24   2026-08-15 09:05:00
25   2026-08-15 09:32:00
26   2026-08-15 09:57:00
27   2026-08-15 10:48:00
28   2026-08-15 11:12:00
29   2026-08-15 11:30:00
30   2026-08-14 08:30:00
31   2026-08-15 12:22:00
32   2026-08-15 12:39:00
33   2026-08-15 13:09:00
34   2026-08-15 13:38:00
35   2026-08-19 09:28:00
36   2026-08-19 10:25:00
37   2026-08-19 11:28:00
38   2026-08-19 13:35:00
39   2026-08-19 15:00:00
40   2026-08-19 16:05:00
41   2026-08-20 09:10:00
42   2026-08-20 12:36:00
Name: weather_start_dt, dtype: datetime64[us]","0     40.843717
1     40.842397
2      40.84012
3     40.843717
4     40.842397
5      40.84012
6     40.847096
7     40.848686
8     40.856927
9     40.847096
10    40.848686
11    40.847084
12    40.847671
13    40.847084
14    40.847671
15    40.800138
16    40.800251
17    40.799598
18    40.800138
19    40.799598
20    40.800251
21    40.847671
22    40.847084
23    40.848686
24    40.847096
25    40.843717
26    40.842397
27    40.799598
28    40.800138
29    40.800251
30     40.80056
31    40.802954
32    40.705028
33    40.810995
34    40.806633
35    40.802954
36    40.810995
37     40.80056
38    40.802954
39    40.810995
40     40.80056
41    40.806633
42    40.806633
Name: latitude, dtype: object","0    -73.880764
1    -73.877734
2    -73.879419
3    -73.880764
4    -73.877734
5    -73.879419
6    -73.882462
7    -73.885202
8    -73.884577
9    -73.882462
10   -73.885202
11   -73.894102
12   -73.895419
13   -73.894102
14   -73.895419
15   -73.942507
16   -73.943601
17   -73.940784
18   -73.942507
19   -73.940784
20   -73.943601
21   -73.895419
22   -73.894102
23   -73.885202
24   -73.882462
25   -73.880764
26   -73.877734
27   -73.940784
28   -73.942507
29   -73.943601
30   -73.955883
31   -73.953793
32   -73.917031
33   -73.950817
34   -73.947051
35   -73.953793
36   -73.950817
37   -73.955883
38   -73.953793
39   -73.950817
40   -73.955883
41   -73.947051
42   -73.947051
Name: longitude, dtype: object","0     72503
1     72503
2     72503
3     72503
4     72503
5     72503
6     72503
7     72503
8     72503
9     72503
10    72503
11    72503
12    72503
13    72503
14    72503
15    KNYC0
16    KNYC0
17    KNYC0
18    KNYC0
19    KNYC0
20    KNYC0
21    72503
22    72503
23    72503
24    72503
25    72503
26    72503
27    KNYC0
28    KNYC0
29    KNYC0
30    KNYC0
31    KNYC0
32    KJRB0
33    KNYC0
34    KNYC0
35    KNYC0
36    KNYC0
37    KNYC0
38    KNYC0
39    KNYC0
40    KNYC0
41    KNYC0
42    KNYC0
Name: station, dtype: object"
29.2,46.0,8.0,0.0,,,,,,,,,,,,
,,,,"0       Krystal
1         River
2          Drew
3       Krystal
4         River
5          Drew
6      Hornaday
7     Happiness
8           BLF
9      Hornaday
10    Happiness
11        Oasis
12        Batey
13        Oasis
14        Batey
15        Lydia
16     Peaceful
17        Gallo
18        Lydia
19        Gallo
20     Peaceful
21        Batey
22        Oasis
23    Happiness
24     Hornaday
25      Krystal
26        River
27        Gallo
28        Lydia
29     Peaceful
30          ELG
31        Luigi
32       Carrie
33      Clayton
34      West123
35        Luigi
36      Clayton
37          ELG
38        Luigi
39      Clayton
40          ELG
41      West123
42      West123
Name: site, dtype: str","0               2093 Vyse Ave, Bronx, NY
1             1086 E 180th St, Bronx, NY
2          1070 E Tremont Ave, Bronx, NY
3               2093 Vyse Ave, Bronx, NY
4             1086 E 180th St, Bronx, NY
5          1070 E Tremont Ave, Bronx, NY
6             851 Hornaday Pl, Bronx, NY
7        2160 Prospect Avenue, Bronx, NY
8            2485 Belmont Ave, Bronx, NY
9             851 Hornaday Pl, Bronx, NY
10       2160 Prospect Avenue, Bronx, NY
11        1981 Lafontaine Ave, Bronx, NY
12             504 E 178th St, Bronx, NY
13        1981 Lafontaine Ave, Bronx, NY
14             504 E 178th St, Bronx, NY
15           1665 Park Ave, New York, NY
16           52 E 117th St, New York, NY
17      1891 Lexington Ave, New York, NY
18           1665 Park Ave, New York, NY
19      1891 Lexington Ave, New York, NY
20           52 E 117th St, New York, NY
21             504 E 178th St, Bronx, NY
22        1981 Lafontaine Ave, Bronx, NY
23       2160 Prospect Avenue, Bronx, NY
24            851 Hornaday Pl, Bronx, NY
25              2093 Vyse Ave, Bronx, NY
26            1086 E 180th St, Bronx, NY
27      1891 Lexington Ave, New York, NY
28           1665 Park Ave, New York, NY
29           52 E 117th St, New York, NY
30          237 W 111th St, New York, NY
31          227 W 115th St, New York, NY
32    145 St. Nicholas Ave, New York, NY
33          303 W 126th St, New York, NY
34          116 W 123rd St, New York, NY
35          227 W 115th St, New York, NY
36          303 W 126th St, New York, NY
37          237 W 111th St, New York, NY
38          227 W 115th St, New York, NY
39          303 W 126th St, New York, NY
40          237 W 111th St, New York, NY
41          116 W 123rd St, New York, NY
42          116 W 123rd St, New York, NY
Name: address, dtype: str","0      net
1      net
2      net
3      net
4      net
5      net
6      net
7      net
8      net
9      net
10     net
11     net
12     net
13     net
14     net
15     net
16     net
17     net
18     net
19     net
20     net
21    bowl
22    bowl
23    bowl
24    bowl
25    bowl
26    bowl
27    bowl
28    bowl
29    bowl
30    bowl
31    bowl
32    bowl
33    bowl
34    bowl
35     net
36     net
37     net
38     net
39     net
40     net
41     net
42     net
Name: method, dtype: str","0     8/10/2026
1     8/10/2026
2     8/10/2026
3     8/10/2026
4     8/10/2026
5     8/10/2026
6     8/11/2026
7     8/11/2026
8     8/11/2026
9     8/11/2026
10    8/11/2026
11    8/12/2026
12    8/12/2026
13    8/12/2026
14    8/12/2026
15    8/14/2026
16    8/14/2026
17    8/14/2026
18    8/14/2026
19    8/14/2026
20    8/14/2026
21    8/16/2026
22    8/16/2026
23    8/16/2026
24    8/16/2026
25    8/16/2026
26    8/16/2026
27    8/16/2026
28    8/16/2026
29    8/16/2026
30    8/15/2026
31    8/16/2026
32    8/16/2026
33    8/16/2026
34    8/16/2026
35    8/19/2026
36    8/19/2026
37    8/19/2026
38    8/19/2026
39    8/19/2026
40    8/19/2026
41    8/20/2026
42    8/20/2026
Name: date, dtype: str","0      9:48
1     10:40
2     12:41
3     14:25
4     15:04
5     15:45
6      8:58
7      9:43
8     10:42
9     12:36
10    13:50
11     9:30
12    10:20
13    13:04
14    13:57
15     8:59
16     9:50
17    10:36
18    13:00
19    13:56
20    14:33
21     7:51
22     8:11
23     8:43
24     9:05
25     9:32
26     9:57
27    10:48
28    11:12
29    11:30
30     8:30
31    12:22
32    12:39
33    13:09
34    13:38
35     9:28
36    10:25
37    11:28
38    13:35
39    15:00
40    16:05
41     9:10
42    12:36
Name: start, dtype: str","0     10:26
1     11:20
2     13:18
3     14:58
4     15:39
5     16:19
6      9:33
7     10:16
8     11:20
9     13:13
10    14:23
11    10:05
12    10:56
13    13:38
14    14:32
15     9:33
16    10:22
17    11:07
18    13:40
19    14:30
20    15:04
21     9:12
22     9:23
23     9:48
24    10:02
25    10:17
26    10:36
27    11:22
28    11:51
29    12:15
30    12:01
31    12:38
32    12:59
33    13:20
34    13:38
35    10:03
36    11:01
37    12:02
38    14:07
39    15:36
40    16:40
41     9:50
42    13:15
Name: end, dtype: str","0    2026-08-10 09:48:00
1    2026-08-10 10:40:00
2    2026-08-10 12:41:00
3    2026-08-10 14:25:00
4    2026-08-10 15:04:00
5    2026-08-10 15:45:00
6    2026-08-11 08:58:00
7    2026-08-11 09:43:00
8    2026-08-11 10:42:00
9    2026-08-11 12:36:00
10   2026-08-11 13:50:00
11   2026-08-12 09:30:00
12   2026-08-12 10:20:00
13   2026-08-12 13:04:00
14   2026-08-12 13:57:00
15   2026-08-14 08:59:00
16   2026-08-14 09:50:00
17   2026-08-14 10:36:00
18   2026-08-14 13:00:00
19   2026-08-14 13:56:00
20   2026-08-14 14:33:00
21   2026-08-16 07:51:00
22   2026-08-16 08:11:00
23   2026-08-16 08:43:00
24   2026-08-16 09:05:00
25   2026-08-16 09:32:00
26   2026-08-16 09:57:00
27   2026-08-16 10:48:00
28   2026-08-16 11:12:00
29   2026-08-16 11:30:00
30   2026-08-15 08:30:00
31   2026-08-16 12:22:00
32   2026-08-16 12:39:00
33   2026-08-16 13:09:00
34   2026-08-16 13:38:00
35   2026-08-19 09:28:00
36   2026-08-19 10:25:00
37   2026-08-19 11:28:00
38   2026-08-19 13:35:00
39   2026-08-19 15:00:00
40   2026-08-19 16:05:00
41   2026-08-20 09:10:00
42   2026-08-20 12:36:00
Name: start_dt, dtype: datetime64[us]","0    2026-08-10 10:26:00
1    2026-08-10 11:20:00
2    2026-08-10 13:18:00
3    2026-08-10 14:58:00
4    2026-08-10 15:39:00
5    2026-08-10 16:19:00
6    2026-08-11 09:33:00
7    2026-08-11 10:16:00
8    2026-08-11 11:20:00
9    2026-08-11 13:13:00
10   2026-08-11 14:23:00
11   2026-08-12 10:05:00
12   2026-08-12 10:56:00
13   2026-08-12 13:38:00
14   2026-08-12 14:32:00
15   2026-08-14 09:33:00
16   2026-08-14 10:22:00
17   2026-08-14 11:07:00
18   2026-08-14 13:40:00
19   2026-08-14 14:30:00
20   2026-08-14 15:04:00
21   2026-08-16 09:12:00
22   2026-08-16 09:23:00
23   2026-08-16 09:48:00
24   2026-08-16 10:02:00
25   2026-08-16 10:17:00
26   2026-08-16 10:36:00
27   2026-08-16 11:22:00
28   2026-08-16 11:51:00
29   2026-08-16 12:15:00
30   2026-08-15 12:01:00
31   2026-08-16 12:38:00
32   2026-08-16 12:59:00
33   2026-08-16 13:20:00
34   2026-08-16 13:38:00
35   2026-08-19 10:03:00
36   2026-08-19 11:01:00
37   2026-08-19 12:02:00
38   2026-08-19 14:07:00
39   2026-08-19 15:36:00
40   2026-08-19 16:40:00
41   2026-08-20 09:50:00
42   2026-08-20 13:15:00
Name: end_dt, dtype: datetime64[us]","0    2026-08-10 09:48:00
1    2026-08-10 10:40:00
2    2026-08-10 12:41:00
3    2026-08-10 14:25:00
4    2026-08-10 15:04:00
5    2026-08-10 15:45:00
6    2026-08-11 08:58:00
7    2026-08-11 09:43:00
8    2026-08-11 10:42:00
9    2026-08-11 12:36:00
10   2026-08-11 13:50:00
11   2026-08-12 09:30:00
12   2026-08-12 10:20:00
13   2026-08-12 13:04:00
14   2026-08-12 13:57:00
15   2026-08-14 08:59:00
16   2026-08-14 09:50:00
17   2026-08-14 10:36:00
18   2026-08-14 13:00:00
19   2026-08-14 13:56:00
20   2026-08-14 14:33:00
21   2026-08-15 07:51:00
22   2026-08-15 08:11:00
23   2026-08-15 08:43:00
24   2026-08-15 09:05:00
25   2026-08-15 09:32:00
26   2026-08-15 09:57:00
27   2026-08-15 10:48:00
28   2026-08-15 11:12:00
29   2026-08-15 11:30:00
30   2026-08-14 08:30:00
31   2026-08-15 12:22:00
32   2026-08-15 12:39:00
33   2026-08-15 13:09:00
34   2026-08-15 13:38:00
35   2026-08-19 09:28:00
36   2026-08-19 10:25:00
37   2026-08-19 11:28:00
38   2026-08-19 13:35:00
39   2026-08-19 15:00:00
40   2026-08-19 16:05:00
41   2026-08-20 09:10:00
42   2026-08-20 12:36:00
Name: weather_start_dt, dtype: datetime64[us]","0     40.843717
1     40.842397
2      40.84012
3     40.843717
4     40.842397
5      40.84012
6     40.847096
7     40.848686
8     40.856927
9     40.847096
10    40.848686
11    40.847084
12    40.847671
13    40.847084
14    40.847671
15    40.800138
16    40.800251
17    40.799598
18    40.800138
19    40.799598
20    40.800251
21    40.847671
22    40.847084
23    40.848686
24    40.847096
25    40.843717
26    40.842397
27    40.799598
28    40.800138
29    40.800251
30     40.80056
31    40.802954
32    40.705028
33    40.810995
34    40.806633
35    40.802954
36    40.810995
37     40.80056
38    40.802954
39    40.810995
40     40.80056
41    40.806633
42    40.806633
Name: latitude, dtype: object","0    -73.880764
1    -73.877734
2    -73.879419
3    -73.880764
4    -73.877734
5    -73.879419
6    -73.882462
7    -73.885202
8    -73.884577
9    -73.882462
10   -73.885202
11   -73.894102
12   -73.895419
13   -73.894102
14   -73.895419
15   -73.942507
16   -73.943601
17   -73.940784
18   -73.942507
19   -73.940784
20   -73.943601
21   -73.895419
22   -73.894102
23   -73.885202
24   -73.882462
25   -73.880764
26   -73.877734
27   -73.940784
28   -73.942507
29   -73.943601
30   -73.955883
31   -73.953793
32   -73.917031
33   -73.950817
34   -73.947051
35   -73.953793
36   -73.950817
37   -73.955883
38   -73.953793
39   -73.950817
40   -73.955883
41   -73.947051
42   -73.947051
Name: longitude, dtype: object","0     72503
1     72503
2     72503
3     72503
4     72503
5     72503
6     72503
7     72503
8     72503
9     72503
10    72503
11    72503
12    72503
13    72503
14    72503
15    KNYC0
16    KNYC0
17    KNYC0
18    KNYC0
19    KNYC0
20    KNYC0
21    72503
22    72503
23    72503
24    72503
25    72503
26    72503
27    KNYC0
28    KNYC0
29    KNYC0
30    KNYC0
31    KNYC0
32    KJRB0
33    KNYC0
34    KNYC0
35    KNYC0
36    KNYC0
37    KNYC0
38    KNYC0
39    KNYC0
40    KNYC0
41    KNYC0
42    KNYC0
Name: station, dtype: object"
29.4,48.5,7.0,0.0,,,,,,,,,,,,
,,,,"0       Krystal
1         River
2          Drew
3       Krystal
4         River
5          Drew
6      Hornaday
7     Happiness
8           BLF
9      Hornaday
10    Happiness
11        Oasis
12        Batey
13        Oasis
14        Batey
15        Lydia
16     Peaceful
17        Gallo
18        Lydia
19        Gallo
20     Peaceful
21        Batey
22        Oasis
23    Happiness
24     Hornaday
25      Krystal
26        River
27        Gallo
28        Lydia
29     Peaceful
30          ELG
31        Luigi
32       Carrie
33      Clayton
34      West123
35        Luigi
36      Clayton
37          ELG
38        Luigi
39      Clayton
40          ELG
41      West123
42      West123
Name: site, dtype: str","0               2093 Vyse Ave, Bronx, NY
1             1086 E 180th St, Bronx, NY
2          1070 E Tremont Ave, Bronx, NY
3               2093 Vyse Ave, Bronx, NY
4             1086 E 180th St, Bronx, NY
5          1070 E Tremont Ave, Bronx, NY
6             851 Hornaday Pl, Bronx, NY
7        2160 Prospect Avenue, Bronx, NY
8            2485 Belmont Ave, Bronx, NY
9             851 Hornaday Pl, Bronx, NY
10       2160 Prospect Avenue, Bronx, NY
11        1981 Lafontaine Ave, Bronx, NY
12             504 E 178th St, Bronx, NY
13        1981 Lafontaine Ave, Bronx, NY
14             504 E 178th St, Bronx, NY
15           1665 Park Ave, New York, NY
16           52 E 117th St, New York, NY
17      1891 Lexington Ave, New York, NY
18           1665 Park Ave, New York, NY
19      1891 Lexington Ave, New York, NY
20           52 E 117th St, New York, NY
21             504 E 178th St, Bronx, NY
22        1981 Lafontaine Ave, Bronx, NY
23       2160 Prospect Avenue, Bronx, NY
24            851 Hornaday Pl, Bronx, NY
25              2093 Vyse Ave, Bronx, NY
26            1086 E 180th St, Bronx, NY
27      1891 Lexington Ave, New York, NY
28           1665 Park Ave, New York, NY
29           52 E 117th St, New York, NY
30          237 W 111th St, New York, NY
31          227 W 115th St, New York, NY
32    145 St. Nicholas Ave, New York, NY
33          303 W 126th St, New York, NY
34          116 W 123rd St, New York, NY
35          227 W 115th St, New York, NY
36          303 W 126th St, New York, NY
37          237 W 111th St, New York, NY
38          227 W 115th St, New York, NY
39          303 W 126th St, New York, NY
40          237 W 111th St, New York, NY
41          116 W 123rd St, New York, NY
42          116 W 123rd St, New York, NY
Name: address, dtype: str","0      net
1      net
2      net
3      net
4      net
5      net
6      net
7      net
8      net
9      net
10     net
11     net
12     net
13     net
14     net
15     net
16     net
17     net
18     net
19     net
20     net
21    bowl
22    bowl
23    bowl
24    bowl
25    bowl
26    bowl
27    bowl
28    bowl
29    bowl
30    bowl
31    bowl
32    bowl
33    bowl
34    bowl
35     net
36     net
37     net
38     net
39     net
40     net
41     net
42     net
Name: method, dtype: str","0     8/10/2026
1     8/10/2026
2     8/10/2026
3     8/10/2026
4     8/10/2026
5     8/10/2026
6     8/11/2026
7     8/11/2026
8     8/11/2026
9     8/11/2026
10    8/11/2026
11    8/12/2026
12    8/12/2026
13    8/12/2026
14    8/12/2026
15    8/14/2026
16    8/14/2026
17    8/14/2026
18    8/14/2026
19    8/14/2026
20    8/14/2026
21    8/16/2026
22    8/16/2026
23    8/16/2026
24    8/16/2026
25    8/16/2026
26    8/16/2026
27    8/16/2026
28    8/16/2026
29    8/16/2026
30    8/15/2026
31    8/16/2026
32    8/16/2026
33    8/16/2026
34    8/16/2026
35    8/19/2026
36    8/19/2026
37    8/19/2026
38    8/19/2026
39    8/19/2026
40    8/19/2026
41    8/20/2026
42    8/20/2026
Name: date, dtype: str","0      9:48
1     10:40
2     12:41
3     14:25
4     15:04
5     15:45
6      8:58
7      9:43
8     10:42
9     12:36
10    13:50
11     9:30
12    10:20
13    13:04
14    13:57
15     8:59
16     9:50
17    10:36
18    13:00
19    13:56
20    14:33
21     7:51
22     8:11
23     8:43
24     9:05
25     9:32
26     9:57
27    10:48
28    11:12
29    11:30
30     8:30
31    12:22
32    12:39
33    13:09
34    13:38
35     9:28
36    10:25
37    11:28
38    13:35
39    15:00
40    16:05
41     9:10
42    12:36
Name: start, dtype: str","0     10:26
1     11:20
2     13:18
3     14:58
4     15:39
5     16:19
6      9:33
7     10:16
8     11:20
9     13:13
10    14:23
11    10:05
12    10:56
13    13:38
14    14:32
15     9:33
16    10:22
17    11:07
18    13:40
19    14:30
20    15:04
21     9:12
22     9:23
23     9:48
24    10:02
25    10:17
26    10:36
27    11:22
28    11:51
29    12:15
30    12:01
31    12:38
32    12:59
33    13:20
34    13:38
35    10:03
36    11:01
37    12:02
38    14:07
39    15:36
40    16:40
41     9:50
42    13:15
Name: end, dtype: str","0    2026-08-10 09:48:00
1    2026-08-10 10:40:00
2    2026-08-10 12:41:00
3    2026-08-10 14:25:00
4    2026-08-10 15:04:00
5    2026-08-10 15:45:00
6    2026-08-11 08:58:00
7    2026-08-11 09:43:00
8    2026-08-11 10:42:00
9    2026-08-11 12:36:00
10   2026-08-11 13:50:00
11   2026-08-12 09:30:00
12   2026-08-12 10:20:00
13   2026-08-12 13:04:00
14   2026-08-12 13:57:00
15   2026-08-14 08:59:00
16   2026-08-14 09:50:00
17   2026-08-14 10:36:00
18   2026-08-14 13:00:00
19   2026-08-14 13:56:00
20   2026-08-14 14:33:00
21   2026-08-16 07:51:00
22   2026-08-16 08:11:00
23   2026-08-16 08:43:00
24   2026-08-16 09:05:00
25   2026-08-16 09:32:00
26   2026-08-16 09:57:00
27   2026-08-16 10:48:00
28   2026-08-16 11:12:00
29   2026-08-16 11:30:00
30   2026-08-15 08:30:00
31   2026-08-16 12:22:00
32   2026-08-16 12:39:00
33   2026-08-16 13:09:00
34   2026-08-16 13:38:00
35   2026-08-19 09:28:00
36   2026-08-19 10:25:00
37   2026-08-19 11:28:00
38   2026-08-19 13:35:00
39   2026-08-19 15:00:00
40   2026-08-19 16:05:00
41   2026-08-20 09:10:00
42   2026-08-20 12:36:00
Name: start_dt, dtype: datetime64[us]","0    2026-08-10 10:26:00
1    2026-08-10 11:20:00
2    2026-08-10 13:18:00
3    2026-08-10 14:58:00
4    2026-08-10 15:39:00
5    2026-08-10 16:19:00
6    2026-08-11 09:33:00
7    2026-08-11 10:16:00
8    2026-08-11 11:20:00
9    2026-08-11 13:13:00
10   2026-08-11 14:23:00
11   2026-08-12 10:05:00
12   2026-08-12 10:56:00
13   2026-08-12 13:38:00
14   2026-08-12 14:32:00
15   2026-08-14 09:33:00
16   2026-08-14 10:22:00
17   2026-08-14 11:07:00
18   2026-08-14 13:40:00
19   2026-08-14 14:30:00
20   2026-08-14 15:04:00
21   2026-08-16 09:12:00
22   2026-08-16 09:23:00
23   2026-08-16 09:48:00
24   2026-08-16 10:02:00
25   2026-08-16 10:17:00
26   2026-08-16 10:36:00
27   2026-08-16 11:22:00
28   2026-08-16 11:51:00
29   2026-08-16 12:15:00
30   2026-08-15 12:01:00
31   2026-08-16 12:38:00
32   2026-08-16 12:59:00
33   2026-08-16 13:20:00
34   2026-08-16 13:38:00
35   2026-08-19 10:03:00
36   2026-08-19 11:01:00
37   2026-08-19 12:02:00
38   2026-08-19 14:07:00
39   2026-08-19 15:36:00
40   2026-08-19 16:40:00
41   2026-08-20 09:50:00
42   2026-08-20 13:15:00
Name: end_dt, dtype: datetime64[us]","0    2026-08-10 09:48:00
1    2026-08-10 10:40:00
2    2026-08-10 12:41:00
3    2026-08-10 14:25:00
4    2026-08-10 15:04:00
5    2026-08-10 15:45:00
6    2026-08-11 08:58:00
7    2026-08-11 09:43:00
8    2026-08-11 10:42:00
9    2026-08-11 12:36:00
10   2026-08-11 13:50:00
11   2026-08-12 09:30:00
12   2026-08-12 10:20:00
13   2026-08-12 13:04:00
14   2026-08-12 13:57:00
15   2026-08-14 08:59:00
16   2026-08-14 09:50:00
17   2026-08-14 10:36:00
18   2026-08-14 13:00:00
19   2026-08-14 13:56:00
20   2026-08-14 14:33:00
21   2026-08-15 07:51:00
22   2026-08-15 08:11:00
23   2026-08-15 08:43:00
24   2026-08-15 09:05:00
25   2026-08-15 09:32:00
26   2026-08-15 09:57:00
27   2026-08-15 10:48:00
28   2026-08-15 11:12:00
29   2026-08-15 11:30:00
30   2026-08-14 08:30:00
31   2026-08-15 12:22:00
32   2026-08-15 12:39:00
33   2026-08-15 13:09:00
34   2026-08-15 13:38:00
35   2026-08-19 09:28:00
36   2026-08-19 10:25:00
37   2026-08-19 11:28:00
38   2026-08-19 13:35:00
39   2026-08-19 15:00:00
40   2026-08-19 16:05:00
41   2026-08-20 09:10:00
42   2026-08-20 12:36:00
Name: weather_start_dt, dtype: datetime64[us]","0     40.843717
1     40.842397
2      40.84012
3     40.843717
4     40.842397
5      40.84012
6     40.847096
7     40.848686
8     40.856927
9     40.847096
10    40.848686
11    40.847084
12    40.847671
13    40.847084
14    40.847671
15    40.800138
16    40.800251
17    40.799598
18    40.800138
19    40.799598
20    40.800251
21    40.847671
22    40.847084
23    40.848686
24    40.847096
25    40.843717
26    40.842397
27    40.799598
28    40.800138
29    40.800251
30     40.80056
31    40.802954
32    40.705028
33    40.810995
34    40.806633
35    40.802954
36    40.810995
37     40.80056
38    40.802954
39    40.810995
40     40.80056
41    40.806633
42    40.806633
Name: latitude, dtype: object","0    -73.880764
1    -73.877734
2    -73.879419
3    -73.880764
4    -73.877734
5    -73.879419
6    -73.882462
7    -73.885202
8    -73.884577
9    -73.882462
10   -73.885202
11   -73.894102
12   -73.895419
13   -73.894102
14   -73.895419
15   -73.942507
16   -73.943601
17   -73.940784
18   -73.942507
19   -73.940784
20   -73.943601
21   -73.895419
22   -73.894102
23   -73.885202
24   -73.882462
25   -73.880764
26   -73.877734
27   -73.940784
28   -73.942507
29   -73.943601
30   -73.955883
31   -73.953793
32   -73.917031
33   -73.950817
34   -73.947051
35   -73.953793
36   -73.950817
37   -73.955883
38   -73.953793
39   -73.950817
40   -73.955883
41   -73.947051
42   -73.947051
Name: longitude, dtype: object","0     72503
1     72503
2     72503
3     72503
4     72503
5     72503
6     72503
7     72503
8     72503
9     72503
10    72503
11    72503
12    72503
13    72503
14    72503
15    KNYC0
16    KNYC0
17    KNYC0
18    KNYC0
19    KNYC0
20    KNYC0
21    72503
22    72503
23    72503
24    72503
25    72503
26    72503
27    KNYC0
28    KNYC0
29    KNYC0
30    KNYC0
31    KNYC0
32    KJRB0
33    KNYC0
34    KNYC0
35    KNYC0
36    KNYC0
37    KNYC0
38    KNYC0
39    KNYC0
40    KNYC0
41    KNYC0
42    KNYC0
Name: station, dtype: object"
29.4,51.0,7.0,0.0,,,,,,,,,,,,
,,,,"0       Krystal
1         River
2          Drew
3       Krystal
4         River
5          Drew
6      Hornaday
7     Happiness
8           BLF
9      Hornaday
10    Happiness
11        Oasis
12        Batey
13        Oasis
14        Batey
15        Lydia
16     Peaceful
17        Gallo
18        Lydia
19        Gallo
20     Peaceful
21        Batey
22        Oasis
23    Happiness
24     Hornaday
25      Krystal
26        River
27        Gallo
28        Lydia
29     Peaceful
30          ELG
31        Luigi
32       Carrie
33      Clayton
34      West123
35        Luigi
36      Clayton
37          ELG
38        Luigi
39      Clayton
40          ELG
41      West123
42      West123
Name: site, dtype: str","0               2093 Vyse Ave, Bronx, NY
1             1086 E 180th St, Bronx, NY
2          1070 E Tremont Ave, Bronx, NY
3               2093 Vyse Ave, Bronx, NY
4             1086 E 180th St, Bronx, NY
5          1070 E Tremont Ave, Bronx, NY
6             851 Hornaday Pl, Bronx, NY
7        2160 Prospect Avenue, Bronx, NY
8            2485 Belmont Ave, Bronx, NY
9             851 Hornaday Pl, Bronx, NY
10       2160 Prospect Avenue, Bronx, NY
11        1981 Lafontaine Ave, Bronx, NY
12             504 E 178th St, Bronx, NY
13        1981 Lafontaine Ave, Bronx, NY
14             504 E 178th St, Bronx, NY
15           1665 Park Ave, New York, NY
16           52 E 117th St, New York, NY
17      1891 Lexington Ave, New York, NY
18           1665 Park Ave, New York, NY
19      1891 Lexington Ave, New York, NY
20           52 E 117th St, New York, NY
21             504 E 178th St, Bronx, NY
22        1981 Lafontaine Ave, Bronx, NY
23       2160 Prospect Avenue, Bronx, NY
24            851 Hornaday Pl, Bronx, NY
25              2093 Vyse Ave, Bronx, NY
26            1086 E 180th St, Bronx, NY
27      1891 Lexington Ave, New York, NY
28           1665 Park Ave, New York, NY
29           52 E 117th St, New York, NY
30          237 W 111th St, New York, NY
31          227 W 115th St, New York, NY
32    145 St. Nicholas Ave, New York, NY
33          303 W 126th St, New York, NY
34          116 W 123rd St, New York, NY
35          227 W 115th St, New York, NY
36          303 W 126th St, New York, NY
37          237 W 111th St, New York, NY
38          227 W 115th St, New York, NY
39          303 W 126th St, New York, NY
40          237 W 111th St, New York, NY
41          116 W 123rd St, New York, NY
42          116 W 123rd St, New York, NY
Name: address, dtype: str","0      net
1      net
2      net
3      net
4      net
5      net
6      net
7      net
8      net
9      net
10     net
11     net
12     net
13     net
14     net
15     net
16     net
17     net
18     net
19     net
20     net
21    bowl
22    bowl
23    bowl
24    bowl
25    bowl
26    bowl
27    bowl
28    bowl
29    bowl
30    bowl
31    bowl
32    bowl
33    bowl
34    bowl
35     net
36     net
37     net
38     net
39     net
40     net
41     net
42     net
Name: method, dtype: str","0     8/10/2026
1     8/10/2026
2     8/10/2026
3     8/10/2026
4     8/10/2026
5     8/10/2026
6     8/11/2026
7     8/11/2026
8     8/11/2026
9     8/11/2026
10    8/11/2026
11    8/12/2026
12    8/12/2026
13    8/12/2026
14    8/12/2026
15    8/14/2026
16    8/14/2026
17    8/14/2026
18    8/14/2026
19    8/14/2026
20    8/14/2026
21    8/16/2026
22    8/16/2026
23    8/16/2026
24    8/16/2026
25    8/16/2026
26    8/16/2026
27    8/16/2026
28    8/16/2026
29    8/16/2026
30    8/15/2026
31    8/16/2026
32    8/16/2026
33    8/16/2026
34    8/16/2026
35    8/19/2026
36    8/19/2026
37    8/19/2026
38    8/19/2026
39    8/19/2026
40    8/19/2026
41    8/20/2026
42    8/20/2026
Name: date, dtype: str","0      9:48
1     10:40
2     12:41
3     14:25
4     15:04
5     15:45
6      8:58
7      9:43
8     10:42
9     12:36
10    13:50
11     9:30
12    10:20
13    13:04
14    13:57
15     8:59
16     9:50
17    10:36
18    13:00
19    13:56
20    14:33
21     7:51
22     8:11
23     8:43
24     9:05
25     9:32
26     9:57
27    10:48
28    11:12
29    11:30
30     8:30
31    12:22
32    12:39
33    13:09
34    13:38
35     9:28
36    10:25
37    11:28
38    13:35
39    15:00
40    16:05
41     9:10
42    12:36
Name: start, dtype: str","0     10:26
1     11:20
2     13:18
3     14:58
4     15:39
5     16:19
6      9:33
7     10:16
8     11:20
9     13:13
10    14:23
11    10:05
12    10:56
13    13:38
14    14:32
15     9:33
16    10:22
17    11:07
18    13:40
19    14:30
20    15:04
21     9:12
22     9:23
23     9:48
24    10:02
25    10:17
26    10:36
27    11:22
28    11:51
29    12:15
30    12:01
31    12:38
32    12:59
33    13:20
34    13:38
35    10:03
36    11:01
37    12:02
38    14:07
39    15:36
40    16:40
41     9:50
42    13:15
Name: end, dtype: str","0    2026-08-10 09:48:00
1    2026-08-10 10:40:00
2    2026-08-10 12:41:00
3    2026-08-10 14:25:00
4    2026-08-10 15:04:00
5    2026-08-10 15:45:00
6    2026-08-11 08:58:00
7    2026-08-11 09:43:00
8    2026-08-11 10:42:00
9    2026-08-11 12:36:00
10   2026-08-11 13:50:00
11   2026-08-12 09:30:00
12   2026-08-12 10:20:00
13   2026-08-12 13:04:00
14   2026-08-12 13:57:00
15   2026-08-14 08:59:00
16   2026-08-14 09:50:00
17   2026-08-14 10:36:00
18   2026-08-14 13:00:00
19   2026-08-14 13:56:00
20   2026-08-14 14:33:00
21   2026-08-16 07:51:00
22   2026-08-16 08:11:00
23   2026-08-16 08:43:00
24   2026-08-16 09:05:00
25   2026-08-16 09:32:00
26   2026-08-16 09:57:00
27   2026-08-16 10:48:00
28   2026-08-16 11:12:00
29   2026-08-16 11:30:00
30   2026-08-15 08:30:00
31   2026-08-16 12:22:00
32   2026-08-16 12:39:00
33   2026-08-16 13:09:00
34   2026-08-16 13:38:00
35   2026-08-19 09:28:00
36   2026-08-19 10:25:00
37   2026-08-19 11:28:00
38   2026-08-19 13:35:00
39   2026-08-19 15:00:00
40   2026-08-19 16:05:00
41   2026-08-20 09:10:00
42   2026-08-20 12:36:00
Name: start_dt, dtype: datetime64[us]","0    2026-08-10 10:26:00
1    2026-08-10 11:20:00
2    2026-08-10 13:18:00
3    2026-08-10 14:58:00
4    2026-08-10 15:39:00
5    2026-08-10 16:19:00
6    2026-08-11 09:33:00
7    2026-08-11 10:16:00
8    2026-08-11 11:20:00
9    2026-08-11 13:13:00
10   2026-08-11 14:23:00
11   2026-08-12 10:05:00
12   2026-08-12 10:56:00
13   2026-08-12 13:38:00
14   2026-08-12 14:32:00
15   2026-08-14 09:33:00
16   2026-08-14 10:22:00
17   2026-08-14 11:07:00
18   2026-08-14 13:40:00
19   2026-08-14 14:30:00
20   2026-08-14 15:04:00
21   2026-08-16 09:12:00
22   2026-08-16 09:23:00
23   2026-08-16 09:48:00
24   2026-08-16 10:02:00
25   2026-08-16 10:17:00
26   2026-08-16 10:36:00
27   2026-08-16 11:22:00
28   2026-08-16 11:51:00
29   2026-08-16 12:15:00
30   2026-08-15 12:01:00
31   2026-08-16 12:38:00
32   2026-08-16 12:59:00
33   2026-08-16 13:20:00
34   2026-08-16 13:38:00
35   2026-08-19 10:03:00
36   2026-08-19 11:01:00
37   2026-08-19 12:02:00
38   2026-08-19 14:07:00
39   2026-08-19 15:36:00
40   2026-08-19 16:40:00
41   2026-08-20 09:50:00
42   2026-08-20 13:15:00
Name: end_dt, dtype: datetime64[us]","0    2026-08-10 09:48:00
1    2026-08-10 10:40:00
2    2026-08-10 12:41:00
3    2026-08-10 14:25:00
4    2026-08-10 15:04:00
5    2026-08-10 15:45:00
6    2026-08-11 08:58:00
7    2026-08-11 09:43:00
8    2026-08-11 10:42:00
9    2026-08-11 12:36:00
10   2026-08-11 13:50:00
11   2026-08-12 09:30:00
12   2026-08-12 10:20:00
13   2026-08-12 13:04:00
14   2026-08-12 13:57:00
15   2026-08-14 08:59:00
16   2026-08-14 09:50:00
17   2026-08-14 10:36:00
18   2026-08-14 13:00:00
19   2026-08-14 13:56:00
20   2026-08-14 14:33:00
21   2026-08-15 07:51:00
22   2026-08-15 08:11:00
23   2026-08-15 08:43:00
24   2026-08-15 09:05:00
25   2026-08-15 09:32:00
26   2026-08-15 09:57:00
27   2026-08-15 10:48:00
28   2026-08-15 11:12:00
29   2026-08-15 11:30:00
30   2026-08-14 08:30:00
31   2026-08-15 12:22:00
32   2026-08-15 12:39:00
33   2026-08-15 13:09:00
34   2026-08-15 13:38:00
35   2026-08-19 09:28:00
36   2026-08-19 10:25:00
37   2026-08-19 11:28:00
38   2026-08-19 13:35:00
39   2026-08-19 15:00:00
40   2026-08-19 16:05:00
41   2026-08-20 09:10:00
42   2026-08-20 12:36:00
Name: weather_start_dt, dtype: datetime64[us]","0     40.843717
1     40.842397
2      40.84012
3     40.843717
4     40.842397
5      40.84012
6     40.847096
7     40.848686
8     40.856927
9     40.847096
10    40.848686
11    40.847084
12    40.847671
13    40.847084
14    40.847671
15    40.800138
16    40.800251
17    40.799598
18    40.800138
19    40.799598
20    40.800251
21    40.847671
22    40.847084
23    40.848686
24    40.847096
25    40.843717
26    40.842397
27    40.799598
28    40.800138
29    40.800251
30     40.80056
31    40.802954
32    40.705028
33    40.810995
34    40.806633
35    40.802954
36    40.810995
37     40.80056
38    40.802954
39    40.810995
40     40.80056
41    40.806633
42    40.806633
Name: latitude, dtype: object","0    -73.880764
1    -73.877734
2    -73.879419
3    -73.880764
4    -73.877734
5    -73.879419
6    -73.882462
7    -73.885202
8    -73.884577
9    -73.882462
10   -73.885202
11   -73.894102
12   -73.895419
13   -73.894102
14   -73.895419
15   -73.942507
16   -73.943601
17   -73.940784
18   -73.942507
19   -73.940784
20   -73.943601
21   -73.895419
22   -73.894102
23   -73.885202
24   -73.882462
25   -73.880764
26   -73.877734
27   -73.940784
28   -73.942507
29   -73.943601
30   -73.955883
31   -73.953793
32   -73.917031
33   -73.950817
34   -73.947051
35   -73.953793
36   -73.950817
37   -73.955883
38   -73.953793
39   -73.950817
40   -73.955883
41   -73.947051
42   -73.947051
Name: longitude, dtype: object","0     72503
1     72503
2     72503
3     72503
4     72503
5     72503
6     72503
7     72503
8     72503
9     72503
10    72503
11    72503
12    72503
13    72503
14    72503
15    KNYC0
16    KNYC0
17    KNYC0
18    KNYC0
19    KNYC0
20    KNYC0
21    72503
22    72503
23    72503
24    72503
25    72503
26    72503
27    KNYC0
28    KNYC0
29    KNYC0
30    KNYC0
31    KNYC0
32    KJRB0
33    KNYC0
34    KNYC0
35    KNYC0
36    KNYC0
37    KNYC0
38    KNYC0
39    KNYC0
40    KNYC0
41    KNYC0
42    KNYC0
Name: station, dtype: object"
23.9,83.0,6.0,0.0,,,,,,,,,,,,
,,,,"0       Krystal
1         River
2          Drew
3       Krystal
4         River
5          Drew
6      Hornaday
7     Happiness
8           BLF
9      Hornaday
10    Happiness
11        Oasis
12        Batey
13        Oasis
14        Batey
15        Lydia
16     Peaceful
17        Gallo
18        Lydia
19        Gallo
20     Peaceful
21        Batey
22        Oasis
23    Happiness
24     Hornaday
25      Krystal
26        River
27        Gallo
28        Lydia
29     Peaceful
30          ELG
31        Luigi
32       Carrie
33      Clayton
34      West123
35        Luigi
36      Clayton
37          ELG
38        Luigi
39      Clayton
40          ELG
41      West123
42      West123
Name: site, dtype: str","0               2093 Vyse Ave, Bronx, NY
1             1086 E 180th St, Bronx, NY
2          1070 E Tremont Ave, Bronx, NY
3               2093 Vyse Ave, Bronx, NY
4             1086 E 180th St, Bronx, NY
5          1070 E Tremont Ave, Bronx, NY
6             851 Hornaday Pl, Bronx, NY
7        2160 Prospect Avenue, Bronx, NY
8            2485 Belmont Ave, Bronx, NY
9             851 Hornaday Pl, Bronx, NY
10       2160 Prospect Avenue, Bronx, NY
11        1981 Lafontaine Ave, Bronx, NY
12             504 E 178th St, Bronx, NY
13        1981 Lafontaine Ave, Bronx, NY
14             504 E 178th St, Bronx, NY
15           1665 Park Ave, New York, NY
16           52 E 117th St, New York, NY
17      1891 Lexington Ave, New York, NY
18           1665 Park Ave, New York, NY
19      1891 Lexington Ave, New York, NY
20           52 E 117th St, New York, NY
21             504 E 178th St, Bronx, NY
22        1981 Lafontaine Ave, Bronx, NY
23       2160 Prospect Avenue, Bronx, NY
24            851 Hornaday Pl, Bronx, NY
25              2093 Vyse Ave, Bronx, NY
26            1086 E 180th St, Bronx, NY
27      1891 Lexington Ave, New York, NY
28           1665 Park Ave, New York, NY
29           52 E 117th St, New York, NY
30          237 W 111th St, New York, NY
31          227 W 115th St, New York, NY
32    145 St. Nicholas Ave, New York, NY
33          303 W 126th St, New York, NY
34          116 W 123rd St, New York, NY
35          227 W 115th St, New York, NY
36          303 W 126th St, New York, NY
37          237 W 111th St, New York, NY
38          227 W 115th St, New York, NY
39          303 W 126th St, New York, NY
40          237 W 111th St, New York, NY
41          116 W 123rd St, New York, NY
42          116 W 123rd St, New York, NY
Name: address, dtype: str","0      net
1      net
2      net
3      net
4      net
5      net
6      net
7      net
8      net
9      net
10     net
11     net
12     net
13     net
14     net
15     net
16     net
17     net
18     net
19     net
20     net
21    bowl
22    bowl
23    bowl
24    bowl
25    bowl
26    bowl
27    bowl
28    bowl
29    bowl
30    bowl
31    bowl
32    bowl
33    bowl
34    bowl
35     net
36     net
37     net
38     net
39     net
40     net
41     net
42     net
Name: method, dtype: str","0     8/10/2026
1     8/10/2026
2     8/10/2026
3     8/10/2026
4     8/10/2026
5     8/10/2026
6     8/11/2026
7     8/11/2026
8     8/11/2026
9     8/11/2026
10    8/11/2026
11    8/12/2026
12    8/12/2026
13    8/12/2026
14    8/12/2026
15    8/14/2026
16    8/14/2026
17    8/14/2026
18    8/14/2026
19    8/14/2026
20    8/14/2026
21    8/16/2026
22    8/16/2026
23    8/16/2026
24    8/16/2026
25    8/16/2026
26    8/16/2026
27    8/16/2026
28    8/16/2026
29    8/16/2026
30    8/15/2026
31    8/16/2026
32    8/16/2026
33    8/16/2026
34    8/16/2026
35    8/19/2026
36    8/19/2026
37    8/19/2026
38    8/19/2026
39    8/19/2026
40    8/19/2026
41    8/20/2026
42    8/20/2026
Name: date, dtype: str","0      9:48
1     10:40
2     12:41
3     14:25
4     15:04
5     15:45
6      8:58
7      9:43
8     10:42
9     12:36
10    13:50
11     9:30
12    10:20
13    13:04
14    13:57
15     8:59
16     9:50
17    10:36
18    13:00
19    13:56
20    14:33
21     7:51
22     8:11
23     8:43
24     9:05
25     9:32
26     9:57
27    10:48
28    11:12
29    11:30
30     8:30
31    12:22
32    12:39
33    13:09
34    13:38
35     9:28
36    10:25
37    11:28
38    13:35
39    15:00
40    16:05
41     9:10
42    12:36
Name: start, dtype: str","0     10:26
1     11:20
2     13:18
3     14:58
4     15:39
5     16:19
6      9:33
7     10:16
8     11:20
9     13:13
10    14:23
11    10:05
12    10:56
13    13:38
14    14:32
15     9:33
16    10:22
17    11:07
18    13:40
19    14:30
20    15:04
21     9:12
22     9:23
23     9:48
24    10:02
25    10:17
26    10:36
27    11:22
28    11:51
29    12:15
30    12:01
31    12:38
32    12:59
33    13:20
34    13:38
35    10:03
36    11:01
37    12:02
38    14:07
39    15:36
40    16:40
41     9:50
42    13:15
Name: end, dtype: str","0    2026-08-10 09:48:00
1    2026-08-10 10:40:00
2    2026-08-10 12:41:00
3    2026-08-10 14:25:00
4    2026-08-10 15:04:00
5    2026-08-10 15:45:00
6    2026-08-11 08:58:00
7    2026-08-11 09:43:00
8    2026-08-11 10:42:00
9    2026-08-11 12:36:00
10   2026-08-11 13:50:00
11   2026-08-12 09:30:00
12   2026-08-12 10:20:00
13   2026-08-12 13:04:00
14   2026-08-12 13:57:00
15   2026-08-14 08:59:00
16   2026-08-14 09:50:00
17   2026-08-14 10:36:00
18   2026-08-14 13:00:00
19   2026-08-14 13:56:00
20   2026-08-14 14:33:00
21   2026-08-16 07:51:00
22   2026-08-16 08:11:00
23   2026-08-16 08:43:00
24   2026-08-16 09:05:00
25   2026-08-16 09:32:00
26   2026-08-16 09:57:00
27   2026-08-16 10:48:00
28   2026-08-16 11:12:00
29   2026-08-16 11:30:00
30   2026-08-15 08:30:00
31   2026-08-16 12:22:00
32   2026-08-16 12:39:00
33   2026-08-16 13:09:00
34   2026-08-16 13:38:00
35   2026-08-19 09:28:00
36   2026-08-19 10:25:00
37   2026-08-19 11:28:00
38   2026-08-19 13:35:00
39   2026-08-19 15:00:00
40   2026-08-19 16:05:00
41   2026-08-20 09:10:00
42   2026-08-20 12:36:00
Name: start_dt, dtype: datetime64[us]","0    2026-08-10 10:26:00
1    2026-08-10 11:20:00
2    2026-08-10 13:18:00
3    2026-08-10 14:58:00
4    2026-08-10 15:39:00
5    2026-08-10 16:19:00
6    2026-08-11 09:33:00
7    2026-08-11 10:16:00
8    2026-08-11 11:20:00
9    2026-08-11 13:13:00
10   2026-08-11 14:23:00
11   2026-08-12 10:05:00
12   2026-08-12 10:56:00
13   2026-08-12 13:38:00
14   2026-08-12 14:32:00
15   2026-08-14 09:33:00
16   2026-08-14 10:22:00
17   2026-08-14 11:07:00
18   2026-08-14 13:40:00
19   2026-08-14 14:30:00
20   2026-08-14 15:04:00
21   2026-08-16 09:12:00
22   2026-08-16 09:23:00
23   2026-08-16 09:48:00
24   2026-08-16 10:02:00
25   2026-08-16 10:17:00
26   2026-08-16 10:36:00
27   2026-08-16 11:22:00
28   2026-08-16 11:51:00
29   2026-08-16 12:15:00
30   2026-08-15 12:01:00
31   2026-08-16 12:38:00
32   2026-08-16 12:59:00
33   2026-08-16 13:20:00
34   2026-08-16 13:38:00
35   2026-08-19 10:03:00
36   2026-08-19 11:01:00
37   2026-08-19 12:02:00
38   2026-08-19 14:07:00
39   2026-08-19 15:36:00
40   2026-08-19 16:40:00
41   2026-08-20 09:50:00
42   2026-08-20 13:15:00
Name: end_dt, dtype: datetime64[us]","0    2026-08-10 09:48:00
1    2026-08-10 10:40:00
2    2026-08-10 12:41:00
3    2026-08-10 14:25:00
4    2026-08-10 15:04:00
5    2026-08-10 15:45:00
6    2026-08-11 08:58:00
7    2026-08-11 09:43:00
8    2026-08-11 10:42:00
9    2026-08-11 12:36:00
10   2026-08-11 13:50:00
11   2026-08-12 09:30:00
12   2026-08-12 10:20:00
13   2026-08-12 13:04:00
14   2026-08-12 13:57:00
15   2026-08-14 08:59:00
16   2026-08-14 09:50:00
17   2026-08-14 10:36:00
18   2026-08-14 13:00:00
19   2026-08-14 13:56:00
20   2026-08-14 14:33:00
21   2026-08-15 07:51:00
22   2026-08-15 08:11:00
23   2026-08-15 08:43:00
24   2026-08-15 09:05:00
25   2026-08-15 09:32:00
26   2026-08-15 09:57:00
27   2026-08-15 10:48:00
28   2026-08-15 11:12:00
29   2026-08-15 11:30:00
30   2026-08-14 08:30:00
31   2026-08-15 12:22:00
32   2026-08-15 12:39:00
33   2026-08-15 13:09:00
34   2026-08-15 13:38:00
35   2026-08-19 09:28:00
36   2026-08-19 10:25:00
37   2026-08-19 11:28:00
38   2026-08-19 13:35:00
39   2026-08-19 15:00:00
40   2026-08-19 16:05:00
41   2026-08-20 09:10:00
42   2026-08-20 12:36:00
Name: weather_start_dt, dtype: datetime64[us]","0     40.843717
1     40.842397
2      40.84012
3     40.843717
4     40.842397
5      40.84012
6     40.847096
7     40.848686
8     40.856927
9     40.847096
10    40.848686
11    40.847084
12    40.847671
13    40.847084
14    40.847671
15    40.800138
16    40.800251
17    40.799598
18    40.800138
19    40.799598
20    40.800251
21    40.847671
22    40.847084
23    40.848686
24    40.847096
25    40.843717
26    40.842397
27    40.799598
28    40.800138
29    40.800251
30     40.80056
31    40.802954
32    40.705028
33    40.810995
34    40.806633
35    40.802954
36    40.810995
37     40.80056
38    40.802954
39    40.810995
40     40.80056
41    40.806633
42    40.806633
Name: latitude, dtype: object","0    -73.880764
1    -73.877734
2    -73.879419
3    -73.880764
4    -73.877734
5    -73.879419
6    -73.882462
7    -73.885202
8    -73.884577
9    -73.882462
10   -73.885202
11   -73.894102
12   -73.895419
13   -73.894102
14   -73.895419
15   -73.942507
16   -73.943601
17   -73.940784
18   -73.942507
19   -73.940784
20   -73.943601
21   -73.895419
22   -73.894102
23   -73.885202
24   -73.882462
25   -73.880764
26   -73.877734
27   -73.940784
28   -73.942507
29   -73.943601
30   -73.955883
31   -73.953793
32   -73.917031
33   -73.950817
34   -73.947051
35   -73.953793
36   -73.950817
37   -73.955883
38   -73.953793
39   -73.950817
40   -73.955883
41   -73.947051
42   -73.947051
Name: longitude, dtype: object","0     72503
1     72503
2     72503
3     72503
4     72503
5     72503
6     72503
7     72503
8     72503
9     72503
10    72503
11    72503
12    72503
13    72503
14    72503
15    KNYC0
16    KNYC0
17    KNYC0
18    KNYC0
19    KNYC0
20    KNYC0
21    72503
22    72503
23    72503
24    72503
25    72503
26    72503
27    KNYC0
28    KNYC0
29    KNYC0
30    KNYC0
31    KNYC0
32    KJRB0
33    KNYC0
34    KNYC0
35    KNYC0
36    KNYC0
37    KNYC0
38    KNYC0
39    KNYC0
40    KNYC0
41    KNYC0
42    KNYC0
Name: station, dtype: object"
23.9,82.0,6.0,0.0,,,,,,,,,,,,
,,,,"0       Krystal
1         River
2          Drew
3       Krystal
4         River
5          Drew
6      Hornaday
7     Happiness
8           BLF
9      Hornaday
10    Happiness
11        Oasis
12        Batey
13        Oasis
14        Batey
15        Lydia
16     Peaceful
17        Gallo
18        Lydia
19        Gallo
20     Peaceful
21        Batey
22        Oasis
23    Happiness
24     Hornaday
25      Krystal
26        River
27        Gallo
28        Lydia
29     Peaceful
30          ELG
31        Luigi
32       Carrie
33      Clayton
34      West123
35        Luigi
36      Clayton
37          ELG
38        Luigi
39      Clayton
40          ELG
41      West123
42      West123
Name: site, dtype: str","0               2093 Vyse Ave, Bronx, NY
1             1086 E 180th St, Bronx, NY
2          1070 E Tremont Ave, Bronx, NY
3               2093 Vyse Ave, Bronx, NY
4             1086 E 180th St, Bronx, NY
5          1070 E Tremont Ave, Bronx, NY
6             851 Hornaday Pl, Bronx, NY
7        2160 Prospect Avenue, Bronx, NY
8            2485 Belmont Ave, Bronx, NY
9             851 Hornaday Pl, Bronx, NY
10       2160 Prospect Avenue, Bronx, NY
11        1981 Lafontaine Ave, Bronx, NY
12             504 E 178th St, Bronx, NY
13        1981 Lafontaine Ave, Bronx, NY
14             504 E 178th St, Bronx, NY
15           1665 Park Ave, New York, NY
16           52 E 117th St, New York, NY
17      1891 Lexington Ave, New York, NY
18           1665 Park Ave, New York, NY
19      1891 Lexington Ave, New York, NY
20           52 E 117th St, New York, NY
21             504 E 178th St, Bronx, NY
22        1981 Lafontaine Ave, Bronx, NY
23       2160 Prospect Avenue, Bronx, NY
24            851 Hornaday Pl, Bronx, NY
25              2093 Vyse Ave, Bronx, NY
26            1086 E 180th St, Bronx, NY
27      1891 Lexington Ave, New York, NY
28           1665 Park Ave, New York, NY
29           52 E 117th St, New York, NY
30          237 W 111th St, New York, NY
31          227 W 115th St, New York, NY
32    145 St. Nicholas Ave, New York, NY
33          303 W 126th St, New York, NY
34          116 W 123rd St, New York, NY
35          227 W 115th St, New York, NY
36          303 W 126th St, New York, NY
37          237 W 111th St, New York, NY
38          227 W 115th St, New York, NY
39          303 W 126th St, New York, NY
40          237 W 111th St, New York, NY
41          116 W 123rd St, New York, NY
42          116 W 123rd St, New York, NY
Name: address, dtype: str","0      net
1      net
2      net
3      net
4      net
5      net
6      net
7      net
8      net
9      net
10     net
11     net
12     net
13     net
14     net
15     net
16     net
17     net
18     net
19     net
20     net
21    bowl
22    bowl
23    bowl
24    bowl
25    bowl
26    bowl
27    bowl
28    bowl
29    bowl
30    bowl
31    bowl
32    bowl
33    bowl
34    bowl
35     net
36     net
37     net
38     net
39     net
40     net
41     net
42     net
Name: method, dtype: str","0     8/10/2026
1     8/10/2026
2     8/10/2026
3     8/10/2026
4     8/10/2026
5     8/10/2026
6     8/11/2026
7     8/11/2026
8     8/11/2026
9     8/11/2026
10    8/11/2026
11    8/12/2026
12    8/12/2026
13    8/12/2026
14    8/12/2026
15    8/14/2026
16    8/14/2026
17    8/14/2026
18    8/14/2026
19    8/14/2026
20    8/14/2026
21    8/16/2026
22    8/16/2026
23    8/16/2026
24    8/16/2026
25    8/16/2026
26    8/16/2026
27    8/16/2026
28    8/16/2026
29    8/16/2026
30    8/15/2026
31    8/16/2026
32    8/16/2026
33    8/16/2026
34    8/16/2026
35    8/19/2026
36    8/19/2026
37    8/19/2026
38    8/19/2026
39    8/19/2026
40    8/19/2026
41    8/20/2026
42    8/20/2026
Name: date, dtype: str","0      9:48
1     10:40
2     12:41
3     14:25
4     15:04
5     15:45
6      8:58
7      9:43
8     10:42
9     12:36
10    13:50
11     9:30
12    10:20
13    13:04
14    13:57
15     8:59
16     9:50
17    10:36
18    13:00
19    13:56
20    14:33
21     7:51
22     8:11
23     8:43
24     9:05
25     9:32
26     9:57
27    10:48
28    11:12
29    11:30
30     8:30
31    12:22
32    12:39
33    13:09
34    13:38
35     9:28
36    10:25
37    11:28
38    13:35
39    15:00
40    16:05
41     9:10
42    12:36
Name: start, dtype: str","0     10:26
1     11:20
2     13:18
3     14:58
4     15:39
5     16:19
6      9:33
7     10:16
8     11:20
9     13:13
10    14:23
11    10:05
12    10:56
13    13:38
14    14:32
15     9:33
16    10:22
17    11:07
18    13:40
19    14:30
20    15:04
21     9:12
22     9:23
23     9:48
24    10:02
25    10:17
26    10:36
27    11:22
28    11:51
29    12:15
30    12:01
31    12:38
32    12:59
33    13:20
34    13:38
35    10:03
36    11:01
37    12:02
38    14:07
39    15:36
40    16:40
41     9:50
42    13:15
Name: end, dtype: str","0    2026-08-10 09:48:00
1    2026-08-10 10:40:00
2    2026-08-10 12:41:00
3    2026-08-10 14:25:00
4    2026-08-10 15:04:00
5    2026-08-10 15:45:00
6    2026-08-11 08:58:00
7    2026-08-11 09:43:00
8    2026-08-11 10:42:00
9    2026-08-11 12:36:00
10   2026-08-11 13:50:00
11   2026-08-12 09:30:00
12   2026-08-12 10:20:00
13   2026-08-12 13:04:00
14   2026-08-12 13:57:00
15   2026-08-14 08:59:00
16   2026-08-14 09:50:00
17   2026-08-14 10:36:00
18   2026-08-14 13:00:00
19   2026-08-14 13:56:00
20   2026-08-14 14:33:00
21   2026-08-16 07:51:00
22   2026-08-16 08:11:00
23   2026-08-16 08:43:00
24   2026-08-16 09:05:00
25   2026-08-16 09:32:00
26   2026-08-16 09:57:00
27   2026-08-16 10:48:00
28   2026-08-16 11:12:00
29   2026-08-16 11:30:00
30   2026-08-15 08:30:00
31   2026-08-16 12:22:00
32   2026-08-16 12:39:00
33   2026-08-16 13:09:00
34   2026-08-16 13:38:00
35   2026-08-19 09:28:00
36   2026-08-19 10:25:00
37   2026-08-19 11:28:00
38   2026-08-19 13:35:00
39   2026-08-19 15:00:00
40   2026-08-19 16:05:00
41   2026-08-20 09:10:00
42   2026-08-20 12:36:00
Name: start_dt, dtype: datetime64[us]","0    2026-08-10 10:26:00
1    2026-08-10 11:20:00
2    2026-08-10 13:18:00
3    2026-08-10 14:58:00
4    2026-08-10 15:39:00
5    2026-08-10 16:19:00
6    2026-08-11 09:33:00
7    2026-08-11 10:16:00
8    2026-08-11 11:20:00
9    2026-08-11 13:13:00
10   2026-08-11 14:23:00
11   2026-08-12 10:05:00
12   2026-08-12 10:56:00
13   2026-08-12 13:38:00
14   2026-08-12 14:32:00
15   2026-08-14 09:33:00
16   2026-08-14 10:22:00
17   2026-08-14 11:07:00
18   2026-08-14 13:40:00
19   2026-08-14 14:30:00
20   2026-08-14 15:04:00
21   2026-08-16 09:12:00
22   2026-08-16 09:23:00
23   2026-08-16 09:48:00
24   2026-08-16 10:02:00
25   2026-08-16 10:17:00
26   2026-08-16 10:36:00
27   2026-08-16 11:22:00
28   2026-08-16 11:51:00
29   2026-08-16 12:15:00
30   2026-08-15 12:01:00
31   2026-08-16 12:38:00
32   2026-08-16 12:59:00
33   2026-08-16 13:20:00
34   2026-08-16 13:38:00
35   2026-08-19 10:03:00
36   2026-08-19 11:01:00
37   2026-08-19 12:02:00
38   2026-08-19 14:07:00
39   2026-08-19 15:36:00
40   2026-08-19 16:40:00
41   2026-08-20 09:50:00
42   2026-08-20 13:15:00
Name: end_dt, dtype: datetime64[us]","0    2026-08-10 09:48:00
1    2026-08-10 10:40:00
2    2026-08-10 12:41:00
3    2026-08-10 14:25:00
4    2026-08-10 15:04:00
5    2026-08-10 15:45:00
6    2026-08-11 08:58:00
7    2026-08-11 09:43:00
8    2026-08-11 10:42:00
9    2026-08-11 12:36:00
10   2026-08-11 13:50:00
11   2026-08-12 09:30:00
12   2026-08-12 10:20:00
13   2026-08-12 13:04:00
14   2026-08-12 13:57:00
15   2026-08-14 08:59:00
16   2026-08-14 09:50:00
17   2026-08-14 10:36:00
18   2026-08-14 13:00:00
19   2026-08-14 13:56:00
20   2026-08-14 14:33:00
21   2026-08-15 07:51:00
22   2026-08-15 08:11:00
23   2026-08-15 08:43:00
24   2026-08-15 09:05:00
25   2026-08-15 09:32:00
26   2026-08-15 09:57:00
27   2026-08-15 10:48:00
28   2026-08-15 11:12:00
29   2026-08-15 11:30:00
30   2026-08-14 08:30:00
31   2026-08-15 12:22:00
32   2026-08-15 12:39:00
33   2026-08-15 13:09:00
34   2026-08-15 13:38:00
35   2026-08-19 09:28:00
36   2026-08-19 10:25:00
37   2026-08-19 11:28:00
38   2026-08-19 13:35:00
39   2026-08-19 15:00:00
40   2026-08-19 16:05:00
41   2026-08-20 09:10:00
42   2026-08-20 12:36:00
Name: weather_start_dt, dtype: datetime64[us]","0     40.843717
1     40.842397
2      40.84012
3     40.843717
4     40.842397
5      40.84012
6     40.847096
7     40.848686
8     40.856927
9     40.847096
10    40.848686
11    40.847084
12    40.847671
13    40.847084
14    40.847671
15    40.800138
16    40.800251
17    40.799598
18    40.800138
19    40.799598
20    40.800251
21    40.847671
22    40.847084
23    40.848686
24    40.847096
25    40.843717
26    40.842397
27    40.799598
28    40.800138
29    40.800251
30     40.80056
31    40.802954
32    40.705028
33    40.810995
34    40.806633
35    40.802954
36    40.810995
37     40.80056
38    40.802954
39    40.810995
40     40.80056
41    40.806633
42    40.806633
Name: latitude, dtype: object","0    -73.880764
1    -73.877734
2    -73.879419
3    -73.880764
4    -73.877734
5    -73.879419
6    -73.882462
7    -73.885202
8    -73.884577
9    -73.882462
10   -73.885202
11   -73.894102
12   -73.895419
13   -73.894102
14   -73.895419
15   -73.942507
16   -73.943601
17   -73.940784
18   -73.942507
19   -73.940784
20   -73.943601
21   -73.895419
22   -73.894102
23   -73.885202
24   -73.882462
25   -73.880764
26   -73.877734
27   -73.940784
28   -73.942507
29   -73.943601
30   -73.955883
31   -73.953793
32   -73.917031
33   -73.950817
34   -73.947051
35   -73.953793
36   -73.950817
37   -73.955883
38   -73.953793
39   -73.950817
40   -73.955883
41   -73.947051
42   -73.947051
Name: longitude, dtype: object","0     72503
1     72503
2     72503
3     72503
4     72503
5     72503
6     72503
7     72503
8     72503
9     72503
10    72503
11    72503
12    72503
13    72503
14    72503
15    KNYC0
16    KNYC0
17    KNYC0
18    KNYC0
19    KNYC0
20    KNYC0
21    72503
22    72503
23    72503
24    72503
25    72503
26    72503
27    KNYC0
28    KNYC0
29    KNYC0
30    KNYC0
31    KNYC0
32    KJRB0
33    KNYC0
34    KNYC0
35    KNYC0
36    KNYC0
37    KNYC0
38    KNYC0
39    KNYC0
40    KNYC0
41    KNYC0
42    KNYC0
Name: station, dtype: object"
24.4,79.0,7.0,0.0,,,,,,,,,,,,
,,,,"0       Krystal
1         River
2          Drew
3       Krystal
4         River
5          Drew
6      Hornaday
7     Happiness
8           BLF
9      Hornaday
10    Happiness
11        Oasis
12        Batey
13        Oasis
14        Batey
15        Lydia
16     Peaceful
17        Gallo
18        Lydia
19        Gallo
20     Peaceful
21        Batey
22        Oasis
23    Happiness
24     Hornaday
25      Krystal
26        River
27        Gallo
28        Lydia
29     Peaceful
30          ELG
31        Luigi
32       Carrie
33      Clayton
34      West123
35        Luigi
36      Clayton
37          ELG
38        Luigi
39      Clayton
40          ELG
41      West123
42      West123
Name: site, dtype: str","0               2093 Vyse Ave, Bronx, NY
1             1086 E 180th St, Bronx, NY
2          1070 E Tremont Ave, Bronx, NY
3               2093 Vyse Ave, Bronx, NY
4             1086 E 180th St, Bronx, NY
5          1070 E Tremont Ave, Bronx, NY
6             851 Hornaday Pl, Bronx, NY
7        2160 Prospect Avenue, Bronx, NY
8            2485 Belmont Ave, Bronx, NY
9             851 Hornaday Pl, Bronx, NY
10       2160 Prospect Avenue, Bronx, NY
11        1981 Lafontaine Ave, Bronx, NY
12             504 E 178th St, Bronx, NY
13        1981 Lafontaine Ave, Bronx, NY
14             504 E 178th St, Bronx, NY
15           1665 Park Ave, New York, NY
16           52 E 117th St, New York, NY
17      1891 Lexington Ave, New York, NY
18           1665 Park Ave, New York, NY
19      1891 Lexington Ave, New York, NY
20           52 E 117th St, New York, NY
21             504 E 178th St, Bronx, NY
22        1981 Lafontaine Ave, Bronx, NY
23       2160 Prospect Avenue, Bronx, NY
24            851 Hornaday Pl, Bronx, NY
25              2093 Vyse Ave, Bronx, NY
26            1086 E 180th St, Bronx, NY
27      1891 Lexington Ave, New York, NY
28           1665 Park Ave, New York, NY
29           52 E 117th St, New York, NY
30          237 W 111th St, New York, NY
31          227 W 115th St, New York, NY
32    145 St. Nicholas Ave, New York, NY
33          303 W 126th St, New York, NY
34          116 W 123rd St, New York, NY
35          227 W 115th St, New York, NY
36          303 W 126th St, New York, NY
37          237 W 111th St, New York, NY
38          227 W 115th St, New York, NY
39          303 W 126th St, New York, NY
40          237 W 111th St, New York, NY
41          116 W 123rd St, New York, NY
42          116 W 123rd St, New York, NY
Name: address, dtype: str","0      net
1      net
2      net
3      net
4      net
5      net
6      net
7      net
8      net
9      net
10     net
11     net
12     net
13     net
14     net
15     net
16     net
17     net
18     net
19     net
20     net
21    bowl
22    bowl
23    bowl
24    bowl
25    bowl
26    bowl
27    bowl
28    bowl
29    bowl
30    bowl
31    bowl
32    bowl
33    bowl
34    bowl
35     net
36     net
37     net
38     net
39     net
40     net
41     net
42     net
Name: method, dtype: str","0     8/10/2026
1     8/10/2026
2     8/10/2026
3     8/10/2026
4     8/10/2026
5     8/10/2026
6     8/11/2026
7     8/11/2026
8     8/11/2026
9     8/11/2026
10    8/11/2026
11    8/12/2026
12    8/12/2026
13    8/12/2026
14    8/12/2026
15    8/14/2026
16    8/14/2026
17    8/14/2026
18    8/14/2026
19    8/14/2026
20    8/14/2026
21    8/16/2026
22    8/16/2026
23    8/16/2026
24    8/16/2026
25    8/16/2026
26    8/16/2026
27    8/16/2026
28    8/16/2026
29    8/16/2026
30    8/15/2026
31    8/16/2026
32    8/16/2026
33    8/16/2026
34    8/16/2026
35    8/19/2026
36    8/19/2026
37    8/19/2026
38    8/19/2026
39    8/19/2026
40    8/19/2026
41    8/20/2026
42    8/20/2026
Name: date, dtype: str","0      9:48
1     10:40
2     12:41
3     14:25
4     15:04
5     15:45
6      8:58
7      9:43
8     10:42
9     12:36
10    13:50
11     9:30
12    10:20
13    13:04
14    13:57
15     8:59
16     9:50
17    10:36
18    13:00
19    13:56
20    14:33
21     7:51
22     8:11
23     8:43
24     9:05
25     9:32
26     9:57
27    10:48
28    11:12
29    11:30
30     8:30
31    12:22
32    12:39
33    13:09
34    13:38
35     9:28
36    10:25
37    11:28
38    13:35
39    15:00
40    16:05
41     9:10
42    12:36
Name: start, dtype: str","0     10:26
1     11:20
2     13:18
3     14:58
4     15:39
5     16:19
6      9:33
7     10:16
8     11:20
9     13:13
10    14:23
11    10:05
12    10:56
13    13:38
14    14:32
15     9:33
16    10:22
17    11:07
18    13:40
19    14:30
20    15:04
21     9:12
22     9:23
23     9:48
24    10:02
25    10:17
26    10:36
27    11:22
28    11:51
29    12:15
30    12:01
31    12:38
32    12:59
33    13:20
34    13:38
35    10:03
36    11:01
37    12:02
38    14:07
39    15:36
40    16:40
41     9:50
42    13:15
Name: end, dtype: str","0    2026-08-10 09:48:00
1    2026-08-10 10:40:00
2    2026-08-10 12:41:00
3    2026-08-10 14:25:00
4    2026-08-10 15:04:00
5    2026-08-10 15:45:00
6    2026-08-11 08:58:00
7    2026-08-11 09:43:00
8    2026-08-11 10:42:00
9    2026-08-11 12:36:00
10   2026-08-11 13:50:00
11   2026-08-12 09:30:00
12   2026-08-12 10:20:00
13   2026-08-12 13:04:00
14   2026-08-12 13:57:00
15   2026-08-14 08:59:00
16   2026-08-14 09:50:00
17   2026-08-14 10:36:00
18   2026-08-14 13:00:00
19   2026-08-14 13:56:00
20   2026-08-14 14:33:00
21   2026-08-16 07:51:00
22   2026-08-16 08:11:00
23   2026-08-16 08:43:00
24   2026-08-16 09:05:00
25   2026-08-16 09:32:00
26   2026-08-16 09:57:00
27   2026-08-16 10:48:00
28   2026-08-16 11:12:00
29   2026-08-16 11:30:00
30   2026-08-15 08:30:00
31   2026-08-16 12:22:00
32   2026-08-16 12:39:00
33   2026-08-16 13:09:00
34   2026-08-16 13:38:00
35   2026-08-19 09:28:00
36   2026-08-19 10:25:00
37   2026-08-19 11:28:00
38   2026-08-19 13:35:00
39   2026-08-19 15:00:00
40   2026-08-19 16:05:00
41   2026-08-20 09:10:00
42   2026-08-20 12:36:00
Name: start_dt, dtype: datetime64[us]","0    2026-08-10 10:26:00
1    2026-08-10 11:20:00
2    2026-08-10 13:18:00
3    2026-08-10 14:58:00
4    2026-08-10 15:39:00
5    2026-08-10 16:19:00
6    2026-08-11 09:33:00
7    2026-08-11 10:16:00
8    2026-08-11 11:20:00
9    2026-08-11 13:13:00
10   2026-08-11 14:23:00
11   2026-08-12 10:05:00
12   2026-08-12 10:56:00
13   2026-08-12 13:38:00
14   2026-08-12 14:32:00
15   2026-08-14 09:33:00
16   2026-08-14 10:22:00
17   2026-08-14 11:07:00
18   2026-08-14 13:40:00
19   2026-08-14 14:30:00
20   2026-08-14 15:04:00
21   2026-08-16 09:12:00
22   2026-08-16 09:23:00
23   2026-08-16 09:48:00
24   2026-08-16 10:02:00
25   2026-08-16 10:17:00
26   2026-08-16 10:36:00
27   2026-08-16 11:22:00
28   2026-08-16 11:51:00
29   2026-08-16 12:15:00
30   2026-08-15 12:01:00
31   2026-08-16 12:38:00
32   2026-08-16 12:59:00
33   2026-08-16 13:20:00
34   2026-08-16 13:38:00
35   2026-08-19 10:03:00
36   2026-08-19 11:01:00
37   2026-08-19 12:02:00
38   2026-08-19 14:07:00
39   2026-08-19 15:36:00
40   2026-08-19 16:40:00
41   2026-08-20 09:50:00
42   2026-08-20 13:15:00
Name: end_dt, dtype: datetime64[us]","0    2026-08-10 09:48:00
1    2026-08-10 10:40:00
2    2026-08-10 12:41:00
3    2026-08-10 14:25:00
4    2026-08-10 15:04:00
5    2026-08-10 15:45:00
6    2026-08-11 08:58:00
7    2026-08-11 09:43:00
8    2026-08-11 10:42:00
9    2026-08-11 12:36:00
10   2026-08-11 13:50:00
11   2026-08-12 09:30:00
12   2026-08-12 10:20:00
13   2026-08-12 13:04:00
14   2026-08-12 13:57:00
15   2026-08-14 08:59:00
16   2026-08-14 09:50:00
17   2026-08-14 10:36:00
18   2026-08-14 13:00:00
19   2026-08-14 13:56:00
20   2026-08-14 14:33:00
21   2026-08-15 07:51:00
22   2026-08-15 08:11:00
23   2026-08-15 08:43:00
24   2026-08-15 09:05:00
25   2026-08-15 09:32:00
26   2026-08-15 09:57:00
27   2026-08-15 10:48:00
28   2026-08-15 11:12:00
29   2026-08-15 11:30:00
30   2026-08-14 08:30:00
31   2026-08-15 12:22:00
32   2026-08-15 12:39:00
33   2026-08-15 13:09:00
34   2026-08-15 13:38:00
35   2026-08-19 09:28:00
36   2026-08-19 10:25:00
37   2026-08-19 11:28:00
38   2026-08-19 13:35:00
39   2026-08-19 15:00:00
40   2026-08-19 16:05:00
41   2026-08-20 09:10:00
42   2026-08-20 12:36:00
Name: weather_start_dt, dtype: datetime64[us]","0     40.843717
1     40.842397
2      40.84012
3     40.843717
4     40.842397
5      40.84012
6     40.847096
7     40.848686
8     40.856927
9     40.847096
10    40.848686
11    40.847084
12    40.847671
13    40.847084
14    40.847671
15    40.800138
16    40.800251
17    40.799598
18    40.800138
19    40.799598
20    40.800251
21    40.847671
22    40.847084
23    40.848686
24    40.847096
25    40.843717
26    40.842397
27    40.799598
28    40.800138
29    40.800251
30     40.80056
31    40.802954
32    40.705028
33    40.810995
34    40.806633
35    40.802954
36    40.810995
37     40.80056
38    40.802954
39    40.810995
40     40.80056
41    40.806633
42    40.806633
Name: latitude, dtype: object","0    -73.880764
1    -73.877734
2    -73.879419
3    -73.880764
4    -73.877734
5    -73.879419
6    -73.882462
7    -73.885202
8    -73.884577
9    -73.882462
10   -73.885202
11   -73.894102
12   -73.895419
13   -73.894102
14   -73.895419
15   -73.942507
16   -73.943601
17   -73.940784
18   -73.942507
19   -73.940784
20   -73.943601
21   -73.895419
22   -73.894102
23   -73.885202
24   -73.882462
25   -73.880764
26   -73.877734
27   -73.940784
28   -73.942507
29   -73.943601
30   -73.955883
31   -73.953793
32   -73.917031
33   -73.950817
34   -73.947051
35   -73.953793
36   -73.950817
37   -73.955883
38   -73.953793
39   -73.950817
40   -73.955883
41   -73.947051
42   -73.947051
Name: longitude, dtype: object","0     72503
1     72503
2     72503
3     72503
4     72503
5     72503
6     72503
7     72503
8     72503
9     72503
10    72503
11    72503
12    72503
13    72503
14    72503
15    KNYC0
16    KNYC0
17    KNYC0
18    KNYC0
19    KNYC0
20    KNYC0
21    72503
22    72503
23    72503
24    72503
25    72503
26    72503
27    KNYC0
28    KNYC0
29    KNYC0
30    KNYC0
31    KNYC0
32    KJRB0
33    KNYC0
34    KNYC0
35    KNYC0
36    KNYC0
37    KNYC0
38    KNYC0
39    KNYC0
40    KNYC0
41    KNYC0
42    KNYC0
Name: station, dtype: object"
26.1,69.0,11.0,0.0,,,,,,,,,,,,
,,,,"0       Krystal
1         River
2          Drew
3       Krystal
4         River
5          Drew
6      Hornaday
7     Happiness
8           BLF
9      Hornaday
10    Happiness
11        Oasis
12        Batey
13        Oasis
14        Batey
15        Lydia
16     Peaceful
17        Gallo
18        Lydia
19        Gallo
20     Peaceful
21        Batey
22        Oasis
23    Happiness
24     Hornaday
25      Krystal
26        River
27        Gallo
28        Lydia
29     Peaceful
30          ELG
31        Luigi
32       Carrie
33      Clayton
34      West123
35        Luigi
36      Clayton
37          ELG
38        Luigi
39      Clayton
40          ELG
41      West123
42      West123
Name: site, dtype: str","0               2093 Vyse Ave, Bronx, NY
1             1086 E 180th St, Bronx, NY
2          1070 E Tremont Ave, Bronx, NY
3               2093 Vyse Ave, Bronx, NY
4             1086 E 180th St, Bronx, NY
5          1070 E Tremont Ave, Bronx, NY
6             851 Hornaday Pl, Bronx, NY
7        2160 Prospect Avenue, Bronx, NY
8            2485 Belmont Ave, Bronx, NY
9             851 Hornaday Pl, Bronx, NY
10       2160 Prospect Avenue, Bronx, NY
11        1981 Lafontaine Ave, Bronx, NY
12             504 E 178th St, Bronx, NY
13        1981 Lafontaine Ave, Bronx, NY
14             504 E 178th St, Bronx, NY
15           1665 Park Ave, New York, NY
16           52 E 117th St, New York, NY
17      1891 Lexington Ave, New York, NY
18           1665 Park Ave, New York, NY
19      1891 Lexington Ave, New York, NY
20           52 E 117th St, New York, NY
21             504 E 178th St, Bronx, NY
22        1981 Lafontaine Ave, Bronx, NY
23       2160 Prospect Avenue, Bronx, NY
24            851 Hornaday Pl, Bronx, NY
25              2093 Vyse Ave, Bronx, NY
26            1086 E 180th St, Bronx, NY
27      1891 Lexington Ave, New York, NY
28           1665 Park Ave, New York, NY
29           52 E 117th St, New York, NY
30          237 W 111th St, New York, NY
31          227 W 115th St, New York, NY
32    145 St. Nicholas Ave, New York, NY
33          303 W 126th St, New York, NY
34          116 W 123rd St, New York, NY
35          227 W 115th St, New York, NY
36          303 W 126th St, New York, NY
37          237 W 111th St, New York, NY
38          227 W 115th St, New York, NY
39          303 W 126th St, New York, NY
40          237 W 111th St, New York, NY
41          116 W 123rd St, New York, NY
42          116 W 123rd St, New York, NY
Name: address, dtype: str","0      net
1      net
2      net
3      net
4      net
5      net
6      net
7      net
8      net
9      net
10     net
11     net
12     net
13     net
14     net
15     net
16     net
17     net
18     net
19     net
20     net
21    bowl
22    bowl
23    bowl
24    bowl
25    bowl
26    bowl
27    bowl
28    bowl
29    bowl
30    bowl
31    bowl
32    bowl
33    bowl
34    bowl
35     net
36     net
37     net
38     net
39     net
40     net
41     net
42     net
Name: method, dtype: str","0     8/10/2026
1     8/10/2026
2     8/10/2026
3     8/10/2026
4     8/10/2026
5     8/10/2026
6     8/11/2026
7     8/11/2026
8     8/11/2026
9     8/11/2026
10    8/11/2026
11    8/12/2026
12    8/12/2026
13    8/12/2026
14    8/12/2026
15    8/14/2026
16    8/14/2026
17    8/14/2026
18    8/14/2026
19    8/14/2026
20    8/14/2026
21    8/16/2026
22    8/16/2026
23    8/16/2026
24    8/16/2026
25    8/16/2026
26    8/16/2026
27    8/16/2026
28    8/16/2026
29    8/16/2026
30    8/15/2026
31    8/16/2026
32    8/16/2026
33    8/16/2026
34    8/16/2026
35    8/19/2026
36    8/19/2026
37    8/19/2026
38    8/19/2026
39    8/19/2026
40    8/19/2026
41    8/20/2026
42    8/20/2026
Name: date, dtype: str","0      9:48
1     10:40
2     12:41
3     14:25
4     15:04
5     15:45
6      8:58
7      9:43
8     10:42
9     12:36
10    13:50
11     9:30
12    10:20
13    13:04
14    13:57
15     8:59
16     9:50
17    10:36
18    13:00
19    13:56
20    14:33
21     7:51
22     8:11
23     8:43
24     9:05
25     9:32
26     9:57
27    10:48
28    11:12
29    11:30
30     8:30
31    12:22
32    12:39
33    13:09
34    13:38
35     9:28
36    10:25
37    11:28
38    13:35
39    15:00
40    16:05
41     9:10
42    12:36
Name: start, dtype: str","0     10:26
1     11:20
2     13:18
3     14:58
4     15:39
5     16:19
6      9:33
7     10:16
8     11:20
9     13:13
10    14:23
11    10:05
12    10:56
13    13:38
14    14:32
15     9:33
16    10:22
17    11:07
18    13:40
19    14:30
20    15:04
21     9:12
22     9:23
23     9:48
24    10:02
25    10:17
26    10:36
27    11:22
28    11:51
29    12:15
30    12:01
31    12:38
32    12:59
33    13:20
34    13:38
35    10:03
36    11:01
37    12:02
38    14:07
39    15:36
40    16:40
41     9:50
42    13:15
Name: end, dtype: str","0    2026-08-10 09:48:00
1    2026-08-10 10:40:00
2    2026-08-10 12:41:00
3    2026-08-10 14:25:00
4    2026-08-10 15:04:00
5    2026-08-10 15:45:00
6    2026-08-11 08:58:00
7    2026-08-11 09:43:00
8    2026-08-11 10:42:00
9    2026-08-11 12:36:00
10   2026-08-11 13:50:00
11   2026-08-12 09:30:00
12   2026-08-12 10:20:00
13   2026-08-12 13:04:00
14   2026-08-12 13:57:00
15   2026-08-14 08:59:00
16   2026-08-14 09:50:00
17   2026-08-14 10:36:00
18   2026-08-14 13:00:00
19   2026-08-14 13:56:00
20   2026-08-14 14:33:00
21   2026-08-16 07:51:00
22   2026-08-16 08:11:00
23   2026-08-16 08:43:00
24   2026-08-16 09:05:00
25   2026-08-16 09:32:00
26   2026-08-16 09:57:00
27   2026-08-16 10:48:00
28   2026-08-16 11:12:00
29   2026-08-16 11:30:00
30   2026-08-15 08:30:00
31   2026-08-16 12:22:00
32   2026-08-16 12:39:00
33   2026-08-16 13:09:00
34   2026-08-16 13:38:00
35   2026-08-19 09:28:00
36   2026-08-19 10:25:00
37   2026-08-19 11:28:00
38   2026-08-19 13:35:00
39   2026-08-19 15:00:00
40   2026-08-19 16:05:00
41   2026-08-20 09:10:00
42   2026-08-20 12:36:00
Name: start_dt, dtype: datetime64[us]","0    2026-08-10 10:26:00
1    2026-08-10 11:20:00
2    2026-08-10 13:18:00
3    2026-08-10 14:58:00
4    2026-08-10 15:39:00
5    2026-08-10 16:19:00
6    2026-08-11 09:33:00
7    2026-08-11 10:16:00
8    2026-08-11 11:20:00
9    2026-08-11 13:13:00
10   2026-08-11 14:23:00
11   2026-08-12 10:05:00
12   2026-08-12 10:56:00
13   2026-08-12 13:38:00
14   2026-08-12 14:32:00
15   2026-08-14 09:33:00
16   2026-08-14 10:22:00
17   2026-08-14 11:07:00
18   2026-08-14 13:40:00
19   2026-08-14 14:30:00
20   2026-08-14 15:04:00
21   2026-08-16 09:12:00
22   2026-08-16 09:23:00
23   2026-08-16 09:48:00
24   2026-08-16 10:02:00
25   2026-08-16 10:17:00
26   2026-08-16 10:36:00
27   2026-08-16 11:22:00
28   2026-08-16 11:51:00
29   2026-08-16 12:15:00
30   2026-08-15 12:01:00
31   2026-08-16 12:38:00
32   2026-08-16 12:59:00
33   2026-08-16 13:20:00
34   2026-08-16 13:38:00
35   2026-08-19 10:03:00
36   2026-08-19 11:01:00
37   2026-08-19 12:02:00
38   2026-08-19 14:07:00
39   2026-08-19 15:36:00
40   2026-08-19 16:40:00
41   2026-08-20 09:50:00
42   2026-08-20 13:15:00
Name: end_dt, dtype: datetime64[us]","0    2026-08-10 09:48:00
1    2026-08-10 10:40:00
2    2026-08-10 12:41:00
3    2026-08-10 14:25:00
4    2026-08-10 15:04:00
5    2026-08-10 15:45:00
6    2026-08-11 08:58:00
7    2026-08-11 09:43:00
8    2026-08-11 10:42:00
9    2026-08-11 12:36:00
10   2026-08-11 13:50:00
11   2026-08-12 09:30:00
12   2026-08-12 10:20:00
13   2026-08-12 13:04:00
14   2026-08-12 13:57:00
15   2026-08-14 08:59:00
16   2026-08-14 09:50:00
17   2026-08-14 10:36:00
18   2026-08-14 13:00:00
19   2026-08-14 13:56:00
20   2026-08-14 14:33:00
21   2026-08-15 07:51:00
22   2026-08-15 08:11:00
23   2026-08-15 08:43:00
24   2026-08-15 09:05:00
25   2026-08-15 09:32:00
26   2026-08-15 09:57:00
27   2026-08-15 10:48:00
28   2026-08-15 11:12:00
29   2026-08-15 11:30:00
30   2026-08-14 08:30:00
31   2026-08-15 12:22:00
32   2026-08-15 12:39:00
33   2026-08-15 13:09:00
34   2026-08-15 13:38:00
35   2026-08-19 09:28:00
36   2026-08-19 10:25:00
37   2026-08-19 11:28:00
38   2026-08-19 13:35:00
39   2026-08-19 15:00:00
40   2026-08-19 16:05:00
41   2026-08-20 09:10:00
42   2026-08-20 12:36:00
Name: weather_start_dt, dtype: datetime64[us]","0     40.843717
1     40.842397
2      40.84012
3     40.843717
4     40.842397
5      40.84012
6     40.847096
7     40.848686
8     40.856927
9     40.847096
10    40.848686
11    40.847084
12    40.847671
13    40.847084
14    40.847671
15    40.800138
16    40.800251
17    40.799598
18    40.800138
19    40.799598
20    40.800251
21    40.847671
22    40.847084
23    40.848686
24    40.847096
25    40.843717
26    40.842397
27    40.799598
28    40.800138
29    40.800251
30     40.80056
31    40.802954
32    40.705028
33    40.810995
34    40.806633
35    40.802954
36    40.810995
37     40.80056
38    40.802954
39    40.810995
40     40.80056
41    40.806633
42    40.806633
Name: latitude, dtype: object","0    -73.880764
1    -73.877734
2    -73.879419
3    -73.880764
4    -73.877734
5    -73.879419
6    -73.882462
7    -73.885202
8    -73.884577
9    -73.882462
10   -73.885202
11   -73.894102
12   -73.895419
13   -73.894102
14   -73.895419
15   -73.942507
16   -73.943601
17   -73.940784
18   -73.942507
19   -73.940784
20   -73.943601
21   -73.895419
22   -73.894102
23   -73.885202
24   -73.882462
25   -73.880764
26   -73.877734
27   -73.940784
28   -73.942507
29   -73.943601
30   -73.955883
31   -73.953793
32   -73.917031
33   -73.950817
34   -73.947051
35   -73.953793
36   -73.950817
37   -73.955883
38   -73.953793
39   -73.950817
40   -73.955883
41   -73.947051
42   -73.947051
Name: longitude, dtype: object","0     72503
1     72503
2     72503
3     72503
4     72503
5     72503
6     72503
7     72503
8     72503
9     72503
10    72503
11    72503
12    72503
13    72503
14    72503
15    KNYC0
16    KNYC0
17    KNYC0
18    KNYC0
19    KNYC0
20    KNYC0
21    72503
22    72503
23    72503
24    72503
25    72503
26    72503
27    KNYC0
28    KNYC0
29    KNYC0
30    KNYC0
31    KNYC0
32    KJRB0
33    KNYC0
34    KNYC0
35    KNYC0
36    KNYC0
37    KNYC0
38    KNYC0
39    KNYC0
40    KNYC0
41    KNYC0
42    KNYC0
Name: station, dtype: object"
27.2,65.0,8.0,0.0,,,,,,,,,,,,
,,,,"0       Krystal
1         River
2          Drew
3       Krystal
4         River
5          Drew
6      Hornaday
7     Happiness
8           BLF
9      Hornaday
10    Happiness
11        Oasis
12        Batey
13        Oasis
14        Batey
15        Lydia
16     Peaceful
17        Gallo
18        Lydia
19        Gallo
20     Peaceful
21        Batey
22        Oasis
23    Happiness
24     Hornaday
25      Krystal
26        River
27        Gallo
28        Lydia
29     Peaceful
30          ELG
31        Luigi
32       Carrie
33      Clayton
34      West123
35        Luigi
36      Clayton
37          ELG
38        Luigi
39      Clayton
40          ELG
41      West123
42      West123
Name: site, dtype: str","0               2093 Vyse Ave, Bronx, NY
1             1086 E 180th St, Bronx, NY
2          1070 E Tremont Ave, Bronx, NY
3               2093 Vyse Ave, Bronx, NY
4             1086 E 180th St, Bronx, NY
5          1070 E Tremont Ave, Bronx, NY
6             851 Hornaday Pl, Bronx, NY
7        2160 Prospect Avenue, Bronx, NY
8            2485 Belmont Ave, Bronx, NY
9             851 Hornaday Pl, Bronx, NY
10       2160 Prospect Avenue, Bronx, NY
11        1981 Lafontaine Ave, Bronx, NY
12             504 E 178th St, Bronx, NY
13        1981 Lafontaine Ave, Bronx, NY
14             504 E 178th St, Bronx, NY
15           1665 Park Ave, New York, NY
16           52 E 117th St, New York, NY
17      1891 Lexington Ave, New York, NY
18           1665 Park Ave, New York, NY
19      1891 Lexington Ave, New York, NY
20           52 E 117th St, New York, NY
21             504 E 178th St, Bronx, NY
22        1981 Lafontaine Ave, Bronx, NY
23       2160 Prospect Avenue, Bronx, NY
24            851 Hornaday Pl, Bronx, NY
25              2093 Vyse Ave, Bronx, NY
26            1086 E 180th St, Bronx, NY
27      1891 Lexington Ave, New York, NY
28           1665 Park Ave, New York, NY
29           52 E 117th St, New York, NY
30          237 W 111th St, New York, NY
31          227 W 115th St, New York, NY
32    145 St. Nicholas Ave, New York, NY
33          303 W 126th St, New York, NY
34          116 W 123rd St, New York, NY
35          227 W 115th St, New York, NY
36          303 W 126th St, New York, NY
37          237 W 111th St, New York, NY
38          227 W 115th St, New York, NY
39          303 W 126th St, New York, NY
40          237 W 111th St, New York, NY
41          116 W 123rd St, New York, NY
42          116 W 123rd St, New York, NY
Name: address, dtype: str","0      net
1      net
2      net
3      net
4      net
5      net
6      net
7      net
8      net
9      net
10     net
11     net
12     net
13     net
14     net
15     net
16     net
17     net
18     net
19     net
20     net
21    bowl
22    bowl
23    bowl
24    bowl
25    bowl
26    bowl
27    bowl
28    bowl
29    bowl
30    bowl
31    bowl
32    bowl
33    bowl
34    bowl
35     net
36     net
37     net
38     net
39     net
40     net
41     net
42     net
Name: method, dtype: str","0     8/10/2026
1     8/10/2026
2     8/10/2026
3     8/10/2026
4     8/10/2026
5     8/10/2026
6     8/11/2026
7     8/11/2026
8     8/11/2026
9     8/11/2026
10    8/11/2026
11    8/12/2026
12    8/12/2026
13    8/12/2026
14    8/12/2026
15    8/14/2026
16    8/14/2026
17    8/14/2026
18    8/14/2026
19    8/14/2026
20    8/14/2026
21    8/16/2026
22    8/16/2026
23    8/16/2026
24    8/16/2026
25    8/16/2026
26    8/16/2026
27    8/16/2026
28    8/16/2026
29    8/16/2026
30    8/15/2026
31    8/16/2026
32    8/16/2026
33    8/16/2026
34    8/16/2026
35    8/19/2026
36    8/19/2026
37    8/19/2026
38    8/19/2026
39    8/19/2026
40    8/19/2026
41    8/20/2026
42    8/20/2026
Name: date, dtype: str","0      9:48
1     10:40
2     12:41
3     14:25
4     15:04
5     15:45
6      8:58
7      9:43
8     10:42
9     12:36
10    13:50
11     9:30
12    10:20
13    13:04
14    13:57
15     8:59
16     9:50
17    10:36
18    13:00
19    13:56
20    14:33
21     7:51
22     8:11
23     8:43
24     9:05
25     9:32
26     9:57
27    10:48
28    11:12
29    11:30
30     8:30
31    12:22
32    12:39
33    13:09
34    13:38
35     9:28
36    10:25
37    11:28
38    13:35
39    15:00
40    16:05
41     9:10
42    12:36
Name: start, dtype: str","0     10:26
1     11:20
2     13:18
3     14:58
4     15:39
5     16:19
6      9:33
7     10:16
8     11:20
9     13:13
10    14:23
11    10:05
12    10:56
13    13:38
14    14:32
15     9:33
16    10:22
17    11:07
18    13:40
19    14:30
20    15:04
21     9:12
22     9:23
23     9:48
24    10:02
25    10:17
26    10:36
27    11:22
28    11:51
29    12:15
30    12:01
31    12:38
32    12:59
33    13:20
34    13:38
35    10:03
36    11:01
37    12:02
38    14:07
39    15:36
40    16:40
41     9:50
42    13:15
Name: end, dtype: str","0    2026-08-10 09:48:00
1    2026-08-10 10:40:00
2    2026-08-10 12:41:00
3    2026-08-10 14:25:00
4    2026-08-10 15:04:00
5    2026-08-10 15:45:00
6    2026-08-11 08:58:00
7    2026-08-11 09:43:00
8    2026-08-11 10:42:00
9    2026-08-11 12:36:00
10   2026-08-11 13:50:00
11   2026-08-12 09:30:00
12   2026-08-12 10:20:00
13   2026-08-12 13:04:00
14   2026-08-12 13:57:00
15   2026-08-14 08:59:00
16   2026-08-14 09:50:00
17   2026-08-14 10:36:00
18   2026-08-14 13:00:00
19   2026-08-14 13:56:00
20   2026-08-14 14:33:00
21   2026-08-16 07:51:00
22   2026-08-16 08:11:00
23   2026-08-16 08:43:00
24   2026-08-16 09:05:00
25   2026-08-16 09:32:00
26   2026-08-16 09:57:00
27   2026-08-16 10:48:00
28   2026-08-16 11:12:00
29   2026-08-16 11:30:00
30   2026-08-15 08:30:00
31   2026-08-16 12:22:00
32   2026-08-16 12:39:00
33   2026-08-16 13:09:00
34   2026-08-16 13:38:00
35   2026-08-19 09:28:00
36   2026-08-19 10:25:00
37   2026-08-19 11:28:00
38   2026-08-19 13:35:00
39   2026-08-19 15:00:00
40   2026-08-19 16:05:00
41   2026-08-20 09:10:00
42   2026-08-20 12:36:00
Name: start_dt, dtype: datetime64[us]","0    2026-08-10 10:26:00
1    2026-08-10 11:20:00
2    2026-08-10 13:18:00
3    2026-08-10 14:58:00
4    2026-08-10 15:39:00
5    2026-08-10 16:19:00
6    2026-08-11 09:33:00
7    2026-08-11 10:16:00
8    2026-08-11 11:20:00
9    2026-08-11 13:13:00
10   2026-08-11 14:23:00
11   2026-08-12 10:05:00
12   2026-08-12 10:56:00
13   2026-08-12 13:38:00
14   2026-08-12 14:32:00
15   2026-08-14 09:33:00
16   2026-08-14 10:22:00
17   2026-08-14 11:07:00
18   2026-08-14 13:40:00
19   2026-08-14 14:30:00
20   2026-08-14 15:04:00
21   2026-08-16 09:12:00
22   2026-08-16 09:23:00
23   2026-08-16 09:48:00
24   2026-08-16 10:02:00
25   2026-08-16 10:17:00
26   2026-08-16 10:36:00
27   2026-08-16 11:22:00
28   2026-08-16 11:51:00
29   2026-08-16 12:15:00
30   2026-08-15 12:01:00
31   2026-08-16 12:38:00
32   2026-08-16 12:59:00
33   2026-08-16 13:20:00
34   2026-08-16 13:38:00
35   2026-08-19 10:03:00
36   2026-08-19 11:01:00
37   2026-08-19 12:02:00
38   2026-08-19 14:07:00
39   2026-08-19 15:36:00
40   2026-08-19 16:40:00
41   2026-08-20 09:50:00
42   2026-08-20 13:15:00
Name: end_dt, dtype: datetime64[us]","0    2026-08-10 09:48:00
1    2026-08-10 10:40:00
2    2026-08-10 12:41:00
3    2026-08-10 14:25:00
4    2026-08-10 15:04:00
5    2026-08-10 15:45:00
6    2026-08-11 08:58:00
7    2026-08-11 09:43:00
8    2026-08-11 10:42:00
9    2026-08-11 12:36:00
10   2026-08-11 13:50:00
11   2026-08-12 09:30:00
12   2026-08-12 10:20:00
13   2026-08-12 13:04:00
14   2026-08-12 13:57:00
15   2026-08-14 08:59:00
16   2026-08-14 09:50:00
17   2026-08-14 10:36:00
18   2026-08-14 13:00:00
19   2026-08-14 13:56:00
20   2026-08-14 14:33:00
21   2026-08-15 07:51:00
22   2026-08-15 08:11:00
23   2026-08-15 08:43:00
24   2026-08-15 09:05:00
25   2026-08-15 09:32:00
26   2026-08-15 09:57:00
27   2026-08-15 10:48:00
28   2026-08-15 11:12:00
29   2026-08-15 11:30:00
30   2026-08-14 08:30:00
31   2026-08-15 12:22:00
32   2026-08-15 12:39:00
33   2026-08-15 13:09:00
34   2026-08-15 13:38:00
35   2026-08-19 09:28:00
36   2026-08-19 10:25:00
37   2026-08-19 11:28:00
38   2026-08-19 13:35:00
39   2026-08-19 15:00:00
40   2026-08-19 16:05:00
41   2026-08-20 09:10:00
42   2026-08-20 12:36:00
Name: weather_start_dt, dtype: datetime64[us]","0     40.843717
1     40.842397
2      40.84012
3     40.843717
4     40.842397
5      40.84012
6     40.847096
7     40.848686
8     40.856927
9     40.847096
10    40.848686
11    40.847084
12    40.847671
13    40.847084
14    40.847671
15    40.800138
16    40.800251
17    40.799598
18    40.800138
19    40.799598
20    40.800251
21    40.847671
22    40.847084
23    40.848686
24    40.847096
25    40.843717
26    40.842397
27    40.799598
28    40.800138
29    40.800251
30     40.80056
31    40.802954
32    40.705028
33    40.810995
34    40.806633
35    40.802954
36    40.810995
37     40.80056
38    40.802954
39    40.810995
40     40.80056
41    40.806633
42    40.806633
Name: latitude, dtype: object","0    -73.880764
1    -73.877734
2    -73.879419
3    -73.880764
4    -73.877734
5    -73.879419
6    -73.882462
7    -73.885202
8    -73.884577
9    -73.882462
10   -73.885202
11   -73.894102
12   -73.895419
13   -73.894102
14   -73.895419
15   -73.942507
16   -73.943601
17   -73.940784
18   -73.942507
19   -73.940784
20   -73.943601
21   -73.895419
22   -73.894102
23   -73.885202
24   -73.882462
25   -73.880764
26   -73.877734
27   -73.940784
28   -73.942507
29   -73.943601
30   -73.955883
31   -73.953793
32   -73.917031
33   -73.950817
34   -73.947051
35   -73.953793
36   -73.950817
37   -73.955883
38   -73.953793
39   -73.950817
40   -73.955883
41   -73.947051
42   -73.947051
Name: longitude, dtype: object","0     72503
1     72503
2     72503
3     72503
4     72503
5     72503
6     72503
7     72503
8     72503
9     72503
10    72503
11    72503
12    72503
13    72503
14    72503
15    KNYC0
16    KNYC0
17    KNYC0
18    KNYC0
19    KNYC0
20    KNYC0
21    72503
22    72503
23    72503
24    72503
25    72503
26    72503
27    KNYC0
28    KNYC0
29    KNYC0
30    KNYC0
31    KNYC0
32    KJRB0
33    KNYC0
34    KNYC0
35    KNYC0
36    KNYC0
37    KNYC0
38    KNYC0
39    KNYC0
40    KNYC0
41    KNYC0
42    KNYC0
Name: station, dtype: object"
23.3,64.0,7.0,0.0,,,,,,,,,,,,
,,,,"0       Krystal
1         River
2          Drew
3       Krystal
4         River
5          Drew
6      Hornaday
7     Happiness
8           BLF
9      Hornaday
10    Happiness
11        Oasis
12        Batey
13        Oasis
14        Batey
15        Lydia
16     Peaceful
17        Gallo
18        Lydia
19        Gallo
20     Peaceful
21        Batey
22        Oasis
23    Happiness
24     Hornaday
25      Krystal
26        River
27        Gallo
28        Lydia
29     Peaceful
30          ELG
31        Luigi
32       Carrie
33      Clayton
34      West123
35        Luigi
36      Clayton
37          ELG
38        Luigi
39      Clayton
40          ELG
41      West123
42      West123
Name: site, dtype: str","0               2093 Vyse Ave, Bronx, NY
1             1086 E 180th St, Bronx, NY
2          1070 E Tremont Ave, Bronx, NY
3               2093 Vyse Ave, Bronx, NY
4             1086 E 180th St, Bronx, NY
5          1070 E Tremont Ave, Bronx, NY
6             851 Hornaday Pl, Bronx, NY
7        2160 Prospect Avenue, Bronx, NY
8            2485 Belmont Ave, Bronx, NY
9             851 Hornaday Pl, Bronx, NY
10       2160 Prospect Avenue, Bronx, NY
11        1981 Lafontaine Ave, Bronx, NY
12             504 E 178th St, Bronx, NY
13        1981 Lafontaine Ave, Bronx, NY
14             504 E 178th St, Bronx, NY
15           1665 Park Ave, New York, NY
16           52 E 117th St, New York, NY
17      1891 Lexington Ave, New York, NY
18           1665 Park Ave, New York, NY
19      1891 Lexington Ave, New York, NY
20           52 E 117th St, New York, NY
21             504 E 178th St, Bronx, NY
22        1981 Lafontaine Ave, Bronx, NY
23       2160 Prospect Avenue, Bronx, NY
24            851 Hornaday Pl, Bronx, NY
25              2093 Vyse Ave, Bronx, NY
26            1086 E 180th St, Bronx, NY
27      1891 Lexington Ave, New York, NY
28           1665 Park Ave, New York, NY
29           52 E 117th St, New York, NY
30          237 W 111th St, New York, NY
31          227 W 115th St, New York, NY
32    145 St. Nicholas Ave, New York, NY
33          303 W 126th St, New York, NY
34          116 W 123rd St, New York, NY
35          227 W 115th St, New York, NY
36          303 W 126th St, New York, NY
37          237 W 111th St, New York, NY
38          227 W 115th St, New York, NY
39          303 W 126th St, New York, NY
40          237 W 111th St, New York, NY
41          116 W 123rd St, New York, NY
42          116 W 123rd St, New York, NY
Name: address, dtype: str","0      net
1      net
2      net
3      net
4      net
5      net
6      net
7      net
8      net
9      net
10     net
11     net
12     net
13     net
14     net
15     net
16     net
17     net
18     net
19     net
20     net
21    bowl
22    bowl
23    bowl
24    bowl
25    bowl
26    bowl
27    bowl
28    bowl
29    bowl
30    bowl
31    bowl
32    bowl
33    bowl
34    bowl
35     net
36     net
37     net
38     net
39     net
40     net
41     net
42     net
Name: method, dtype: str","0     8/10/2026
1     8/10/2026
2     8/10/2026
3     8/10/2026
4     8/10/2026
5     8/10/2026
6     8/11/2026
7     8/11/2026
8     8/11/2026
9     8/11/2026
10    8/11/2026
11    8/12/2026
12    8/12/2026
13    8/12/2026
14    8/12/2026
15    8/14/2026
16    8/14/2026
17    8/14/2026
18    8/14/2026
19    8/14/2026
20    8/14/2026
21    8/16/2026
22    8/16/2026
23    8/16/2026
24    8/16/2026
25    8/16/2026
26    8/16/2026
27    8/16/2026
28    8/16/2026
29    8/16/2026
30    8/15/2026
31    8/16/2026
32    8/16/2026
33    8/16/2026
34    8/16/2026
35    8/19/2026
36    8/19/2026
37    8/19/2026
38    8/19/2026
39    8/19/2026
40    8/19/2026
41    8/20/2026
42    8/20/2026
Name: date, dtype: str","0      9:48
1     10:40
2     12:41
3     14:25
4     15:04
5     15:45
6      8:58
7      9:43
8     10:42
9     12:36
10    13:50
11     9:30
12    10:20
13    13:04
14    13:57
15     8:59
16     9:50
17    10:36
18    13:00
19    13:56
20    14:33
21     7:51
22     8:11
23     8:43
24     9:05
25     9:32
26     9:57
27    10:48
28    11:12
29    11:30
30     8:30
31    12:22
32    12:39
33    13:09
34    13:38
35     9:28
36    10:25
37    11:28
38    13:35
39    15:00
40    16:05
41     9:10
42    12:36
Name: start, dtype: str","0     10:26
1     11:20
2     13:18
3     14:58
4     15:39
5     16:19
6      9:33
7     10:16
8     11:20
9     13:13
10    14:23
11    10:05
12    10:56
13    13:38
14    14:32
15     9:33
16    10:22
17    11:07
18    13:40
19    14:30
20    15:04
21     9:12
22     9:23
23     9:48
24    10:02
25    10:17
26    10:36
27    11:22
28    11:51
29    12:15
30    12:01
31    12:38
32    12:59
33    13:20
34    13:38
35    10:03
36    11:01
37    12:02
38    14:07
39    15:36
40    16:40
41     9:50
42    13:15
Name: end, dtype: str","0    2026-08-10 09:48:00
1    2026-08-10 10:40:00
2    2026-08-10 12:41:00
3    2026-08-10 14:25:00
4    2026-08-10 15:04:00
5    2026-08-10 15:45:00
6    2026-08-11 08:58:00
7    2026-08-11 09:43:00
8    2026-08-11 10:42:00
9    2026-08-11 12:36:00
10   2026-08-11 13:50:00
11   2026-08-12 09:30:00
12   2026-08-12 10:20:00
13   2026-08-12 13:04:00
14   2026-08-12 13:57:00
15   2026-08-14 08:59:00
16   2026-08-14 09:50:00
17   2026-08-14 10:36:00
18   2026-08-14 13:00:00
19   2026-08-14 13:56:00
20   2026-08-14 14:33:00
21   2026-08-16 07:51:00
22   2026-08-16 08:11:00
23   2026-08-16 08:43:00
24   2026-08-16 09:05:00
25   2026-08-16 09:32:00
26   2026-08-16 09:57:00
27   2026-08-16 10:48:00
28   2026-08-16 11:12:00
29   2026-08-16 11:30:00
30   2026-08-15 08:30:00
31   2026-08-16 12:22:00
32   2026-08-16 12:39:00
33   2026-08-16 13:09:00
34   2026-08-16 13:38:00
35   2026-08-19 09:28:00
36   2026-08-19 10:25:00
37   2026-08-19 11:28:00
38   2026-08-19 13:35:00
39   2026-08-19 15:00:00
40   2026-08-19 16:05:00
41   2026-08-20 09:10:00
42   2026-08-20 12:36:00
Name: start_dt, dtype: datetime64[us]","0    2026-08-10 10:26:00
1    2026-08-10 11:20:00
2    2026-08-10 13:18:00
3    2026-08-10 14:58:00
4    2026-08-10 15:39:00
5    2026-08-10 16:19:00
6    2026-08-11 09:33:00
7    2026-08-11 10:16:00
8    2026-08-11 11:20:00
9    2026-08-11 13:13:00
10   2026-08-11 14:23:00
11   2026-08-12 10:05:00
12   2026-08-12 10:56:00
13   2026-08-12 13:38:00
14   2026-08-12 14:32:00
15   2026-08-14 09:33:00
16   2026-08-14 10:22:00
17   2026-08-14 11:07:00
18   2026-08-14 13:40:00
19   2026-08-14 14:30:00
20   2026-08-14 15:04:00
21   2026-08-16 09:12:00
22   2026-08-16 09:23:00
23   2026-08-16 09:48:00
24   2026-08-16 10:02:00
25   2026-08-16 10:17:00
26   2026-08-16 10:36:00
27   2026-08-16 11:22:00
28   2026-08-16 11:51:00
29   2026-08-16 12:15:00
30   2026-08-15 12:01:00
31   2026-08-16 12:38:00
32   2026-08-16 12:59:00
33   2026-08-16 13:20:00
34   2026-08-16 13:38:00
35   2026-08-19 10:03:00
36   2026-08-19 11:01:00
37   2026-08-19 12:02:00
38   2026-08-19 14:07:00
39   2026-08-19 15:36:00
40   2026-08-19 16:40:00
41   2026-08-20 09:50:00
42   2026-08-20 13:15:00
Name: end_dt, dtype: datetime64[us]","0    2026-08-10 09:48:00
1    2026-08-10 10:40:00
2    2026-08-10 12:41:00
3    2026-08-10 14:25:00
4    2026-08-10 15:04:00
5    2026-08-10 15:45:00
6    2026-08-11 08:58:00
7    2026-08-11 09:43:00
8    2026-08-11 10:42:00
9    2026-08-11 12:36:00
10   2026-08-11 13:50:00
11   2026-08-12 09:30:00
12   2026-08-12 10:20:00
13   2026-08-12 13:04:00
14   2026-08-12 13:57:00
15   2026-08-14 08:59:00
16   2026-08-14 09:50:00
17   2026-08-14 10:36:00
18   2026-08-14 13:00:00
19   2026-08-14 13:56:00
20   2026-08-14 14:33:00
21   2026-08-15 07:51:00
22   2026-08-15 08:11:00
23   2026-08-15 08:43:00
24   2026-08-15 09:05:00
25   2026-08-15 09:32:00
26   2026-08-15 09:57:00
27   2026-08-15 10:48:00
28   2026-08-15 11:12:00
29   2026-08-15 11:30:00
30   2026-08-14 08:30:00
31   2026-08-15 12:22:00
32   2026-08-15 12:39:00
33   2026-08-15 13:09:00
34   2026-08-15 13:38:00
35   2026-08-19 09:28:00
36   2026-08-19 10:25:00
37   2026-08-19 11:28:00
38   2026-08-19 13:35:00
39   2026-08-19 15:00:00
40   2026-08-19 16:05:00
41   2026-08-20 09:10:00
42   2026-08-20 12:36:00
Name: weather_start_dt, dtype: datetime64[us]","0     40.843717
1     40.842397
2      40.84012
3     40.843717
4     40.842397
5      40.84012
6     40.847096
7     40.848686
8     40.856927
9     40.847096
10    40.848686
11    40.847084
12    40.847671
13    40.847084
14    40.847671
15    40.800138
16    40.800251
17    40.799598
18    40.800138
19    40.799598
20    40.800251
21    40.847671
22    40.847084
23    40.848686
24    40.847096
25    40.843717
26    40.842397
27    40.799598
28    40.800138
29    40.800251
30     40.80056
31    40.802954
32    40.705028
33    40.810995
34    40.806633
35    40.802954
36    40.810995
37     40.80056
38    40.802954
39    40.810995
40     40.80056
41    40.806633
42    40.806633
Name: latitude, dtype: object","0    -73.880764
1    -73.877734
2    -73.879419
3    -73.880764
4    -73.877734
5    -73.879419
6    -73.882462
7    -73.885202
8    -73.884577
9    -73.882462
10   -73.885202
11   -73.894102
12   -73.895419
13   -73.894102
14   -73.895419
15   -73.942507
16   -73.943601
17   -73.940784
18   -73.942507
19   -73.940784
20   -73.943601
21   -73.895419
22   -73.894102
23   -73.885202
24   -73.882462
25   -73.880764
26   -73.877734
27   -73.940784
28   -73.942507
29   -73.943601
30   -73.955883
31   -73.953793
32   -73.917031
33   -73.950817
34   -73.947051
35   -73.953793
36   -73.950817
37   -73.955883
38   -73.953793
39   -73.950817
40   -73.955883
41   -73.947051
42   -73.947051
Name: longitude, dtype: object","0     72503
1     72503
2     72503
3     72503
4     72503
5     72503
6     72503
7     72503
8     72503
9     72503
10    72503
11    72503
12    72503
13    72503
14    72503
15    KNYC0
16    KNYC0
17    KNYC0
18    KNYC0
19    KNYC0
20    KNYC0
21    72503
22    72503
23    72503
24    72503
25    72503
26    72503
27    KNYC0
28    KNYC0
29    KNYC0
30    KNYC0
31    KNYC0
32    KJRB0
33    KNYC0
34    KNYC0
35    KNYC0
36    KNYC0
37    KNYC0
38    KNYC0
39    KNYC0
40    KNYC0
41    KNYC0
42    KNYC0
Name: station, dtype: object"
23.6,60.5,8.0,0.0,,,,,,,,,,,,
,,,,"0       Krystal
1         River
2          Drew
3       Krystal
4         River
5          Drew
6      Hornaday
7     Happiness
8           BLF
9      Hornaday
10    Happiness
11        Oasis
12        Batey
13        Oasis
14        Batey
15        Lydia
16     Peaceful
17        Gallo
18        Lydia
19        Gallo
20     Peaceful
21        Batey
22        Oasis
23    Happiness
24     Hornaday
25      Krystal
26        River
27        Gallo
28        Lydia
29     Peaceful
30          ELG
31        Luigi
32       Carrie
33      Clayton
34      West123
35        Luigi
36      Clayton
37          ELG
38        Luigi
39      Clayton
40          ELG
41      West123
42      West123
Name: site, dtype: str","0               2093 Vyse Ave, Bronx, NY
1             1086 E 180th St, Bronx, NY
2          1070 E Tremont Ave, Bronx, NY
3               2093 Vyse Ave, Bronx, NY
4             1086 E 180th St, Bronx, NY
5          1070 E Tremont Ave, Bronx, NY
6             851 Hornaday Pl, Bronx, NY
7        2160 Prospect Avenue, Bronx, NY
8            2485 Belmont Ave, Bronx, NY
9             851 Hornaday Pl, Bronx, NY
10       2160 Prospect Avenue, Bronx, NY
11        1981 Lafontaine Ave, Bronx, NY
12             504 E 178th St, Bronx, NY
13        1981 Lafontaine Ave, Bronx, NY
14             504 E 178th St, Bronx, NY
15           1665 Park Ave, New York, NY
16           52 E 117th St, New York, NY
17      1891 Lexington Ave, New York, NY
18           1665 Park Ave, New York, NY
19      1891 Lexington Ave, New York, NY
20           52 E 117th St, New York, NY
21             504 E 178th St, Bronx, NY
22        1981 Lafontaine Ave, Bronx, NY
23       2160 Prospect Avenue, Bronx, NY
24            851 Hornaday Pl, Bronx, NY
25              2093 Vyse Ave, Bronx, NY
26            1086 E 180th St, Bronx, NY
27      1891 Lexington Ave, New York, NY
28           1665 Park Ave, New York, NY
29           52 E 117th St, New York, NY
30          237 W 111th St, New York, NY
31          227 W 115th St, New York, NY
32    145 St. Nicholas Ave, New York, NY
33          303 W 126th St, New York, NY
34          116 W 123rd St, New York, NY
35          227 W 115th St, New York, NY
36          303 W 126th St, New York, NY
37          237 W 111th St, New York, NY
38          227 W 115th St, New York, NY
39          303 W 126th St, New York, NY
40          237 W 111th St, New York, NY
41          116 W 123rd St, New York, NY
42          116 W 123rd St, New York, NY
Name: address, dtype: str","0      net
1      net
2      net
3      net
4      net
5      net
6      net
7      net
8      net
9      net
10     net
11     net
12     net
13     net
14     net
15     net
16     net
17     net
18     net
19     net
20     net
21    bowl
22    bowl
23    bowl
24    bowl
25    bowl
26    bowl
27    bowl
28    bowl
29    bowl
30    bowl
31    bowl
32    bowl
33    bowl
34    bowl
35     net
36     net
37     net
38     net
39     net
40     net
41     net
42     net
Name: method, dtype: str","0     8/10/2026
1     8/10/2026
2     8/10/2026
3     8/10/2026
4     8/10/2026
5     8/10/2026
6     8/11/2026
7     8/11/2026
8     8/11/2026
9     8/11/2026
10    8/11/2026
11    8/12/2026
12    8/12/2026
13    8/12/2026
14    8/12/2026
15    8/14/2026
16    8/14/2026
17    8/14/2026
18    8/14/2026
19    8/14/2026
20    8/14/2026
21    8/16/2026
22    8/16/2026
23    8/16/2026
24    8/16/2026
25    8/16/2026
26    8/16/2026
27    8/16/2026
28    8/16/2026
29    8/16/2026
30    8/15/2026
31    8/16/2026
32    8/16/2026
33    8/16/2026
34    8/16/2026
35    8/19/2026
36    8/19/2026
37    8/19/2026
38    8/19/2026
39    8/19/2026
40    8/19/2026
41    8/20/2026
42    8/20/2026
Name: date, dtype: str","0      9:48
1     10:40
2     12:41
3     14:25
4     15:04
5     15:45
6      8:58
7      9:43
8     10:42
9     12:36
10    13:50
11     9:30
12    10:20
13    13:04
14    13:57
15     8:59
16     9:50
17    10:36
18    13:00
19    13:56
20    14:33
21     7:51
22     8:11
23     8:43
24     9:05
25     9:32
26     9:57
27    10:48
28    11:12
29    11:30
30     8:30
31    12:22
32    12:39
33    13:09
34    13:38
35     9:28
36    10:25
37    11:28
38    13:35
39    15:00
40    16:05
41     9:10
42    12:36
Name: start, dtype: str","0     10:26
1     11:20
2     13:18
3     14:58
4     15:39
5     16:19
6      9:33
7     10:16
8     11:20
9     13:13
10    14:23
11    10:05
12    10:56
13    13:38
14    14:32
15     9:33
16    10:22
17    11:07
18    13:40
19    14:30
20    15:04
21     9:12
22     9:23
23     9:48
24    10:02
25    10:17
26    10:36
27    11:22
28    11:51
29    12:15
30    12:01
31    12:38
32    12:59
33    13:20
34    13:38
35    10:03
36    11:01
37    12:02
38    14:07
39    15:36
40    16:40
41     9:50
42    13:15
Name: end, dtype: str","0    2026-08-10 09:48:00
1    2026-08-10 10:40:00
2    2026-08-10 12:41:00
3    2026-08-10 14:25:00
4    2026-08-10 15:04:00
5    2026-08-10 15:45:00
6    2026-08-11 08:58:00
7    2026-08-11 09:43:00
8    2026-08-11 10:42:00
9    2026-08-11 12:36:00
10   2026-08-11 13:50:00
11   2026-08-12 09:30:00
12   2026-08-12 10:20:00
13   2026-08-12 13:04:00
14   2026-08-12 13:57:00
15   2026-08-14 08:59:00
16   2026-08-14 09:50:00
17   2026-08-14 10:36:00
18   2026-08-14 13:00:00
19   2026-08-14 13:56:00
20   2026-08-14 14:33:00
21   2026-08-16 07:51:00
22   2026-08-16 08:11:00
23   2026-08-16 08:43:00
24   2026-08-16 09:05:00
25   2026-08-16 09:32:00
26   2026-08-16 09:57:00
27   2026-08-16 10:48:00
28   2026-08-16 11:12:00
29   2026-08-16 11:30:00
30   2026-08-15 08:30:00
31   2026-08-16 12:22:00
32   2026-08-16 12:39:00
33   2026-08-16 13:09:00
34   2026-08-16 13:38:00
35   2026-08-19 09:28:00
36   2026-08-19 10:25:00
37   2026-08-19 11:28:00
38   2026-08-19 13:35:00
39   2026-08-19 15:00:00
40   2026-08-19 16:05:00
41   2026-08-20 09:10:00
42   2026-08-20 12:36:00
Name: start_dt, dtype: datetime64[us]","0    2026-08-10 10:26:00
1    2026-08-10 11:20:00
2    2026-08-10 13:18:00
3    2026-08-10 14:58:00
4    2026-08-10 15:39:00
5    2026-08-10 16:19:00
6    2026-08-11 09:33:00
7    2026-08-11 10:16:00
8    2026-08-11 11:20:00
9    2026-08-11 13:13:00
10   2026-08-11 14:23:00
11   2026-08-12 10:05:00
12   2026-08-12 10:56:00
13   2026-08-12 13:38:00
14   2026-08-12 14:32:00
15   2026-08-14 09:33:00
16   2026-08-14 10:22:00
17   2026-08-14 11:07:00
18   2026-08-14 13:40:00
19   2026-08-14 14:30:00
20   2026-08-14 15:04:00
21   2026-08-16 09:12:00
22   2026-08-16 09:23:00
23   2026-08-16 09:48:00
24   2026-08-16 10:02:00
25   2026-08-16 10:17:00
26   2026-08-16 10:36:00
27   2026-08-16 11:22:00
28   2026-08-16 11:51:00
29   2026-08-16 12:15:00
30   2026-08-15 12:01:00
31   2026-08-16 12:38:00
32   2026-08-16 12:59:00
33   2026-08-16 13:20:00
34   2026-08-16 13:38:00
35   2026-08-19 10:03:00
36   2026-08-19 11:01:00
37   2026-08-19 12:02:00
38   2026-08-19 14:07:00
39   2026-08-19 15:36:00
40   2026-08-19 16:40:00
41   2026-08-20 09:50:00
42   2026-08-20 13:15:00
Name: end_dt, dtype: datetime64[us]","0    2026-08-10 09:48:00
1    2026-08-10 10:40:00
2    2026-08-10 12:41:00
3    2026-08-10 14:25:00
4    2026-08-10 15:04:00
5    2026-08-10 15:45:00
6    2026-08-11 08:58:00
7    2026-08-11 09:43:00
8    2026-08-11 10:42:00
9    2026-08-11 12:36:00
10   2026-08-11 13:50:00
11   2026-08-12 09:30:00
12   2026-08-12 10:20:00
13   2026-08-12 13:04:00
14   2026-08-12 13:57:00
15   2026-08-14 08:59:00
16   2026-08-14 09:50:00
17   2026-08-14 10:36:00
18   2026-08-14 13:00:00
19   2026-08-14 13:56:00
20   2026-08-14 14:33:00
21   2026-08-15 07:51:00
22   2026-08-15 08:11:00
23   2026-08-15 08:43:00
24   2026-08-15 09:05:00
25   2026-08-15 09:32:00
26   2026-08-15 09:57:00
27   2026-08-15 10:48:00
28   2026-08-15 11:12:00
29   2026-08-15 11:30:00
30   2026-08-14 08:30:00
31   2026-08-15 12:22:00
32   2026-08-15 12:39:00
33   2026-08-15 13:09:00
34   2026-08-15 13:38:00
35   2026-08-19 09:28:00
36   2026-08-19 10:25:00
37   2026-08-19 11:28:00
38   2026-08-19 13:35:00
39   2026-08-19 15:00:00
40   2026-08-19 16:05:00
41   2026-08-20 09:10:00
42   2026-08-20 12:36:00
Name: weather_start_dt, dtype: datetime64[us]","0     40.843717
1     40.842397
2      40.84012
3     40.843717
4     40.842397
5      40.84012
6     40.847096
7     40.848686
8     40.856927
9     40.847096
10    40.848686
11    40.847084
12    40.847671
13    40.847084
14    40.847671
15    40.800138
16    40.800251
17    40.799598
18    40.800138
19    40.799598
20    40.800251
21    40.847671
22    40.847084
23    40.848686
24    40.847096
25    40.843717
26    40.842397
27    40.799598
28    40.800138
29    40.800251
30     40.80056
31    40.802954
32    40.705028
33    40.810995
34    40.806633
35    40.802954
36    40.810995
37     40.80056
38    40.802954
39    40.810995
40     40.80056
41    40.806633
42    40.806633
Name: latitude, dtype: object","0    -73.880764
1    -73.877734
2    -73.879419
3    -73.880764
4    -73.877734
5    -73.879419
6    -73.882462
7    -73.885202
8    -73.884577
9    -73.882462
10   -73.885202
11   -73.894102
12   -73.895419
13   -73.894102
14   -73.895419
15   -73.942507
16   -73.943601
17   -73.940784
18   -73.942507
19   -73.940784
20   -73.943601
21   -73.895419
22   -73.894102
23   -73.885202
24   -73.882462
25   -73.880764
26   -73.877734
27   -73.940784
28   -73.942507
29   -73.943601
30   -73.955883
31   -73.953793
32   -73.917031
33   -73.950817
34   -73.947051
35   -73.953793
36   -73.950817
37   -73.955883
38   -73.953793
39   -73.950817
40   -73.955883
41   -73.947051
42   -73.947051
Name: longitude, dtype: object","0     72503
1     72503
2     72503
3     72503
4     72503
5     72503
6     72503
7     72503
8     72503
9     72503
10    72503
11    72503
12    72503
13    72503
14    72503
15    KNYC0
16    KNYC0
17    KNYC0
18    KNYC0
19    KNYC0
20    KNYC0
21    72503
22    72503
23    72503
24    72503
25    72503
26    72503
27    KNYC0
28    KNYC0
29    KNYC0
30    KNYC0
31    KNYC0
32    KJRB0
33    KNYC0
34    KNYC0
35    KNYC0
36    KNYC0
37    KNYC0
38    KNYC0
39    KNYC0
40    KNYC0
41    KNYC0
42    KNYC0
Name: station, dtype: object"
25.8,48.5,7.0,0.0,,,,,,,,,,,,
,,,,"0       Krystal
1         River
2          Drew
3       Krystal
4         River
5          Drew
6      Hornaday
7     Happiness
8           BLF
9      Hornaday
10    Happiness
11        Oasis
12        Batey
13        Oasis
14        Batey
15        Lydia
16     Peaceful
17        Gallo
18        Lydia
19        Gallo
20     Peaceful
21        Batey
22        Oasis
23    Happiness
24     Hornaday
25      Krystal
26        River
27        Gallo
28        Lydia
29     Peaceful
30          ELG
31        Luigi
32       Carrie
33      Clayton
34      West123
35        Luigi
36      Clayton
37          ELG
38        Luigi
39      Clayton
40          ELG
41      West123
42      West123
Name: site, dtype: str","0               2093 Vyse Ave, Bronx, NY
1             1086 E 180th St, Bronx, NY
2          1070 E Tremont Ave, Bronx, NY
3               2093 Vyse Ave, Bronx, NY
4             1086 E 180th St, Bronx, NY
5          1070 E Tremont Ave, Bronx, NY
6             851 Hornaday Pl, Bronx, NY
7        2160 Prospect Avenue, Bronx, NY
8            2485 Belmont Ave, Bronx, NY
9             851 Hornaday Pl, Bronx, NY
10       2160 Prospect Avenue, Bronx, NY
11        1981 Lafontaine Ave, Bronx, NY
12             504 E 178th St, Bronx, NY
13        1981 Lafontaine Ave, Bronx, NY
14             504 E 178th St, Bronx, NY
15           1665 Park Ave, New York, NY
16           52 E 117th St, New York, NY
17      1891 Lexington Ave, New York, NY
18           1665 Park Ave, New York, NY
19      1891 Lexington Ave, New York, NY
20           52 E 117th St, New York, NY
21             504 E 178th St, Bronx, NY
22        1981 Lafontaine Ave, Bronx, NY
23       2160 Prospect Avenue, Bronx, NY
24            851 Hornaday Pl, Bronx, NY
25              2093 Vyse Ave, Bronx, NY
26            1086 E 180th St, Bronx, NY
27      1891 Lexington Ave, New York, NY
28           1665 Park Ave, New York, NY
29           52 E 117th St, New York, NY
30          237 W 111th St, New York, NY
31          227 W 115th St, New York, NY
32    145 St. Nicholas Ave, New York, NY
33          303 W 126th St, New York, NY
34          116 W 123rd St, New York, NY
35          227 W 115th St, New York, NY
36          303 W 126th St, New York, NY
37          237 W 111th St, New York, NY
38          227 W 115th St, New York, NY
39          303 W 126th St, New York, NY
40          237 W 111th St, New York, NY
41          116 W 123rd St, New York, NY
42          116 W 123rd St, New York, NY
Name: address, dtype: str","0      net
1      net
2      net
3      net
4      net
5      net
6      net
7      net
8      net
9      net
10     net
11     net
12     net
13     net
14     net
15     net
16     net
17     net
18     net
19     net
20     net
21    bowl
22    bowl
23    bowl
24    bowl
25    bowl
26    bowl
27    bowl
28    bowl
29    bowl
30    bowl
31    bowl
32    bowl
33    bowl
34    bowl
35     net
36     net
37     net
38     net
39     net
40     net
41     net
42     net
Name: method, dtype: str","0     8/10/2026
1     8/10/2026
2     8/10/2026
3     8/10/2026
4     8/10/2026
5     8/10/2026
6     8/11/2026
7     8/11/2026
8     8/11/2026
9     8/11/2026
10    8/11/2026
11    8/12/2026
12    8/12/2026
13    8/12/2026
14    8/12/2026
15    8/14/2026
16    8/14/2026
17    8/14/2026
18    8/14/2026
19    8/14/2026
20    8/14/2026
21    8/16/2026
22    8/16/2026
23    8/16/2026
24    8/16/2026
25    8/16/2026
26    8/16/2026
27    8/16/2026
28    8/16/2026
29    8/16/2026
30    8/15/2026
31    8/16/2026
32    8/16/2026
33    8/16/2026
34    8/16/2026
35    8/19/2026
36    8/19/2026
37    8/19/2026
38    8/19/2026
39    8/19/2026
40    8/19/2026
41    8/20/2026
42    8/20/2026
Name: date, dtype: str","0      9:48
1     10:40
2     12:41
3     14:25
4     15:04
5     15:45
6      8:58
7      9:43
8     10:42
9     12:36
10    13:50
11     9:30
12    10:20
13    13:04
14    13:57
15     8:59
16     9:50
17    10:36
18    13:00
19    13:56
20    14:33
21     7:51
22     8:11
23     8:43
24     9:05
25     9:32
26     9:57
27    10:48
28    11:12
29    11:30
30     8:30
31    12:22
32    12:39
33    13:09
34    13:38
35     9:28
36    10:25
37    11:28
38    13:35
39    15:00
40    16:05
41     9:10
42    12:36
Name: start, dtype: str","0     10:26
1     11:20
2     13:18
3     14:58
4     15:39
5     16:19
6      9:33
7     10:16
8     11:20
9     13:13
10    14:23
11    10:05
12    10:56
13    13:38
14    14:32
15     9:33
16    10:22
17    11:07
18    13:40
19    14:30
20    15:04
21     9:12
22     9:23
23     9:48
24    10:02
25    10:17
26    10:36
27    11:22
28    11:51
29    12:15
30    12:01
31    12:38
32    12:59
33    13:20
34    13:38
35    10:03
36    11:01
37    12:02
38    14:07
39    15:36
40    16:40
41     9:50
42    13:15
Name: end, dtype: str","0    2026-08-10 09:48:00
1    2026-08-10 10:40:00
2    2026-08-10 12:41:00
3    2026-08-10 14:25:00
4    2026-08-10 15:04:00
5    2026-08-10 15:45:00
6    2026-08-11 08:58:00
7    2026-08-11 09:43:00
8    2026-08-11 10:42:00
9    2026-08-11 12:36:00
10   2026-08-11 13:50:00
11   2026-08-12 09:30:00
12   2026-08-12 10:20:00
13   2026-08-12 13:04:00
14   2026-08-12 13:57:00
15   2026-08-14 08:59:00
16   2026-08-14 09:50:00
17   2026-08-14 10:36:00
18   2026-08-14 13:00:00
19   2026-08-14 13:56:00
20   2026-08-14 14:33:00
21   2026-08-16 07:51:00
22   2026-08-16 08:11:00
23   2026-08-16 08:43:00
24   2026-08-16 09:05:00
25   2026-08-16 09:32:00
26   2026-08-16 09:57:00
27   2026-08-16 10:48:00
28   2026-08-16 11:12:00
29   2026-08-16 11:30:00
30   2026-08-15 08:30:00
31   2026-08-16 12:22:00
32   2026-08-16 12:39:00
33   2026-08-16 13:09:00
34   2026-08-16 13:38:00
35   2026-08-19 09:28:00
36   2026-08-19 10:25:00
37   2026-08-19 11:28:00
38   2026-08-19 13:35:00
39   2026-08-19 15:00:00
40   2026-08-19 16:05:00
41   2026-08-20 09:10:00
42   2026-08-20 12:36:00
Name: start_dt, dtype: datetime64[us]","0    2026-08-10 10:26:00
1    2026-08-10 11:20:00
2    2026-08-10 13:18:00
3    2026-08-10 14:58:00
4    2026-08-10 15:39:00
5    2026-08-10 16:19:00
6    2026-08-11 09:33:00
7    2026-08-11 10:16:00
8    2026-08-11 11:20:00
9    2026-08-11 13:13:00
10   2026-08-11 14:23:00
11   2026-08-12 10:05:00
12   2026-08-12 10:56:00
13   2026-08-12 13:38:00
14   2026-08-12 14:32:00
15   2026-08-14 09:33:00
16   2026-08-14 10:22:00
17   2026-08-14 11:07:00
18   2026-08-14 13:40:00
19   2026-08-14 14:30:00
20   2026-08-14 15:04:00
21   2026-08-16 09:12:00
22   2026-08-16 09:23:00
23   2026-08-16 09:48:00
24   2026-08-16 10:02:00
25   2026-08-16 10:17:00
26   2026-08-16 10:36:00
27   2026-08-16 11:22:00
28   2026-08-16 11:51:00
29   2026-08-16 12:15:00
30   2026-08-15 12:01:00
31   2026-08-16 12:38:00
32   2026-08-16 12:59:00
33   2026-08-16 13:20:00
34   2026-08-16 13:38:00
35   2026-08-19 10:03:00
36   2026-08-19 11:01:00
37   2026-08-19 12:02:00
38   2026-08-19 14:07:00
39   2026-08-19 15:36:00
40   2026-08-19 16:40:00
41   2026-08-20 09:50:00
42   2026-08-20 13:15:00
Name: end_dt, dtype: datetime64[us]","0    2026-08-10 09:48:00
1    2026-08-10 10:40:00
2    2026-08-10 12:41:00
3    2026-08-10 14:25:00
4    2026-08-10 15:04:00
5    2026-08-10 15:45:00
6    2026-08-11 08:58:00
7    2026-08-11 09:43:00
8    2026-08-11 10:42:00
9    2026-08-11 12:36:00
10   2026-08-11 13:50:00
11   2026-08-12 09:30:00
12   2026-08-12 10:20:00
13   2026-08-12 13:04:00
14   2026-08-12 13:57:00
15   2026-08-14 08:59:00
16   2026-08-14 09:50:00
17   2026-08-14 10:36:00
18   2026-08-14 13:00:00
19   2026-08-14 13:56:00
20   2026-08-14 14:33:00
21   2026-08-15 07:51:00
22   2026-08-15 08:11:00
23   2026-08-15 08:43:00
24   2026-08-15 09:05:00
25   2026-08-15 09:32:00
26   2026-08-15 09:57:00
27   2026-08-15 10:48:00
28   2026-08-15 11:12:00
29   2026-08-15 11:30:00
30   2026-08-14 08:30:00
31   2026-08-15 12:22:00
32   2026-08-15 12:39:00
33   2026-08-15 13:09:00
34   2026-08-15 13:38:00
35   2026-08-19 09:28:00
36   2026-08-19 10:25:00
37   2026-08-19 11:28:00
38   2026-08-19 13:35:00
39   2026-08-19 15:00:00
40   2026-08-19 16:05:00
41   2026-08-20 09:10:00
42   2026-08-20 12:36:00
Name: weather_start_dt, dtype: datetime64[us]","0     40.843717
1     40.842397
2      40.84012
3     40.843717
4     40.842397
5      40.84012
6     40.847096
7     40.848686
8     40.856927
9     40.847096
10    40.848686
11    40.847084
12    40.847671
13    40.847084
14    40.847671
15    40.800138
16    40.800251
17    40.799598
18    40.800138
19    40.799598
20    40.800251
21    40.847671
22    40.847084
23    40.848686
24    40.847096
25    40.843717
26    40.842397
27    40.799598
28    40.800138
29    40.800251
30     40.80056
31    40.802954
32    40.705028
33    40.810995
34    40.806633
35    40.802954
36    40.810995
37     40.80056
38    40.802954
39    40.810995
40     40.80056
41    40.806633
42    40.806633
Name: latitude, dtype: object","0    -73.880764
1    -73.877734
2    -73.879419
3    -73.880764
4    -73.877734
5    -73.879419
6    -73.882462
7    -73.885202
8    -73.884577
9    -73.882462
10   -73.885202
11   -73.894102
12   -73.895419
13   -73.894102
14   -73.895419
15   -73.942507
16   -73.943601
17   -73.940784
18   -73.942507
19   -73.940784
20   -73.943601
21   -73.895419
22   -73.894102
23   -73.885202
24   -73.882462
25   -73.880764
26   -73.877734
27   -73.940784
28   -73.942507
29   -73.943601
30   -73.955883
31   -73.953793
32   -73.917031
33   -73.950817
34   -73.947051
35   -73.953793
36   -73.950817
37   -73.955883
38   -73.953793
39   -73.950817
40   -73.955883
41   -73.947051
42   -73.947051
Name: longitude, dtype: object","0     72503
1     72503
2     72503
3     72503
4     72503
5     72503
6     72503
7     72503
8     72503
9     72503
10    72503
11    72503
12    72503
13    72503
14    72503
15    KNYC0
16    KNYC0
17    KNYC0
18    KNYC0
19    KNYC0
20    KNYC0
21    72503
22    72503
23    72503
24    72503
25    72503
26    72503
27    KNYC0
28    KNYC0
29    KNYC0
30    KNYC0
31    KNYC0
32    KJRB0
33    KNYC0
34    KNYC0
35    KNYC0
36    KNYC0
37    KNYC0
38    KNYC0
39    KNYC0
40    KNYC0
41    KNYC0
42    KNYC0
Name: station, dtype: object"
26.6,45.5,8.0,0.0,,,,,,,,,,,,
,,,,"0       Krystal
1         River
2          Drew
3       Krystal
4         River
5          Drew
6      Hornaday
7     Happiness
8           BLF
9      Hornaday
10    Happiness
11        Oasis
12        Batey
13        Oasis
14        Batey
15        Lydia
16     Peaceful
17        Gallo
18        Lydia
19        Gallo
20     Peaceful
21        Batey
22        Oasis
23    Happiness
24     Hornaday
25      Krystal
26        River
27        Gallo
28        Lydia
29     Peaceful
30          ELG
31        Luigi
32       Carrie
33      Clayton
34      West123
35        Luigi
36      Clayton
37          ELG
38        Luigi
39      Clayton
40          ELG
41      West123
42      West123
Name: site, dtype: str","0               2093 Vyse Ave, Bronx, NY
1             1086 E 180th St, Bronx, NY
2          1070 E Tremont Ave, Bronx, NY
3               2093 Vyse Ave, Bronx, NY
4             1086 E 180th St, Bronx, NY
5          1070 E Tremont Ave, Bronx, NY
6             851 Hornaday Pl, Bronx, NY
7        2160 Prospect Avenue, Bronx, NY
8            2485 Belmont Ave, Bronx, NY
9             851 Hornaday Pl, Bronx, NY
10       2160 Prospect Avenue, Bronx, NY
11        1981 Lafontaine Ave, Bronx, NY
12             504 E 178th St, Bronx, NY
13        1981 Lafontaine Ave, Bronx, NY
14             504 E 178th St, Bronx, NY
15           1665 Park Ave, New York, NY
16           52 E 117th St, New York, NY
17      1891 Lexington Ave, New York, NY
18           1665 Park Ave, New York, NY
19      1891 Lexington Ave, New York, NY
20           52 E 117th St, New York, NY
21             504 E 178th St, Bronx, NY
22        1981 Lafontaine Ave, Bronx, NY
23       2160 Prospect Avenue, Bronx, NY
24            851 Hornaday Pl, Bronx, NY
25              2093 Vyse Ave, Bronx, NY
26            1086 E 180th St, Bronx, NY
27      1891 Lexington Ave, New York, NY
28           1665 Park Ave, New York, NY
29           52 E 117th St, New York, NY
30          237 W 111th St, New York, NY
31          227 W 115th St, New York, NY
32    145 St. Nicholas Ave, New York, NY
33          303 W 126th St, New York, NY
34          116 W 123rd St, New York, NY
35          227 W 115th St, New York, NY
36          303 W 126th St, New York, NY
37          237 W 111th St, New York, NY
38          227 W 115th St, New York, NY
39          303 W 126th St, New York, NY
40          237 W 111th St, New York, NY
41          116 W 123rd St, New York, NY
42          116 W 123rd St, New York, NY
Name: address, dtype: str","0      net
1      net
2      net
3      net
4      net
5      net
6      net
7      net
8      net
9      net
10     net
11     net
12     net
13     net
14     net
15     net
16     net
17     net
18     net
19     net
20     net
21    bowl
22    bowl
23    bowl
24    bowl
25    bowl
26    bowl
27    bowl
28    bowl
29    bowl
30    bowl
31    bowl
32    bowl
33    bowl
34    bowl
35     net
36     net
37     net
38     net
39     net
40     net
41     net
42     net
Name: method, dtype: str","0     8/10/2026
1     8/10/2026
2     8/10/2026
3     8/10/2026
4     8/10/2026
5     8/10/2026
6     8/11/2026
7     8/11/2026
8     8/11/2026
9     8/11/2026
10    8/11/2026
11    8/12/2026
12    8/12/2026
13    8/12/2026
14    8/12/2026
15    8/14/2026
16    8/14/2026
17    8/14/2026
18    8/14/2026
19    8/14/2026
20    8/14/2026
21    8/16/2026
22    8/16/2026
23    8/16/2026
24    8/16/2026
25    8/16/2026
26    8/16/2026
27    8/16/2026
28    8/16/2026
29    8/16/2026
30    8/15/2026
31    8/16/2026
32    8/16/2026
33    8/16/2026
34    8/16/2026
35    8/19/2026
36    8/19/2026
37    8/19/2026
38    8/19/2026
39    8/19/2026
40    8/19/2026
41    8/20/2026
42    8/20/2026
Name: date, dtype: str","0      9:48
1     10:40
2     12:41
3     14:25
4     15:04
5     15:45
6      8:58
7      9:43
8     10:42
9     12:36
10    13:50
11     9:30
12    10:20
13    13:04
14    13:57
15     8:59
16     9:50
17    10:36
18    13:00
19    13:56
20    14:33
21     7:51
22     8:11
23     8:43
24     9:05
25     9:32
26     9:57
27    10:48
28    11:12
29    11:30
30     8:30
31    12:22
32    12:39
33    13:09
34    13:38
35     9:28
36    10:25
37    11:28
38    13:35
39    15:00
40    16:05
41     9:10
42    12:36
Name: start, dtype: str","0     10:26
1     11:20
2     13:18
3     14:58
4     15:39
5     16:19
6      9:33
7     10:16
8     11:20
9     13:13
10    14:23
11    10:05
12    10:56
13    13:38
14    14:32
15     9:33
16    10:22
17    11:07
18    13:40
19    14:30
20    15:04
21     9:12
22     9:23
23     9:48
24    10:02
25    10:17
26    10:36
27    11:22
28    11:51
29    12:15
30    12:01
31    12:38
32    12:59
33    13:20
34    13:38
35    10:03
36    11:01
37    12:02
38    14:07
39    15:36
40    16:40
41     9:50
42    13:15
Name: end, dtype: str","0    2026-08-10 09:48:00
1    2026-08-10 10:40:00
2    2026-08-10 12:41:00
3    2026-08-10 14:25:00
4    2026-08-10 15:04:00
5    2026-08-10 15:45:00
6    2026-08-11 08:58:00
7    2026-08-11 09:43:00
8    2026-08-11 10:42:00
9    2026-08-11 12:36:00
10   2026-08-11 13:50:00
11   2026-08-12 09:30:00
12   2026-08-12 10:20:00
13   2026-08-12 13:04:00
14   2026-08-12 13:57:00
15   2026-08-14 08:59:00
16   2026-08-14 09:50:00
17   2026-08-14 10:36:00
18   2026-08-14 13:00:00
19   2026-08-14 13:56:00
20   2026-08-14 14:33:00
21   2026-08-16 07:51:00
22   2026-08-16 08:11:00
23   2026-08-16 08:43:00
24   2026-08-16 09:05:00
25   2026-08-16 09:32:00
26   2026-08-16 09:57:00
27   2026-08-16 10:48:00
28   2026-08-16 11:12:00
29   2026-08-16 11:30:00
30   2026-08-15 08:30:00
31   2026-08-16 12:22:00
32   2026-08-16 12:39:00
33   2026-08-16 13:09:00
34   2026-08-16 13:38:00
35   2026-08-19 09:28:00
36   2026-08-19 10:25:00
37   2026-08-19 11:28:00
38   2026-08-19 13:35:00
39   2026-08-19 15:00:00
40   2026-08-19 16:05:00
41   2026-08-20 09:10:00
42   2026-08-20 12:36:00
Name: start_dt, dtype: datetime64[us]","0    2026-08-10 10:26:00
1    2026-08-10 11:20:00
2    2026-08-10 13:18:00
3    2026-08-10 14:58:00
4    2026-08-10 15:39:00
5    2026-08-10 16:19:00
6    2026-08-11 09:33:00
7    2026-08-11 10:16:00
8    2026-08-11 11:20:00
9    2026-08-11 13:13:00
10   2026-08-11 14:23:00
11   2026-08-12 10:05:00
12   2026-08-12 10:56:00
13   2026-08-12 13:38:00
14   2026-08-12 14:32:00
15   2026-08-14 09:33:00
16   2026-08-14 10:22:00
17   2026-08-14 11:07:00
18   2026-08-14 13:40:00
19   2026-08-14 14:30:00
20   2026-08-14 15:04:00
21   2026-08-16 09:12:00
22   2026-08-16 09:23:00
23   2026-08-16 09:48:00
24   2026-08-16 10:02:00
25   2026-08-16 10:17:00
26   2026-08-16 10:36:00
27   2026-08-16 11:22:00
28   2026-08-16 11:51:00
29   2026-08-16 12:15:00
30   2026-08-15 12:01:00
31   2026-08-16 12:38:00
32   2026-08-16 12:59:00
33   2026-08-16 13:20:00
34   2026-08-16 13:38:00
35   2026-08-19 10:03:00
36   2026-08-19 11:01:00
37   2026-08-19 12:02:00
38   2026-08-19 14:07:00
39   2026-08-19 15:36:00
40   2026-08-19 16:40:00
41   2026-08-20 09:50:00
42   2026-08-20 13:15:00
Name: end_dt, dtype: datetime64[us]","0    2026-08-10 09:48:00
1    2026-08-10 10:40:00
2    2026-08-10 12:41:00
3    2026-08-10 14:25:00
4    2026-08-10 15:04:00
5    2026-08-10 15:45:00
6    2026-08-11 08:58:00
7    2026-08-11 09:43:00
8    2026-08-11 10:42:00
9    2026-08-11 12:36:00
10   2026-08-11 13:50:00
11   2026-08-12 09:30:00
12   2026-08-12 10:20:00
13   2026-08-12 13:04:00
14   2026-08-12 13:57:00
15   2026-08-14 08:59:00
16   2026-08-14 09:50:00
17   2026-08-14 10:36:00
18   2026-08-14 13:00:00
19   2026-08-14 13:56:00
20   2026-08-14 14:33:00
21   2026-08-15 07:51:00
22   2026-08-15 08:11:00
23   2026-08-15 08:43:00
24   2026-08-15 09:05:00
25   2026-08-15 09:32:00
26   2026-08-15 09:57:00
27   2026-08-15 10:48:00
28   2026-08-15 11:12:00
29   2026-08-15 11:30:00
30   2026-08-14 08:30:00
31   2026-08-15 12:22:00
32   2026-08-15 12:39:00
33   2026-08-15 13:09:00
34   2026-08-15 13:38:00
35   2026-08-19 09:28:00
36   2026-08-19 10:25:00
37   2026-08-19 11:28:00
38   2026-08-19 13:35:00
39   2026-08-19 15:00:00
40   2026-08-19 16:05:00
41   2026-08-20 09:10:00
42   2026-08-20 12:36:00
Name: weather_start_dt, dtype: datetime64[us]","0     40.843717
1     40.842397
2      40.84012
3     40.843717
4     40.842397
5      40.84012
6     40.847096
7     40.848686
8     40.856927
9     40.847096
10    40.848686
11    40.847084
12    40.847671
13    40.847084
14    40.847671
15    40.800138
16    40.800251
17    40.799598
18    40.800138
19    40.799598
20    40.800251
21    40.847671
22    40.847084
23    40.848686
24    40.847096
25    40.843717
26    40.842397
27    40.799598
28    40.800138
29    40.800251
30     40.80056
31    40.802954
32    40.705028
33    40.810995
34    40.806633
35    40.802954
36    40.810995
37     40.80056
38    40.802954
39    40.810995
40     40.80056
41    40.806633
42    40.806633
Name: latitude, dtype: object","0    -73.880764
1    -73.877734
2    -73.879419
3    -73.880764
4    -73.877734
5    -73.879419
6    -73.882462
7    -73.885202
8    -73.884577
9    -73.882462
10   -73.885202
11   -73.894102
12   -73.895419
13   -73.894102
14   -73.895419
15   -73.942507
16   -73.943601
17   -73.940784
18   -73.942507
19   -73.940784
20   -73.943601
21   -73.895419
22   -73.894102
23   -73.885202
24   -73.882462
25   -73.880764
26   -73.877734
27   -73.940784
28   -73.942507
29   -73.943601
30   -73.955883
31   -73.953793
32   -73.917031
33   -73.950817
34   -73.947051
35   -73.953793
36   -73.950817
37   -73.955883
38   -73.953793
39   -73.950817
40   -73.955883
41   -73.947051
42   -73.947051
Name: longitude, dtype: object","0     72503
1     72503
2     72503
3     72503
4     72503
5     72503
6     72503
7     72503
8     72503
9     72503
10    72503
11    72503
12    72503
13    72503
14    72503
15    KNYC0
16    KNYC0
17    KNYC0
18    KNYC0
19    KNYC0
20    KNYC0
21    72503
22    72503
23    72503
24    72503
25    72503
26    72503
27    KNYC0
28    KNYC0
29    KNYC0
30    KNYC0
31    KNYC0
32    KJRB0
33    KNYC0
34    KNYC0
35    KNYC0
36    KNYC0
37    KNYC0
38    KNYC0
39    KNYC0
40    KNYC0
41    KNYC0
42    KNYC0
Name: station, dtype: object"
22.2,68.0,4.0,0.0,,,,,,,,,,,,
,,,,"0       Krystal
1         River
2          Drew
3       Krystal
4         River
5          Drew
6      Hornaday
7     Happiness
8           BLF
9      Hornaday
10    Happiness
11        Oasis
12        Batey
13        Oasis
14        Batey
15        Lydia
16     Peaceful
17        Gallo
18        Lydia
19        Gallo
20     Peaceful
21        Batey
22        Oasis
23    Happiness
24     Hornaday
25      Krystal
26        River
27        Gallo
28        Lydia
29     Peaceful
30          ELG
31        Luigi
32       Carrie
33      Clayton
34      West123
35        Luigi
36      Clayton
37          ELG
38        Luigi
39      Clayton
40          ELG
41      West123
42      West123
Name: site, dtype: str","0               2093 Vyse Ave, Bronx, NY
1             1086 E 180th St, Bronx, NY
2          1070 E Tremont Ave, Bronx, NY
3               2093 Vyse Ave, Bronx, NY
4             1086 E 180th St, Bronx, NY
5          1070 E Tremont Ave, Bronx, NY
6             851 Hornaday Pl, Bronx, NY
7        2160 Prospect Avenue, Bronx, NY
8            2485 Belmont Ave, Bronx, NY
9             851 Hornaday Pl, Bronx, NY
10       2160 Prospect Avenue, Bronx, NY
11        1981 Lafontaine Ave, Bronx, NY
12             504 E 178th St, Bronx, NY
13        1981 Lafontaine Ave, Bronx, NY
14             504 E 178th St, Bronx, NY
15           1665 Park Ave, New York, NY
16           52 E 117th St, New York, NY
17      1891 Lexington Ave, New York, NY
18           1665 Park Ave, New York, NY
19      1891 Lexington Ave, New York, NY
20           52 E 117th St, New York, NY
21             504 E 178th St, Bronx, NY
22        1981 Lafontaine Ave, Bronx, NY
23       2160 Prospect Avenue, Bronx, NY
24            851 Hornaday Pl, Bronx, NY
25              2093 Vyse Ave, Bronx, NY
26            1086 E 180th St, Bronx, NY
27      1891 Lexington Ave, New York, NY
28           1665 Park Ave, New York, NY
29           52 E 117th St, New York, NY
30          237 W 111th St, New York, NY
31          227 W 115th St, New York, NY
32    145 St. Nicholas Ave, New York, NY
33          303 W 126th St, New York, NY
34          116 W 123rd St, New York, NY
35          227 W 115th St, New York, NY
36          303 W 126th St, New York, NY
37          237 W 111th St, New York, NY
38          227 W 115th St, New York, NY
39          303 W 126th St, New York, NY
40          237 W 111th St, New York, NY
41          116 W 123rd St, New York, NY
42          116 W 123rd St, New York, NY
Name: address, dtype: str","0      net
1      net
2      net
3      net
4      net
5      net
6      net
7      net
8      net
9      net
10     net
11     net
12     net
13     net
14     net
15     net
16     net
17     net
18     net
19     net
20     net
21    bowl
22    bowl
23    bowl
24    bowl
25    bowl
26    bowl
27    bowl
28    bowl
29    bowl
30    bowl
31    bowl
32    bowl
33    bowl
34    bowl
35     net
36     net
37     net
38     net
39     net
40     net
41     net
42     net
Name: method, dtype: str","0     8/10/2026
1     8/10/2026
2     8/10/2026
3     8/10/2026
4     8/10/2026
5     8/10/2026
6     8/11/2026
7     8/11/2026
8     8/11/2026
9     8/11/2026
10    8/11/2026
11    8/12/2026
12    8/12/2026
13    8/12/2026
14    8/12/2026
15    8/14/2026
16    8/14/2026
17    8/14/2026
18    8/14/2026
19    8/14/2026
20    8/14/2026
21    8/16/2026
22    8/16/2026
23    8/16/2026
24    8/16/2026
25    8/16/2026
26    8/16/2026
27    8/16/2026
28    8/16/2026
29    8/16/2026
30    8/15/2026
31    8/16/2026
32    8/16/2026
33    8/16/2026
34    8/16/2026
35    8/19/2026
36    8/19/2026
37    8/19/2026
38    8/19/2026
39    8/19/2026
40    8/19/2026
41    8/20/2026
42    8/20/2026
Name: date, dtype: str","0      9:48
1     10:40
2     12:41
3     14:25
4     15:04
5     15:45
6      8:58
7      9:43
8     10:42
9     12:36
10    13:50
11     9:30
12    10:20
13    13:04
14    13:57
15     8:59
16     9:50
17    10:36
18    13:00
19    13:56
20    14:33
21     7:51
22     8:11
23     8:43
24     9:05
25     9:32
26     9:57
27    10:48
28    11:12
29    11:30
30     8:30
31    12:22
32    12:39
33    13:09
34    13:38
35     9:28
36    10:25
37    11:28
38    13:35
39    15:00
40    16:05
41     9:10
42    12:36
Name: start, dtype: str","0     10:26
1     11:20
2     13:18
3     14:58
4     15:39
5     16:19
6      9:33
7     10:16
8     11:20
9     13:13
10    14:23
11    10:05
12    10:56
13    13:38
14    14:32
15     9:33
16    10:22
17    11:07
18    13:40
19    14:30
20    15:04
21     9:12
22     9:23
23     9:48
24    10:02
25    10:17
26    10:36
27    11:22
28    11:51
29    12:15
30    12:01
31    12:38
32    12:59
33    13:20
34    13:38
35    10:03
36    11:01
37    12:02
38    14:07
39    15:36
40    16:40
41     9:50
42    13:15
Name: end, dtype: str","0    2026-08-10 09:48:00
1    2026-08-10 10:40:00
2    2026-08-10 12:41:00
3    2026-08-10 14:25:00
4    2026-08-10 15:04:00
5    2026-08-10 15:45:00
6    2026-08-11 08:58:00
7    2026-08-11 09:43:00
8    2026-08-11 10:42:00
9    2026-08-11 12:36:00
10   2026-08-11 13:50:00
11   2026-08-12 09:30:00
12   2026-08-12 10:20:00
13   2026-08-12 13:04:00
14   2026-08-12 13:57:00
15   2026-08-14 08:59:00
16   2026-08-14 09:50:00
17   2026-08-14 10:36:00
18   2026-08-14 13:00:00
19   2026-08-14 13:56:00
20   2026-08-14 14:33:00
21   2026-08-16 07:51:00
22   2026-08-16 08:11:00
23   2026-08-16 08:43:00
24   2026-08-16 09:05:00
25   2026-08-16 09:32:00
26   2026-08-16 09:57:00
27   2026-08-16 10:48:00
28   2026-08-16 11:12:00
29   2026-08-16 11:30:00
30   2026-08-15 08:30:00
31   2026-08-16 12:22:00
32   2026-08-16 12:39:00
33   2026-08-16 13:09:00
34   2026-08-16 13:38:00
35   2026-08-19 09:28:00
36   2026-08-19 10:25:00
37   2026-08-19 11:28:00
38   2026-08-19 13:35:00
39   2026-08-19 15:00:00
40   2026-08-19 16:05:00
41   2026-08-20 09:10:00
42   2026-08-20 12:36:00
Name: start_dt, dtype: datetime64[us]","0    2026-08-10 10:26:00
1    2026-08-10 11:20:00
2    2026-08-10 13:18:00
3    2026-08-10 14:58:00
4    2026-08-10 15:39:00
5    2026-08-10 16:19:00
6    2026-08-11 09:33:00
7    2026-08-11 10:16:00
8    2026-08-11 11:20:00
9    2026-08-11 13:13:00
10   2026-08-11 14:23:00
11   2026-08-12 10:05:00
12   2026-08-12 10:56:00
13   2026-08-12 13:38:00
14   2026-08-12 14:32:00
15   2026-08-14 09:33:00
16   2026-08-14 10:22:00
17   2026-08-14 11:07:00
18   2026-08-14 13:40:00
19   2026-08-14 14:30:00
20   2026-08-14 15:04:00
21   2026-08-16 09:12:00
22   2026-08-16 09:23:00
23   2026-08-16 09:48:00
24   2026-08-16 10:02:00
25   2026-08-16 10:17:00
26   2026-08-16 10:36:00
27   2026-08-16 11:22:00
28   2026-08-16 11:51:00
29   2026-08-16 12:15:00
30   2026-08-15 12:01:00
31   2026-08-16 12:38:00
32   2026-08-16 12:59:00
33   2026-08-16 13:20:00
34   2026-08-16 13:38:00
35   2026-08-19 10:03:00
36   2026-08-19 11:01:00
37   2026-08-19 12:02:00
38   2026-08-19 14:07:00
39   2026-08-19 15:36:00
40   2026-08-19 16:40:00
41   2026-08-20 09:50:00
42   2026-08-20 13:15:00
Name: end_dt, dtype: datetime64[us]","0    2026-08-10 09:48:00
1    2026-08-10 10:40:00
2    2026-08-10 12:41:00
3    2026-08-10 14:25:00
4    2026-08-10 15:04:00
5    2026-08-10 15:45:00
6    2026-08-11 08:58:00
7    2026-08-11 09:43:00
8    2026-08-11 10:42:00
9    2026-08-11 12:36:00
10   2026-08-11 13:50:00
11   2026-08-12 09:30:00
12   2026-08-12 10:20:00
13   2026-08-12 13:04:00
14   2026-08-12 13:57:00
15   2026-08-14 08:59:00
16   2026-08-14 09:50:00
17   2026-08-14 10:36:00
18   2026-08-14 13:00:00
19   2026-08-14 13:56:00
20   2026-08-14 14:33:00
21   2026-08-15 07:51:00
22   2026-08-15 08:11:00
23   2026-08-15 08:43:00
24   2026-08-15 09:05:00
25   2026-08-15 09:32:00
26   2026-08-15 09:57:00
27   2026-08-15 10:48:00
28   2026-08-15 11:12:00
29   2026-08-15 11:30:00
30   2026-08-14 08:30:00
31   2026-08-15 12:22:00
32   2026-08-15 12:39:00
33   2026-08-15 13:09:00
34   2026-08-15 13:38:00
35   2026-08-19 09:28:00
36   2026-08-19 10:25:00
37   2026-08-19 11:28:00
38   2026-08-19 13:35:00
39   2026-08-19 15:00:00
40   2026-08-19 16:05:00
41   2026-08-20 09:10:00
42   2026-08-20 12:36:00
Name: weather_start_dt, dtype: datetime64[us]","0     40.843717
1     40.842397
2      40.84012
3     40.843717
4     40.842397
5      40.84012
6     40.847096
7     40.848686
8     40.856927
9     40.847096
10    40.848686
11    40.847084
12    40.847671
13    40.847084
14    40.847671
15    40.800138
16    40.800251
17    40.799598
18    40.800138
19    40.799598
20    40.800251
21    40.847671
22    40.847084
23    40.848686
24    40.847096
25    40.843717
26    40.842397
27    40.799598
28    40.800138
29    40.800251
30     40.80056
31    40.802954
32    40.705028
33    40.810995
34    40.806633
35    40.802954
36    40.810995
37     40.80056
38    40.802954
39    40.810995
40     40.80056
41    40.806633
42    40.806633
Name: latitude, dtype: object","0    -73.880764
1    -73.877734
2    -73.879419
3    -73.880764
4    -73.877734
5    -73.879419
6    -73.882462
7    -73.885202
8    -73.884577
9    -73.882462
10   -73.885202
11   -73.894102
12   -73.895419
13   -73.894102
14   -73.895419
15   -73.942507
16   -73.943601
17   -73.940784
18   -73.942507
19   -73.940784
20   -73.943601
21   -73.895419
22   -73.894102
23   -73.885202
24   -73.882462
25   -73.880764
26   -73.877734
27   -73.940784
28   -73.942507
29   -73.943601
30   -73.955883
31   -73.953793
32   -73.917031
33   -73.950817
34   -73.947051
35   -73.953793
36   -73.950817
37   -73.955883
38   -73.953793
39   -73.950817
40   -73.955883
41   -73.947051
42   -73.947051
Name: longitude, dtype: object","0     72503
1     72503
2     72503
3     72503
4     72503
5     72503
6     72503
7     72503
8     72503
9     72503
10    72503
11    72503
12    72503
13    72503
14    72503
15    KNYC0
16    KNYC0
17    KNYC0
18    KNYC0
19    KNYC0
20    KNYC0
21    72503
22    72503
23    72503
24    72503
25    72503
26    72503
27    KNYC0
28    KNYC0
29    KNYC0
30    KNYC0
31    KNYC0
32    KJRB0
33    KNYC0
34    KNYC0
35    KNYC0
36    KNYC0
37    KNYC0
38    KNYC0
39    KNYC0
40    KNYC0
41    KNYC0
42    KNYC0
Name: station, dtype: object"
22.2,68.0,3.0,0.0,,,,,,,,,,,,
,,,,"0       Krystal
1         River
2          Drew
3       Krystal
4         River
5          Drew
6      Hornaday
7     Happiness
8           BLF
9      Hornaday
10    Happiness
11        Oasis
12        Batey
13        Oasis
14        Batey
15        Lydia
16     Peaceful
17        Gallo
18        Lydia
19        Gallo
20     Peaceful
21        Batey
22        Oasis
23    Happiness
24     Hornaday
25      Krystal
26        River
27        Gallo
28        Lydia
29     Peaceful
30          ELG
31        Luigi
32       Carrie
33      Clayton
34      West123
35        Luigi
36      Clayton
37          ELG
38        Luigi
39      Clayton
40          ELG
41      West123
42      West123
Name: site, dtype: str","0               2093 Vyse Ave, Bronx, NY
1             1086 E 180th St, Bronx, NY
2          1070 E Tremont Ave, Bronx, NY
3               2093 Vyse Ave, Bronx, NY
4             1086 E 180th St, Bronx, NY
5          1070 E Tremont Ave, Bronx, NY
6             851 Hornaday Pl, Bronx, NY
7        2160 Prospect Avenue, Bronx, NY
8            2485 Belmont Ave, Bronx, NY
9             851 Hornaday Pl, Bronx, NY
10       2160 Prospect Avenue, Bronx, NY
11        1981 Lafontaine Ave, Bronx, NY
12             504 E 178th St, Bronx, NY
13        1981 Lafontaine Ave, Bronx, NY
14             504 E 178th St, Bronx, NY
15           1665 Park Ave, New York, NY
16           52 E 117th St, New York, NY
17      1891 Lexington Ave, New York, NY
18           1665 Park Ave, New York, NY
19      1891 Lexington Ave, New York, NY
20           52 E 117th St, New York, NY
21             504 E 178th St, Bronx, NY
22        1981 Lafontaine Ave, Bronx, NY
23       2160 Prospect Avenue, Bronx, NY
24            851 Hornaday Pl, Bronx, NY
25              2093 Vyse Ave, Bronx, NY
26            1086 E 180th St, Bronx, NY
27      1891 Lexington Ave, New York, NY
28           1665 Park Ave, New York, NY
29           52 E 117th St, New York, NY
30          237 W 111th St, New York, NY
31          227 W 115th St, New York, NY
32    145 St. Nicholas Ave, New York, NY
33          303 W 126th St, New York, NY
34          116 W 123rd St, New York, NY
35          227 W 115th St, New York, NY
36          303 W 126th St, New York, NY
37          237 W 111th St, New York, NY
38          227 W 115th St, New York, NY
39          303 W 126th St, New York, NY
40          237 W 111th St, New York, NY
41          116 W 123rd St, New York, NY
42          116 W 123rd St, New York, NY
Name: address, dtype: str","0      net
1      net
2      net
3      net
4      net
5      net
6      net
7      net
8      net
9      net
10     net
11     net
12     net
13     net
14     net
15     net
16     net
17     net
18     net
19     net
20     net
21    bowl
22    bowl
23    bowl
24    bowl
25    bowl
26    bowl
27    bowl
28    bowl
29    bowl
30    bowl
31    bowl
32    bowl
33    bowl
34    bowl
35     net
36     net
37     net
38     net
39     net
40     net
41     net
42     net
Name: method, dtype: str","0     8/10/2026
1     8/10/2026
2     8/10/2026
3     8/10/2026
4     8/10/2026
5     8/10/2026
6     8/11/2026
7     8/11/2026
8     8/11/2026
9     8/11/2026
10    8/11/2026
11    8/12/2026
12    8/12/2026
13    8/12/2026
14    8/12/2026
15    8/14/2026
16    8/14/2026
17    8/14/2026
18    8/14/2026
19    8/14/2026
20    8/14/2026
21    8/16/2026
22    8/16/2026
23    8/16/2026
24    8/16/2026
25    8/16/2026
26    8/16/2026
27    8/16/2026
28    8/16/2026
29    8/16/2026
30    8/15/2026
31    8/16/2026
32    8/16/2026
33    8/16/2026
34    8/16/2026
35    8/19/2026
36    8/19/2026
37    8/19/2026
38    8/19/2026
39    8/19/2026
40    8/19/2026
41    8/20/2026
42    8/20/2026
Name: date, dtype: str","0      9:48
1     10:40
2     12:41
3     14:25
4     15:04
5     15:45
6      8:58
7      9:43
8     10:42
9     12:36
10    13:50
11     9:30
12    10:20
13    13:04
14    13:57
15     8:59
16     9:50
17    10:36
18    13:00
19    13:56
20    14:33
21     7:51
22     8:11
23     8:43
24     9:05
25     9:32
26     9:57
27    10:48
28    11:12
29    11:30
30     8:30
31    12:22
32    12:39
33    13:09
34    13:38
35     9:28
36    10:25
37    11:28
38    13:35
39    15:00
40    16:05
41     9:10
42    12:36
Name: start, dtype: str","0     10:26
1     11:20
2     13:18
3     14:58
4     15:39
5     16:19
6      9:33
7     10:16
8     11:20
9     13:13
10    14:23
11    10:05
12    10:56
13    13:38
14    14:32
15     9:33
16    10:22
17    11:07
18    13:40
19    14:30
20    15:04
21     9:12
22     9:23
23     9:48
24    10:02
25    10:17
26    10:36
27    11:22
28    11:51
29    12:15
30    12:01
31    12:38
32    12:59
33    13:20
34    13:38
35    10:03
36    11:01
37    12:02
38    14:07
39    15:36
40    16:40
41     9:50
42    13:15
Name: end, dtype: str","0    2026-08-10 09:48:00
1    2026-08-10 10:40:00
2    2026-08-10 12:41:00
3    2026-08-10 14:25:00
4    2026-08-10 15:04:00
5    2026-08-10 15:45:00
6    2026-08-11 08:58:00
7    2026-08-11 09:43:00
8    2026-08-11 10:42:00
9    2026-08-11 12:36:00
10   2026-08-11 13:50:00
11   2026-08-12 09:30:00
12   2026-08-12 10:20:00
13   2026-08-12 13:04:00
14   2026-08-12 13:57:00
15   2026-08-14 08:59:00
16   2026-08-14 09:50:00
17   2026-08-14 10:36:00
18   2026-08-14 13:00:00
19   2026-08-14 13:56:00
20   2026-08-14 14:33:00
21   2026-08-16 07:51:00
22   2026-08-16 08:11:00
23   2026-08-16 08:43:00
24   2026-08-16 09:05:00
25   2026-08-16 09:32:00
26   2026-08-16 09:57:00
27   2026-08-16 10:48:00
28   2026-08-16 11:12:00
29   2026-08-16 11:30:00
30   2026-08-15 08:30:00
31   2026-08-16 12:22:00
32   2026-08-16 12:39:00
33   2026-08-16 13:09:00
34   2026-08-16 13:38:00
35   2026-08-19 09:28:00
36   2026-08-19 10:25:00
37   2026-08-19 11:28:00
38   2026-08-19 13:35:00
39   2026-08-19 15:00:00
40   2026-08-19 16:05:00
41   2026-08-20 09:10:00
42   2026-08-20 12:36:00
Name: start_dt, dtype: datetime64[us]","0    2026-08-10 10:26:00
1    2026-08-10 11:20:00
2    2026-08-10 13:18:00
3    2026-08-10 14:58:00
4    2026-08-10 15:39:00
5    2026-08-10 16:19:00
6    2026-08-11 09:33:00
7    2026-08-11 10:16:00
8    2026-08-11 11:20:00
9    2026-08-11 13:13:00
10   2026-08-11 14:23:00
11   2026-08-12 10:05:00
12   2026-08-12 10:56:00
13   2026-08-12 13:38:00
14   2026-08-12 14:32:00
15   2026-08-14 09:33:00
16   2026-08-14 10:22:00
17   2026-08-14 11:07:00
18   2026-08-14 13:40:00
19   2026-08-14 14:30:00
20   2026-08-14 15:04:00
21   2026-08-16 09:12:00
22   2026-08-16 09:23:00
23   2026-08-16 09:48:00
24   2026-08-16 10:02:00
25   2026-08-16 10:17:00
26   2026-08-16 10:36:00
27   2026-08-16 11:22:00
28   2026-08-16 11:51:00
29   2026-08-16 12:15:00
30   2026-08-15 12:01:00
31   2026-08-16 12:38:00
32   2026-08-16 12:59:00
33   2026-08-16 13:20:00
34   2026-08-16 13:38:00
35   2026-08-19 10:03:00
36   2026-08-19 11:01:00
37   2026-08-19 12:02:00
38   2026-08-19 14:07:00
39   2026-08-19 15:36:00
40   2026-08-19 16:40:00
41   2026-08-20 09:50:00
42   2026-08-20 13:15:00
Name: end_dt, dtype: datetime64[us]","0    2026-08-10 09:48:00
1    2026-08-10 10:40:00
2    2026-08-10 12:41:00
3    2026-08-10 14:25:00
4    2026-08-10 15:04:00
5    2026-08-10 15:45:00
6    2026-08-11 08:58:00
7    2026-08-11 09:43:00
8    2026-08-11 10:42:00
9    2026-08-11 12:36:00
10   2026-08-11 13:50:00
11   2026-08-12 09:30:00
12   2026-08-12 10:20:00
13   2026-08-12 13:04:00
14   2026-08-12 13:57:00
15   2026-08-14 08:59:00
16   2026-08-14 09:50:00
17   2026-08-14 10:36:00
18   2026-08-14 13:00:00
19   2026-08-14 13:56:00
20   2026-08-14 14:33:00
21   2026-08-15 07:51:00
22   2026-08-15 08:11:00
23   2026-08-15 08:43:00
24   2026-08-15 09:05:00
25   2026-08-15 09:32:00
26   2026-08-15 09:57:00
27   2026-08-15 10:48:00
28   2026-08-15 11:12:00
29   2026-08-15 11:30:00
30   2026-08-14 08:30:00
31   2026-08-15 12:22:00
32   2026-08-15 12:39:00
33   2026-08-15 13:09:00
34   2026-08-15 13:38:00
35   2026-08-19 09:28:00
36   2026-08-19 10:25:00
37   2026-08-19 11:28:00
38   2026-08-19 13:35:00
39   2026-08-19 15:00:00
40   2026-08-19 16:05:00
41   2026-08-20 09:10:00
42   2026-08-20 12:36:00
Name: weather_start_dt, dtype: datetime64[us]","0     40.843717
1     40.842397
2      40.84012
3     40.843717
4     40.842397
5      40.84012
6     40.847096
7     40.848686
8     40.856927
9     40.847096
10    40.848686
11    40.847084
12    40.847671
13    40.847084
14    40.847671
15    40.800138
16    40.800251
17    40.799598
18    40.800138
19    40.799598
20    40.800251
21    40.847671
22    40.847084
23    40.848686
24    40.847096
25    40.843717
26    40.842397
27    40.799598
28    40.800138
29    40.800251
30     40.80056
31    40.802954
32    40.705028
33    40.810995
34    40.806633
35    40.802954
36    40.810995
37     40.80056
38    40.802954
39    40.810995
40     40.80056
41    40.806633
42    40.806633
Name: latitude, dtype: object","0    -73.880764
1    -73.877734
2    -73.879419
3    -73.880764
4    -73.877734
5    -73.879419
6    -73.882462
7    -73.885202
8    -73.884577
9    -73.882462
10   -73.885202
11   -73.894102
12   -73.895419
13   -73.894102
14   -73.895419
15   -73.942507
16   -73.943601
17   -73.940784
18   -73.942507
19   -73.940784
20   -73.943601
21   -73.895419
22   -73.894102
23   -73.885202
24   -73.882462
25   -73.880764
26   -73.877734
27   -73.940784
28   -73.942507
29   -73.943601
30   -73.955883
31   -73.953793
32   -73.917031
33   -73.950817
34   -73.947051
35   -73.953793
36   -73.950817
37   -73.955883
38   -73.953793
39   -73.950817
40   -73.955883
41   -73.947051
42   -73.947051
Name: longitude, dtype: object","0     72503
1     72503
2     72503
3     72503
4     72503
5     72503
6     72503
7     72503
8     72503
9     72503
10    72503
11    72503
12    72503
13    72503
14    72503
15    KNYC0
16    KNYC0
17    KNYC0
18    KNYC0
19    KNYC0
20    KNYC0
21    72503
22    72503
23    72503
24    72503
25    72503
26    72503
27    KNYC0
28    KNYC0
29    KNYC0
30    KNYC0
31    KNYC0
32    KJRB0
33    KNYC0
34    KNYC0
35    KNYC0
36    KNYC0
37    KNYC0
38    KNYC0
39    KNYC0
40    KNYC0
41    KNYC0
42    KNYC0
Name: station, dtype: object"
22.2,68.0,3.0,0.0,,,,,,,,,,,,
,,,,"0       Krystal
1         River
2          Drew
3       Krystal
4         River
5          Drew
6      Hornaday
7     Happiness
8           BLF
9      Hornaday
10    Happiness
11        Oasis
12        Batey
13        Oasis
14        Batey
15        Lydia
16     Peaceful
17        Gallo
18        Lydia
19        Gallo
20     Peaceful
21        Batey
22        Oasis
23    Happiness
24     Hornaday
25      Krystal
26        River
27        Gallo
28        Lydia
29     Peaceful
30          ELG
31        Luigi
32       Carrie
33      Clayton
34      West123
35        Luigi
36      Clayton
37          ELG
38        Luigi
39      Clayton
40          ELG
41      West123
42      West123
Name: site, dtype: str","0               2093 Vyse Ave, Bronx, NY
1             1086 E 180th St, Bronx, NY
2          1070 E Tremont Ave, Bronx, NY
3               2093 Vyse Ave, Bronx, NY
4             1086 E 180th St, Bronx, NY
5          1070 E Tremont Ave, Bronx, NY
6             851 Hornaday Pl, Bronx, NY
7        2160 Prospect Avenue, Bronx, NY
8            2485 Belmont Ave, Bronx, NY
9             851 Hornaday Pl, Bronx, NY
10       2160 Prospect Avenue, Bronx, NY
11        1981 Lafontaine Ave, Bronx, NY
12             504 E 178th St, Bronx, NY
13        1981 Lafontaine Ave, Bronx, NY
14             504 E 178th St, Bronx, NY
15           1665 Park Ave, New York, NY
16           52 E 117th St, New York, NY
17      1891 Lexington Ave, New York, NY
18           1665 Park Ave, New York, NY
19      1891 Lexington Ave, New York, NY
20           52 E 117th St, New York, NY
21             504 E 178th St, Bronx, NY
22        1981 Lafontaine Ave, Bronx, NY
23       2160 Prospect Avenue, Bronx, NY
24            851 Hornaday Pl, Bronx, NY
25              2093 Vyse Ave, Bronx, NY
26            1086 E 180th St, Bronx, NY
27      1891 Lexington Ave, New York, NY
28           1665 Park Ave, New York, NY
29           52 E 117th St, New York, NY
30          237 W 111th St, New York, NY
31          227 W 115th St, New York, NY
32    145 St. Nicholas Ave, New York, NY
33          303 W 126th St, New York, NY
34          116 W 123rd St, New York, NY
35          227 W 115th St, New York, NY
36          303 W 126th St, New York, NY
37          237 W 111th St, New York, NY
38          227 W 115th St, New York, NY
39          303 W 126th St, New York, NY
40          237 W 111th St, New York, NY
41          116 W 123rd St, New York, NY
42          116 W 123rd St, New York, NY
Name: address, dtype: str","0      net
1      net
2      net
3      net
4      net
5      net
6      net
7      net
8      net
9      net
10     net
11     net
12     net
13     net
14     net
15     net
16     net
17     net
18     net
19     net
20     net
21    bowl
22    bowl
23    bowl
24    bowl
25    bowl
26    bowl
27    bowl
28    bowl
29    bowl
30    bowl
31    bowl
32    bowl
33    bowl
34    bowl
35     net
36     net
37     net
38     net
39     net
40     net
41     net
42     net
Name: method, dtype: str","0     8/10/2026
1     8/10/2026
2     8/10/2026
3     8/10/2026
4     8/10/2026
5     8/10/2026
6     8/11/2026
7     8/11/2026
8     8/11/2026
9     8/11/2026
10    8/11/2026
11    8/12/2026
12    8/12/2026
13    8/12/2026
14    8/12/2026
15    8/14/2026
16    8/14/2026
17    8/14/2026
18    8/14/2026
19    8/14/2026
20    8/14/2026
21    8/16/2026
22    8/16/2026
23    8/16/2026
24    8/16/2026
25    8/16/2026
26    8/16/2026
27    8/16/2026
28    8/16/2026
29    8/16/2026
30    8/15/2026
31    8/16/2026
32    8/16/2026
33    8/16/2026
34    8/16/2026
35    8/19/2026
36    8/19/2026
37    8/19/2026
38    8/19/2026
39    8/19/2026
40    8/19/2026
41    8/20/2026
42    8/20/2026
Name: date, dtype: str","0      9:48
1     10:40
2     12:41
3     14:25
4     15:04
5     15:45
6      8:58
7      9:43
8     10:42
9     12:36
10    13:50
11     9:30
12    10:20
13    13:04
14    13:57
15     8:59
16     9:50
17    10:36
18    13:00
19    13:56
20    14:33
21     7:51
22     8:11
23     8:43
24     9:05
25     9:32
26     9:57
27    10:48
28    11:12
29    11:30
30     8:30
31    12:22
32    12:39
33    13:09
34    13:38
35     9:28
36    10:25
37    11:28
38    13:35
39    15:00
40    16:05
41     9:10
42    12:36
Name: start, dtype: str","0     10:26
1     11:20
2     13:18
3     14:58
4     15:39
5     16:19
6      9:33
7     10:16
8     11:20
9     13:13
10    14:23
11    10:05
12    10:56
13    13:38
14    14:32
15     9:33
16    10:22
17    11:07
18    13:40
19    14:30
20    15:04
21     9:12
22     9:23
23     9:48
24    10:02
25    10:17
26    10:36
27    11:22
28    11:51
29    12:15
30    12:01
31    12:38
32    12:59
33    13:20
34    13:38
35    10:03
36    11:01
37    12:02
38    14:07
39    15:36
40    16:40
41     9:50
42    13:15
Name: end, dtype: str","0    2026-08-10 09:48:00
1    2026-08-10 10:40:00
2    2026-08-10 12:41:00
3    2026-08-10 14:25:00
4    2026-08-10 15:04:00
5    2026-08-10 15:45:00
6    2026-08-11 08:58:00
7    2026-08-11 09:43:00
8    2026-08-11 10:42:00
9    2026-08-11 12:36:00
10   2026-08-11 13:50:00
11   2026-08-12 09:30:00
12   2026-08-12 10:20:00
13   2026-08-12 13:04:00
14   2026-08-12 13:57:00
15   2026-08-14 08:59:00
16   2026-08-14 09:50:00
17   2026-08-14 10:36:00
18   2026-08-14 13:00:00
19   2026-08-14 13:56:00
20   2026-08-14 14:33:00
21   2026-08-16 07:51:00
22   2026-08-16 08:11:00
23   2026-08-16 08:43:00
24   2026-08-16 09:05:00
25   2026-08-16 09:32:00
26   2026-08-16 09:57:00
27   2026-08-16 10:48:00
28   2026-08-16 11:12:00
29   2026-08-16 11:30:00
30   2026-08-15 08:30:00
31   2026-08-16 12:22:00
32   2026-08-16 12:39:00
33   2026-08-16 13:09:00
34   2026-08-16 13:38:00
35   2026-08-19 09:28:00
36   2026-08-19 10:25:00
37   2026-08-19 11:28:00
38   2026-08-19 13:35:00
39   2026-08-19 15:00:00
40   2026-08-19 16:05:00
41   2026-08-20 09:10:00
42   2026-08-20 12:36:00
Name: start_dt, dtype: datetime64[us]","0    2026-08-10 10:26:00
1    2026-08-10 11:20:00
2    2026-08-10 13:18:00
3    2026-08-10 14:58:00
4    2026-08-10 15:39:00
5    2026-08-10 16:19:00
6    2026-08-11 09:33:00
7    2026-08-11 10:16:00
8    2026-08-11 11:20:00
9    2026-08-11 13:13:00
10   2026-08-11 14:23:00
11   2026-08-12 10:05:00
12   2026-08-12 10:56:00
13   2026-08-12 13:38:00
14   2026-08-12 14:32:00
15   2026-08-14 09:33:00
16   2026-08-14 10:22:00
17   2026-08-14 11:07:00
18   2026-08-14 13:40:00
19   2026-08-14 14:30:00
20   2026-08-14 15:04:00
21   2026-08-16 09:12:00
22   2026-08-16 09:23:00
23   2026-08-16 09:48:00
24   2026-08-16 10:02:00
25   2026-08-16 10:17:00
26   2026-08-16 10:36:00
27   2026-08-16 11:22:00
28   2026-08-16 11:51:00
29   2026-08-16 12:15:00
30   2026-08-15 12:01:00
31   2026-08-16 12:38:00
32   2026-08-16 12:59:00
33   2026-08-16 13:20:00
34   2026-08-16 13:38:00
35   2026-08-19 10:03:00
36   2026-08-19 11:01:00
37   2026-08-19 12:02:00
38   2026-08-19 14:07:00
39   2026-08-19 15:36:00
40   2026-08-19 16:40:00
41   2026-08-20 09:50:00
42   2026-08-20 13:15:00
Name: end_dt, dtype: datetime64[us]","0    2026-08-10 09:48:00
1    2026-08-10 10:40:00
2    2026-08-10 12:41:00
3    2026-08-10 14:25:00
4    2026-08-10 15:04:00
5    2026-08-10 15:45:00
6    2026-08-11 08:58:00
7    2026-08-11 09:43:00
8    2026-08-11 10:42:00
9    2026-08-11 12:36:00
10   2026-08-11 13:50:00
11   2026-08-12 09:30:00
12   2026-08-12 10:20:00
13   2026-08-12 13:04:00
14   2026-08-12 13:57:00
15   2026-08-14 08:59:00
16   2026-08-14 09:50:00
17   2026-08-14 10:36:00
18   2026-08-14 13:00:00
19   2026-08-14 13:56:00
20   2026-08-14 14:33:00
21   2026-08-15 07:51:00
22   2026-08-15 08:11:00
23   2026-08-15 08:43:00
24   2026-08-15 09:05:00
25   2026-08-15 09:32:00
26   2026-08-15 09:57:00
27   2026-08-15 10:48:00
28   2026-08-15 11:12:00
29   2026-08-15 11:30:00
30   2026-08-14 08:30:00
31   2026-08-15 12:22:00
32   2026-08-15 12:39:00
33   2026-08-15 13:09:00
34   2026-08-15 13:38:00
35   2026-08-19 09:28:00
36   2026-08-19 10:25:00
37   2026-08-19 11:28:00
38   2026-08-19 13:35:00
39   2026-08-19 15:00:00
40   2026-08-19 16:05:00
41   2026-08-20 09:10:00
42   2026-08-20 12:36:00
Name: weather_start_dt, dtype: datetime64[us]","0     40.843717
1     40.842397
2      40.84012
3     40.843717
4     40.842397
5      40.84012
6     40.847096
7     40.848686
8     40.856927
9     40.847096
10    40.848686
11    40.847084
12    40.847671
13    40.847084
14    40.847671
15    40.800138
16    40.800251
17    40.799598
18    40.800138
19    40.799598
20    40.800251
21    40.847671
22    40.847084
23    40.848686
24    40.847096
25    40.843717
26    40.842397
27    40.799598
28    40.800138
29    40.800251
30     40.80056
31    40.802954
32    40.705028
33    40.810995
34    40.806633
35    40.802954
36    40.810995
37     40.80056
38    40.802954
39    40.810995
40     40.80056
41    40.806633
42    40.806633
Name: latitude, dtype: object","0    -73.880764
1    -73.877734
2    -73.879419
3    -73.880764
4    -73.877734
5    -73.879419
6    -73.882462
7    -73.885202
8    -73.884577
9    -73.882462
10   -73.885202
11   -73.894102
12   -73.895419
13   -73.894102
14   -73.895419
15   -73.942507
16   -73.943601
17   -73.940784
18   -73.942507
19   -73.940784
20   -73.943601
21   -73.895419
22   -73.894102
23   -73.885202
24   -73.882462
25   -73.880764
26   -73.877734
27   -73.940784
28   -73.942507
29   -73.943601
30   -73.955883
31   -73.953793
32   -73.917031
33   -73.950817
34   -73.947051
35   -73.953793
36   -73.950817
37   -73.955883
38   -73.953793
39   -73.950817
40   -73.955883
41   -73.947051
42   -73.947051
Name: longitude, dtype: object","0     72503
1     72503
2     72503
3     72503
4     72503
5     72503
6     72503
7     72503
8     72503
9     72503
10    72503
11    72503
12    72503
13    72503
14    72503
15    KNYC0
16    KNYC0
17    KNYC0
18    KNYC0
19    KNYC0
20    KNYC0
21    72503
22    72503
23    72503
24    72503
25    72503
26    72503
27    KNYC0
28    KNYC0
29    KNYC0
30    KNYC0
31    KNYC0
32    KJRB0
33    KNYC0
34    KNYC0
35    KNYC0
36    KNYC0
37    KNYC0
38    KNYC0
39    KNYC0
40    KNYC0
41    KNYC0
42    KNYC0
Name: station, dtype: object"
25.8,54.5,0.0,0.0,,,,,,,,,,,,
,,,,"0       Krystal
1         River
2          Drew
3       Krystal
4         River
5          Drew
6      Hornaday
7     Happiness
8           BLF
9      Hornaday
10    Happiness
11        Oasis
12        Batey
13        Oasis
14        Batey
15        Lydia
16     Peaceful
17        Gallo
18        Lydia
19        Gallo
20     Peaceful
21        Batey
22        Oasis
23    Happiness
24     Hornaday
25      Krystal
26        River
27        Gallo
28        Lydia
29     Peaceful
30          ELG
31        Luigi
32       Carrie
33      Clayton
34      West123
35        Luigi
36      Clayton
37          ELG
38        Luigi
39      Clayton
40          ELG
41      West123
42      West123
Name: site, dtype: str","0               2093 Vyse Ave, Bronx, NY
1             1086 E 180th St, Bronx, NY
2          1070 E Tremont Ave, Bronx, NY
3               2093 Vyse Ave, Bronx, NY
4             1086 E 180th St, Bronx, NY
5          1070 E Tremont Ave, Bronx, NY
6             851 Hornaday Pl, Bronx, NY
7        2160 Prospect Avenue, Bronx, NY
8            2485 Belmont Ave, Bronx, NY
9             851 Hornaday Pl, Bronx, NY
10       2160 Prospect Avenue, Bronx, NY
11        1981 Lafontaine Ave, Bronx, NY
12             504 E 178th St, Bronx, NY
13        1981 Lafontaine Ave, Bronx, NY
14             504 E 178th St, Bronx, NY
15           1665 Park Ave, New York, NY
16           52 E 117th St, New York, NY
17      1891 Lexington Ave, New York, NY
18           1665 Park Ave, New York, NY
19      1891 Lexington Ave, New York, NY
20           52 E 117th St, New York, NY
21             504 E 178th St, Bronx, NY
22        1981 Lafontaine Ave, Bronx, NY
23       2160 Prospect Avenue, Bronx, NY
24            851 Hornaday Pl, Bronx, NY
25              2093 Vyse Ave, Bronx, NY
26            1086 E 180th St, Bronx, NY
27      1891 Lexington Ave, New York, NY
28           1665 Park Ave, New York, NY
29           52 E 117th St, New York, NY
30          237 W 111th St, New York, NY
31          227 W 115th St, New York, NY
32    145 St. Nicholas Ave, New York, NY
33          303 W 126th St, New York, NY
34          116 W 123rd St, New York, NY
35          227 W 115th St, New York, NY
36          303 W 126th St, New York, NY
37          237 W 111th St, New York, NY
38          227 W 115th St, New York, NY
39          303 W 126th St, New York, NY
40          237 W 111th St, New York, NY
41          116 W 123rd St, New York, NY
42          116 W 123rd St, New York, NY
Name: address, dtype: str","0      net
1      net
2      net
3      net
4      net
5      net
6      net
7      net
8      net
9      net
10     net
11     net
12     net
13     net
14     net
15     net
16     net
17     net
18     net
19     net
20     net
21    bowl
22    bowl
23    bowl
24    bowl
25    bowl
26    bowl
27    bowl
28    bowl
29    bowl
30    bowl
31    bowl
32    bowl
33    bowl
34    bowl
35     net
36     net
37     net
38     net
39     net
40     net
41     net
42     net
Name: method, dtype: str","0     8/10/2026
1     8/10/2026
2     8/10/2026
3     8/10/2026
4     8/10/2026
5     8/10/2026
6     8/11/2026
7     8/11/2026
8     8/11/2026
9     8/11/2026
10    8/11/2026
11    8/12/2026
12    8/12/2026
13    8/12/2026
14    8/12/2026
15    8/14/2026
16    8/14/2026
17    8/14/2026
18    8/14/2026
19    8/14/2026
20    8/14/2026
21    8/16/2026
22    8/16/2026
23    8/16/2026
24    8/16/2026
25    8/16/2026
26    8/16/2026
27    8/16/2026
28    8/16/2026
29    8/16/2026
30    8/15/2026
31    8/16/2026
32    8/16/2026
33    8/16/2026
34    8/16/2026
35    8/19/2026
36    8/19/2026
37    8/19/2026
38    8/19/2026
39    8/19/2026
40    8/19/2026
41    8/20/2026
42    8/20/2026
Name: date, dtype: str","0      9:48
1     10:40
2     12:41
3     14:25
4     15:04
5     15:45
6      8:58
7      9:43
8     10:42
9     12:36
10    13:50
11     9:30
12    10:20
13    13:04
14    13:57
15     8:59
16     9:50
17    10:36
18    13:00
19    13:56
20    14:33
21     7:51
22     8:11
23     8:43
24     9:05
25     9:32
26     9:57
27    10:48
28    11:12
29    11:30
30     8:30
31    12:22
32    12:39
33    13:09
34    13:38
35     9:28
36    10:25
37    11:28
38    13:35
39    15:00
40    16:05
41     9:10
42    12:36
Name: start, dtype: str","0     10:26
1     11:20
2     13:18
3     14:58
4     15:39
5     16:19
6      9:33
7     10:16
8     11:20
9     13:13
10    14:23
11    10:05
12    10:56
13    13:38
14    14:32
15     9:33
16    10:22
17    11:07
18    13:40
19    14:30
20    15:04
21     9:12
22     9:23
23     9:48
24    10:02
25    10:17
26    10:36
27    11:22
28    11:51
29    12:15
30    12:01
31    12:38
32    12:59
33    13:20
34    13:38
35    10:03
36    11:01
37    12:02
38    14:07
39    15:36
40    16:40
41     9:50
42    13:15
Name: end, dtype: str","0    2026-08-10 09:48:00
1    2026-08-10 10:40:00
2    2026-08-10 12:41:00
3    2026-08-10 14:25:00
4    2026-08-10 15:04:00
5    2026-08-10 15:45:00
6    2026-08-11 08:58:00
7    2026-08-11 09:43:00
8    2026-08-11 10:42:00
9    2026-08-11 12:36:00
10   2026-08-11 13:50:00
11   2026-08-12 09:30:00
12   2026-08-12 10:20:00
13   2026-08-12 13:04:00
14   2026-08-12 13:57:00
15   2026-08-14 08:59:00
16   2026-08-14 09:50:00
17   2026-08-14 10:36:00
18   2026-08-14 13:00:00
19   2026-08-14 13:56:00
20   2026-08-14 14:33:00
21   2026-08-16 07:51:00
22   2026-08-16 08:11:00
23   2026-08-16 08:43:00
24   2026-08-16 09:05:00
25   2026-08-16 09:32:00
26   2026-08-16 09:57:00
27   2026-08-16 10:48:00
28   2026-08-16 11:12:00
29   2026-08-16 11:30:00
30   2026-08-15 08:30:00
31   2026-08-16 12:22:00
32   2026-08-16 12:39:00
33   2026-08-16 13:09:00
34   2026-08-16 13:38:00
35   2026-08-19 09:28:00
36   2026-08-19 10:25:00
37   2026-08-19 11:28:00
38   2026-08-19 13:35:00
39   2026-08-19 15:00:00
40   2026-08-19 16:05:00
41   2026-08-20 09:10:00
42   2026-08-20 12:36:00
Name: start_dt, dtype: datetime64[us]","0    2026-08-10 10:26:00
1    2026-08-10 11:20:00
2    2026-08-10 13:18:00
3    2026-08-10 14:58:00
4    2026-08-10 15:39:00
5    2026-08-10 16:19:00
6    2026-08-11 09:33:00
7    2026-08-11 10:16:00
8    2026-08-11 11:20:00
9    2026-08-11 13:13:00
10   2026-08-11 14:23:00
11   2026-08-12 10:05:00
12   2026-08-12 10:56:00
13   2026-08-12 13:38:00
14   2026-08-12 14:32:00
15   2026-08-14 09:33:00
16   2026-08-14 10:22:00
17   2026-08-14 11:07:00
18   2026-08-14 13:40:00
19   2026-08-14 14:30:00
20   2026-08-14 15:04:00
21   2026-08-16 09:12:00
22   2026-08-16 09:23:00
23   2026-08-16 09:48:00
24   2026-08-16 10:02:00
25   2026-08-16 10:17:00
26   2026-08-16 10:36:00
27   2026-08-16 11:22:00
28   2026-08-16 11:51:00
29   2026-08-16 12:15:00
30   2026-08-15 12:01:00
31   2026-08-16 12:38:00
32   2026-08-16 12:59:00
33   2026-08-16 13:20:00
34   2026-08-16 13:38:00
35   2026-08-19 10:03:00
36   2026-08-19 11:01:00
37   2026-08-19 12:02:00
38   2026-08-19 14:07:00
39   2026-08-19 15:36:00
40   2026-08-19 16:40:00
41   2026-08-20 09:50:00
42   2026-08-20 13:15:00
Name: end_dt, dtype: datetime64[us]","0    2026-08-10 09:48:00
1    2026-08-10 10:40:00
2    2026-08-10 12:41:00
3    2026-08-10 14:25:00
4    2026-08-10 15:04:00
5    2026-08-10 15:45:00
6    2026-08-11 08:58:00
7    2026-08-11 09:43:00
8    2026-08-11 10:42:00
9    2026-08-11 12:36:00
10   2026-08-11 13:50:00
11   2026-08-12 09:30:00
12   2026-08-12 10:20:00
13   2026-08-12 13:04:00
14   2026-08-12 13:57:00
15   2026-08-14 08:59:00
16   2026-08-14 09:50:00
17   2026-08-14 10:36:00
18   2026-08-14 13:00:00
19   2026-08-14 13:56:00
20   2026-08-14 14:33:00
21   2026-08-15 07:51:00
22   2026-08-15 08:11:00
23   2026-08-15 08:43:00
24   2026-08-15 09:05:00
25   2026-08-15 09:32:00
26   2026-08-15 09:57:00
27   2026-08-15 10:48:00
28   2026-08-15 11:12:00
29   2026-08-15 11:30:00
30   2026-08-14 08:30:00
31   2026-08-15 12:22:00
32   2026-08-15 12:39:00
33   2026-08-15 13:09:00
34   2026-08-15 13:38:00
35   2026-08-19 09:28:00
36   2026-08-19 10:25:00
37   2026-08-19 11:28:00
38   2026-08-19 13:35:00
39   2026-08-19 15:00:00
40   2026-08-19 16:05:00
41   2026-08-20 09:10:00
42   2026-08-20 12:36:00
Name: weather_start_dt, dtype: datetime64[us]","0     40.843717
1     40.842397
2      40.84012
3     40.843717
4     40.842397
5      40.84012
6     40.847096
7     40.848686
8     40.856927
9     40.847096
10    40.848686
11    40.847084
12    40.847671
13    40.847084
14    40.847671
15    40.800138
16    40.800251
17    40.799598
18    40.800138
19    40.799598
20    40.800251
21    40.847671
22    40.847084
23    40.848686
24    40.847096
25    40.843717
26    40.842397
27    40.799598
28    40.800138
29    40.800251
30     40.80056
31    40.802954
32    40.705028
33    40.810995
34    40.806633
35    40.802954
36    40.810995
37     40.80056
38    40.802954
39    40.810995
40     40.80056
41    40.806633
42    40.806633
Name: latitude, dtype: object","0    -73.880764
1    -73.877734
2    -73.879419
3    -73.880764
4    -73.877734
5    -73.879419
6    -73.882462
7    -73.885202
8    -73.884577
9    -73.882462
10   -73.885202
11   -73.894102
12   -73.895419
13   -73.894102
14   -73.895419
15   -73.942507
16   -73.943601
17   -73.940784
18   -73.942507
19   -73.940784
20   -73.943601
21   -73.895419
22   -73.894102
23   -73.885202
24   -73.882462
25   -73.880764
26   -73.877734
27   -73.940784
28   -73.942507
29   -73.943601
30   -73.955883
31   -73.953793
32   -73.917031
33   -73.950817
34   -73.947051
35   -73.953793
36   -73.950817
37   -73.955883
38   -73.953793
39   -73.950817
40   -73.955883
41   -73.947051
42   -73.947051
Name: longitude, dtype: object","0     72503
1     72503
2     72503
3     72503
4     72503
5     72503
6     72503
7     72503
8     72503
9     72503
10    72503
11    72503
12    72503
13    72503
14    72503
15    KNYC0
16    KNYC0
17    KNYC0
18    KNYC0
19    KNYC0
20    KNYC0
21    72503
22    72503
23    72503
24    72503
25    72503
26    72503
27    KNYC0
28    KNYC0
29    KNYC0
30    KNYC0
31    KNYC0
32    KJRB0
33    KNYC0
34    KNYC0
35    KNYC0
36    KNYC0
37    KNYC0
38    KNYC0
39    KNYC0
40    KNYC0
41    KNYC0
42    KNYC0
Name: station, dtype: object"
26.7,51.0,0.0,0.0,,,,,,,,,,,,
,,,,"0       Krystal
1         River
2          Drew
3       Krystal
4         River
5          Drew
6      Hornaday
7     Happiness
8           BLF
9      Hornaday
10    Happiness
11        Oasis
12        Batey
13        Oasis
14        Batey
15        Lydia
16     Peaceful
17        Gallo
18        Lydia
19        Gallo
20     Peaceful
21        Batey
22        Oasis
23    Happiness
24     Hornaday
25      Krystal
26        River
27        Gallo
28        Lydia
29     Peaceful
30          ELG
31        Luigi
32       Carrie
33      Clayton
34      West123
35        Luigi
36      Clayton
37          ELG
38        Luigi
39      Clayton
40          ELG
41      West123
42      West123
Name: site, dtype: str","0               2093 Vyse Ave, Bronx, NY
1             1086 E 180th St, Bronx, NY
2          1070 E Tremont Ave, Bronx, NY
3               2093 Vyse Ave, Bronx, NY
4             1086 E 180th St, Bronx, NY
5          1070 E Tremont Ave, Bronx, NY
6             851 Hornaday Pl, Bronx, NY
7        2160 Prospect Avenue, Bronx, NY
8            2485 Belmont Ave, Bronx, NY
9             851 Hornaday Pl, Bronx, NY
10       2160 Prospect Avenue, Bronx, NY
11        1981 Lafontaine Ave, Bronx, NY
12             504 E 178th St, Bronx, NY
13        1981 Lafontaine Ave, Bronx, NY
14             504 E 178th St, Bronx, NY
15           1665 Park Ave, New York, NY
16           52 E 117th St, New York, NY
17      1891 Lexington Ave, New York, NY
18           1665 Park Ave, New York, NY
19      1891 Lexington Ave, New York, NY
20           52 E 117th St, New York, NY
21             504 E 178th St, Bronx, NY
22        1981 Lafontaine Ave, Bronx, NY
23       2160 Prospect Avenue, Bronx, NY
24            851 Hornaday Pl, Bronx, NY
25              2093 Vyse Ave, Bronx, NY
26            1086 E 180th St, Bronx, NY
27      1891 Lexington Ave, New York, NY
28           1665 Park Ave, New York, NY
29           52 E 117th St, New York, NY
30          237 W 111th St, New York, NY
31          227 W 115th St, New York, NY
32    145 St. Nicholas Ave, New York, NY
33          303 W 126th St, New York, NY
34          116 W 123rd St, New York, NY
35          227 W 115th St, New York, NY
36          303 W 126th St, New York, NY
37          237 W 111th St, New York, NY
38          227 W 115th St, New York, NY
39          303 W 126th St, New York, NY
40          237 W 111th St, New York, NY
41          116 W 123rd St, New York, NY
42          116 W 123rd St, New York, NY
Name: address, dtype: str","0      net
1      net
2      net
3      net
4      net
5      net
6      net
7      net
8      net
9      net
10     net
11     net
12     net
13     net
14     net
15     net
16     net
17     net
18     net
19     net
20     net
21    bowl
22    bowl
23    bowl
24    bowl
25    bowl
26    bowl
27    bowl
28    bowl
29    bowl
30    bowl
31    bowl
32    bowl
33    bowl
34    bowl
35     net
36     net
37     net
38     net
39     net
40     net
41     net
42     net
Name: method, dtype: str","0     8/10/2026
1     8/10/2026
2     8/10/2026
3     8/10/2026
4     8/10/2026
5     8/10/2026
6     8/11/2026
7     8/11/2026
8     8/11/2026
9     8/11/2026
10    8/11/2026
11    8/12/2026
12    8/12/2026
13    8/12/2026
14    8/12/2026
15    8/14/2026
16    8/14/2026
17    8/14/2026
18    8/14/2026
19    8/14/2026
20    8/14/2026
21    8/16/2026
22    8/16/2026
23    8/16/2026
24    8/16/2026
25    8/16/2026
26    8/16/2026
27    8/16/2026
28    8/16/2026
29    8/16/2026
30    8/15/2026
31    8/16/2026
32    8/16/2026
33    8/16/2026
34    8/16/2026
35    8/19/2026
36    8/19/2026
37    8/19/2026
38    8/19/2026
39    8/19/2026
40    8/19/2026
41    8/20/2026
42    8/20/2026
Name: date, dtype: str","0      9:48
1     10:40
2     12:41
3     14:25
4     15:04
5     15:45
6      8:58
7      9:43
8     10:42
9     12:36
10    13:50
11     9:30
12    10:20
13    13:04
14    13:57
15     8:59
16     9:50
17    10:36
18    13:00
19    13:56
20    14:33
21     7:51
22     8:11
23     8:43
24     9:05
25     9:32
26     9:57
27    10:48
28    11:12
29    11:30
30     8:30
31    12:22
32    12:39
33    13:09
34    13:38
35     9:28
36    10:25
37    11:28
38    13:35
39    15:00
40    16:05
41     9:10
42    12:36
Name: start, dtype: str","0     10:26
1     11:20
2     13:18
3     14:58
4     15:39
5     16:19
6      9:33
7     10:16
8     11:20
9     13:13
10    14:23
11    10:05
12    10:56
13    13:38
14    14:32
15     9:33
16    10:22
17    11:07
18    13:40
19    14:30
20    15:04
21     9:12
22     9:23
23     9:48
24    10:02
25    10:17
26    10:36
27    11:22
28    11:51
29    12:15
30    12:01
31    12:38
32    12:59
33    13:20
34    13:38
35    10:03
36    11:01
37    12:02
38    14:07
39    15:36
40    16:40
41     9:50
42    13:15
Name: end, dtype: str","0    2026-08-10 09:48:00
1    2026-08-10 10:40:00
2    2026-08-10 12:41:00
3    2026-08-10 14:25:00
4    2026-08-10 15:04:00
5    2026-08-10 15:45:00
6    2026-08-11 08:58:00
7    2026-08-11 09:43:00
8    2026-08-11 10:42:00
9    2026-08-11 12:36:00
10   2026-08-11 13:50:00
11   2026-08-12 09:30:00
12   2026-08-12 10:20:00
13   2026-08-12 13:04:00
14   2026-08-12 13:57:00
15   2026-08-14 08:59:00
16   2026-08-14 09:50:00
17   2026-08-14 10:36:00
18   2026-08-14 13:00:00
19   2026-08-14 13:56:00
20   2026-08-14 14:33:00
21   2026-08-16 07:51:00
22   2026-08-16 08:11:00
23   2026-08-16 08:43:00
24   2026-08-16 09:05:00
25   2026-08-16 09:32:00
26   2026-08-16 09:57:00
27   2026-08-16 10:48:00
28   2026-08-16 11:12:00
29   2026-08-16 11:30:00
30   2026-08-15 08:30:00
31   2026-08-16 12:22:00
32   2026-08-16 12:39:00
33   2026-08-16 13:09:00
34   2026-08-16 13:38:00
35   2026-08-19 09:28:00
36   2026-08-19 10:25:00
37   2026-08-19 11:28:00
38   2026-08-19 13:35:00
39   2026-08-19 15:00:00
40   2026-08-19 16:05:00
41   2026-08-20 09:10:00
42   2026-08-20 12:36:00
Name: start_dt, dtype: datetime64[us]","0    2026-08-10 10:26:00
1    2026-08-10 11:20:00
2    2026-08-10 13:18:00
3    2026-08-10 14:58:00
4    2026-08-10 15:39:00
5    2026-08-10 16:19:00
6    2026-08-11 09:33:00
7    2026-08-11 10:16:00
8    2026-08-11 11:20:00
9    2026-08-11 13:13:00
10   2026-08-11 14:23:00
11   2026-08-12 10:05:00
12   2026-08-12 10:56:00
13   2026-08-12 13:38:00
14   2026-08-12 14:32:00
15   2026-08-14 09:33:00
16   2026-08-14 10:22:00
17   2026-08-14 11:07:00
18   2026-08-14 13:40:00
19   2026-08-14 14:30:00
20   2026-08-14 15:04:00
21   2026-08-16 09:12:00
22   2026-08-16 09:23:00
23   2026-08-16 09:48:00
24   2026-08-16 10:02:00
25   2026-08-16 10:17:00
26   2026-08-16 10:36:00
27   2026-08-16 11:22:00
28   2026-08-16 11:51:00
29   2026-08-16 12:15:00
30   2026-08-15 12:01:00
31   2026-08-16 12:38:00
32   2026-08-16 12:59:00
33   2026-08-16 13:20:00
34   2026-08-16 13:38:00
35   2026-08-19 10:03:00
36   2026-08-19 11:01:00
37   2026-08-19 12:02:00
38   2026-08-19 14:07:00
39   2026-08-19 15:36:00
40   2026-08-19 16:40:00
41   2026-08-20 09:50:00
42   2026-08-20 13:15:00
Name: end_dt, dtype: datetime64[us]","0    2026-08-10 09:48:00
1    2026-08-10 10:40:00
2    2026-08-10 12:41:00
3    2026-08-10 14:25:00
4    2026-08-10 15:04:00
5    2026-08-10 15:45:00
6    2026-08-11 08:58:00
7    2026-08-11 09:43:00
8    2026-08-11 10:42:00
9    2026-08-11 12:36:00
10   2026-08-11 13:50:00
11   2026-08-12 09:30:00
12   2026-08-12 10:20:00
13   2026-08-12 13:04:00
14   2026-08-12 13:57:00
15   2026-08-14 08:59:00
16   2026-08-14 09:50:00
17   2026-08-14 10:36:00
18   2026-08-14 13:00:00
19   2026-08-14 13:56:00
20   2026-08-14 14:33:00
21   2026-08-15 07:51:00
22   2026-08-15 08:11:00
23   2026-08-15 08:43:00
24   2026-08-15 09:05:00
25   2026-08-15 09:32:00
26   2026-08-15 09:57:00
27   2026-08-15 10:48:00
28   2026-08-15 11:12:00
29   2026-08-15 11:30:00
30   2026-08-14 08:30:00
31   2026-08-15 12:22:00
32   2026-08-15 12:39:00
33   2026-08-15 13:09:00
34   2026-08-15 13:38:00
35   2026-08-19 09:28:00
36   2026-08-19 10:25:00
37   2026-08-19 11:28:00
38   2026-08-19 13:35:00
39   2026-08-19 15:00:00
40   2026-08-19 16:05:00
41   2026-08-20 09:10:00
42   2026-08-20 12:36:00
Name: weather_start_dt, dtype: datetime64[us]","0     40.843717
1     40.842397
2      40.84012
3     40.843717
4     40.842397
5      40.84012
6     40.847096
7     40.848686
8     40.856927
9     40.847096
10    40.848686
11    40.847084
12    40.847671
13    40.847084
14    40.847671
15    40.800138
16    40.800251
17    40.799598
18    40.800138
19    40.799598
20    40.800251
21    40.847671
22    40.847084
23    40.848686
24    40.847096
25    40.843717
26    40.842397
27    40.799598
28    40.800138
29    40.800251
30     40.80056
31    40.802954
32    40.705028
33    40.810995
34    40.806633
35    40.802954
36    40.810995
37     40.80056
38    40.802954
39    40.810995
40     40.80056
41    40.806633
42    40.806633
Name: latitude, dtype: object","0    -73.880764
1    -73.877734
2    -73.879419
3    -73.880764
4    -73.877734
5    -73.879419
6    -73.882462
7    -73.885202
8    -73.884577
9    -73.882462
10   -73.885202
11   -73.894102
12   -73.895419
13   -73.894102
14   -73.895419
15   -73.942507
16   -73.943601
17   -73.940784
18   -73.942507
19   -73.940784
20   -73.943601
21   -73.895419
22   -73.894102
23   -73.885202
24   -73.882462
25   -73.880764
26   -73.877734
27   -73.940784
28   -73.942507
29   -73.943601
30   -73.955883
31   -73.953793
32   -73.917031
33   -73.950817
34   -73.947051
35   -73.953793
36   -73.950817
37   -73.955883
38   -73.953793
39   -73.950817
40   -73.955883
41   -73.947051
42   -73.947051
Name: longitude, dtype: object","0     72503
1     72503
2     72503
3     72503
4     72503
5     72503
6     72503
7     72503
8     72503
9     72503
10    72503
11    72503
12    72503
13    72503
14    72503
15    KNYC0
16    KNYC0
17    KNYC0
18    KNYC0
19    KNYC0
20    KNYC0
21    72503
22    72503
23    72503
24    72503
25    72503
26    72503
27    KNYC0
28    KNYC0
29    KNYC0
30    KNYC0
31    KNYC0
32    KJRB0
33    KNYC0
34    KNYC0
35    KNYC0
36    KNYC0
37    KNYC0
38    KNYC0
39    KNYC0
40    KNYC0
41    KNYC0
42    KNYC0
Name: station, dtype: object"
27.8,47.0,4.0,0.0,,,,,,,,,,,,
,,,,"0       Krystal
1         River
2          Drew
3       Krystal
4         River
5          Drew
6      Hornaday
7     Happiness
8           BLF
9      Hornaday
10    Happiness
11        Oasis
12        Batey
13        Oasis
14        Batey
15        Lydia
16     Peaceful
17        Gallo
18        Lydia
19        Gallo
20     Peaceful
21        Batey
22        Oasis
23    Happiness
24     Hornaday
25      Krystal
26        River
27        Gallo
28        Lydia
29     Peaceful
30          ELG
31        Luigi
32       Carrie
33      Clayton
34      West123
35        Luigi
36      Clayton
37          ELG
38        Luigi
39      Clayton
40          ELG
41      West123
42      West123
Name: site, dtype: str","0               2093 Vyse Ave, Bronx, NY
1             1086 E 180th St, Bronx, NY
2          1070 E Tremont Ave, Bronx, NY
3               2093 Vyse Ave, Bronx, NY
4             1086 E 180th St, Bronx, NY
5          1070 E Tremont Ave, Bronx, NY
6             851 Hornaday Pl, Bronx, NY
7        2160 Prospect Avenue, Bronx, NY
8            2485 Belmont Ave, Bronx, NY
9             851 Hornaday Pl, Bronx, NY
10       2160 Prospect Avenue, Bronx, NY
11        1981 Lafontaine Ave, Bronx, NY
12             504 E 178th St, Bronx, NY
13        1981 Lafontaine Ave, Bronx, NY
14             504 E 178th St, Bronx, NY
15           1665 Park Ave, New York, NY
16           52 E 117th St, New York, NY
17      1891 Lexington Ave, New York, NY
18           1665 Park Ave, New York, NY
19      1891 Lexington Ave, New York, NY
20           52 E 117th St, New York, NY
21             504 E 178th St, Bronx, NY
22        1981 Lafontaine Ave, Bronx, NY
23       2160 Prospect Avenue, Bronx, NY
24            851 Hornaday Pl, Bronx, NY
25              2093 Vyse Ave, Bronx, NY
26            1086 E 180th St, Bronx, NY
27      1891 Lexington Ave, New York, NY
28           1665 Park Ave, New York, NY
29           52 E 117th St, New York, NY
30          237 W 111th St, New York, NY
31          227 W 115th St, New York, NY
32    145 St. Nicholas Ave, New York, NY
33          303 W 126th St, New York, NY
34          116 W 123rd St, New York, NY
35          227 W 115th St, New York, NY
36          303 W 126th St, New York, NY
37          237 W 111th St, New York, NY
38          227 W 115th St, New York, NY
39          303 W 126th St, New York, NY
40          237 W 111th St, New York, NY
41          116 W 123rd St, New York, NY
42          116 W 123rd St, New York, NY
Name: address, dtype: str","0      net
1      net
2      net
3      net
4      net
5      net
6      net
7      net
8      net
9      net
10     net
11     net
12     net
13     net
14     net
15     net
16     net
17     net
18     net
19     net
20     net
21    bowl
22    bowl
23    bowl
24    bowl
25    bowl
26    bowl
27    bowl
28    bowl
29    bowl
30    bowl
31    bowl
32    bowl
33    bowl
34    bowl
35     net
36     net
37     net
38     net
39     net
40     net
41     net
42     net
Name: method, dtype: str","0     8/10/2026
1     8/10/2026
2     8/10/2026
3     8/10/2026
4     8/10/2026
5     8/10/2026
6     8/11/2026
7     8/11/2026
8     8/11/2026
9     8/11/2026
10    8/11/2026
11    8/12/2026
12    8/12/2026
13    8/12/2026
14    8/12/2026
15    8/14/2026
16    8/14/2026
17    8/14/2026
18    8/14/2026
19    8/14/2026
20    8/14/2026
21    8/16/2026
22    8/16/2026
23    8/16/2026
24    8/16/2026
25    8/16/2026
26    8/16/2026
27    8/16/2026
28    8/16/2026
29    8/16/2026
30    8/15/2026
31    8/16/2026
32    8/16/2026
33    8/16/2026
34    8/16/2026
35    8/19/2026
36    8/19/2026
37    8/19/2026
38    8/19/2026
39    8/19/2026
40    8/19/2026
41    8/20/2026
42    8/20/2026
Name: date, dtype: str","0      9:48
1     10:40
2     12:41
3     14:25
4     15:04
5     15:45
6      8:58
7      9:43
8     10:42
9     12:36
10    13:50
11     9:30
12    10:20
13    13:04
14    13:57
15     8:59
16     9:50
17    10:36
18    13:00
19    13:56
20    14:33
21     7:51
22     8:11
23     8:43
24     9:05
25     9:32
26     9:57
27    10:48
28    11:12
29    11:30
30     8:30
31    12:22
32    12:39
33    13:09
34    13:38
35     9:28
36    10:25
37    11:28
38    13:35
39    15:00
40    16:05
41     9:10
42    12:36
Name: start, dtype: str","0     10:26
1     11:20
2     13:18
3     14:58
4     15:39
5     16:19
6      9:33
7     10:16
8     11:20
9     13:13
10    14:23
11    10:05
12    10:56
13    13:38
14    14:32
15     9:33
16    10:22
17    11:07
18    13:40
19    14:30
20    15:04
21     9:12
22     9:23
23     9:48
24    10:02
25    10:17
26    10:36
27    11:22
28    11:51
29    12:15
30    12:01
31    12:38
32    12:59
33    13:20
34    13:38
35    10:03
36    11:01
37    12:02
38    14:07
39    15:36
40    16:40
41     9:50
42    13:15
Name: end, dtype: str","0    2026-08-10 09:48:00
1    2026-08-10 10:40:00
2    2026-08-10 12:41:00
3    2026-08-10 14:25:00
4    2026-08-10 15:04:00
5    2026-08-10 15:45:00
6    2026-08-11 08:58:00
7    2026-08-11 09:43:00
8    2026-08-11 10:42:00
9    2026-08-11 12:36:00
10   2026-08-11 13:50:00
11   2026-08-12 09:30:00
12   2026-08-12 10:20:00
13   2026-08-12 13:04:00
14   2026-08-12 13:57:00
15   2026-08-14 08:59:00
16   2026-08-14 09:50:00
17   2026-08-14 10:36:00
18   2026-08-14 13:00:00
19   2026-08-14 13:56:00
20   2026-08-14 14:33:00
21   2026-08-16 07:51:00
22   2026-08-16 08:11:00
23   2026-08-16 08:43:00
24   2026-08-16 09:05:00
25   2026-08-16 09:32:00
26   2026-08-16 09:57:00
27   2026-08-16 10:48:00
28   2026-08-16 11:12:00
29   2026-08-16 11:30:00
30   2026-08-15 08:30:00
31   2026-08-16 12:22:00
32   2026-08-16 12:39:00
33   2026-08-16 13:09:00
34   2026-08-16 13:38:00
35   2026-08-19 09:28:00
36   2026-08-19 10:25:00
37   2026-08-19 11:28:00
38   2026-08-19 13:35:00
39   2026-08-19 15:00:00
40   2026-08-19 16:05:00
41   2026-08-20 09:10:00
42   2026-08-20 12:36:00
Name: start_dt, dtype: datetime64[us]","0    2026-08-10 10:26:00
1    2026-08-10 11:20:00
2    2026-08-10 13:18:00
3    2026-08-10 14:58:00
4    2026-08-10 15:39:00
5    2026-08-10 16:19:00
6    2026-08-11 09:33:00
7    2026-08-11 10:16:00
8    2026-08-11 11:20:00
9    2026-08-11 13:13:00
10   2026-08-11 14:23:00
11   2026-08-12 10:05:00
12   2026-08-12 10:56:00
13   2026-08-12 13:38:00
14   2026-08-12 14:32:00
15   2026-08-14 09:33:00
16   2026-08-14 10:22:00
17   2026-08-14 11:07:00
18   2026-08-14 13:40:00
19   2026-08-14 14:30:00
20   2026-08-14 15:04:00
21   2026-08-16 09:12:00
22   2026-08-16 09:23:00
23   2026-08-16 09:48:00
24   2026-08-16 10:02:00
25   2026-08-16 10:17:00
26   2026-08-16 10:36:00
27   2026-08-16 11:22:00
28   2026-08-16 11:51:00
29   2026-08-16 12:15:00
30   2026-08-15 12:01:00
31   2026-08-16 12:38:00
32   2026-08-16 12:59:00
33   2026-08-16 13:20:00
34   2026-08-16 13:38:00
35   2026-08-19 10:03:00
36   2026-08-19 11:01:00
37   2026-08-19 12:02:00
38   2026-08-19 14:07:00
39   2026-08-19 15:36:00
40   2026-08-19 16:40:00
41   2026-08-20 09:50:00
42   2026-08-20 13:15:00
Name: end_dt, dtype: datetime64[us]","0    2026-08-10 09:48:00
1    2026-08-10 10:40:00
2    2026-08-10 12:41:00
3    2026-08-10 14:25:00
4    2026-08-10 15:04:00
5    2026-08-10 15:45:00
6    2026-08-11 08:58:00
7    2026-08-11 09:43:00
8    2026-08-11 10:42:00
9    2026-08-11 12:36:00
10   2026-08-11 13:50:00
11   2026-08-12 09:30:00
12   2026-08-12 10:20:00
13   2026-08-12 13:04:00
14   2026-08-12 13:57:00
15   2026-08-14 08:59:00
16   2026-08-14 09:50:00
17   2026-08-14 10:36:00
18   2026-08-14 13:00:00
19   2026-08-14 13:56:00
20   2026-08-14 14:33:00
21   2026-08-15 07:51:00
22   2026-08-15 08:11:00
23   2026-08-15 08:43:00
24   2026-08-15 09:05:00
25   2026-08-15 09:32:00
26   2026-08-15 09:57:00
27   2026-08-15 10:48:00
28   2026-08-15 11:12:00
29   2026-08-15 11:30:00
30   2026-08-14 08:30:00
31   2026-08-15 12:22:00
32   2026-08-15 12:39:00
33   2026-08-15 13:09:00
34   2026-08-15 13:38:00
35   2026-08-19 09:28:00
36   2026-08-19 10:25:00
37   2026-08-19 11:28:00
38   2026-08-19 13:35:00
39   2026-08-19 15:00:00
40   2026-08-19 16:05:00
41   2026-08-20 09:10:00
42   2026-08-20 12:36:00
Name: weather_start_dt, dtype: datetime64[us]","0     40.843717
1     40.842397
2      40.84012
3     40.843717
4     40.842397
5      40.84012
6     40.847096
7     40.848686
8     40.856927
9     40.847096
10    40.848686
11    40.847084
12    40.847671
13    40.847084
14    40.847671
15    40.800138
16    40.800251
17    40.799598
18    40.800138
19    40.799598
20    40.800251
21    40.847671
22    40.847084
23    40.848686
24    40.847096
25    40.843717
26    40.842397
27    40.799598
28    40.800138
29    40.800251
30     40.80056
31    40.802954
32    40.705028
33    40.810995
34    40.806633
35    40.802954
36    40.810995
37     40.80056
38    40.802954
39    40.810995
40     40.80056
41    40.806633
42    40.806633
Name: latitude, dtype: object","0    -73.880764
1    -73.877734
2    -73.879419
3    -73.880764
4    -73.877734
5    -73.879419
6    -73.882462
7    -73.885202
8    -73.884577
9    -73.882462
10   -73.885202
11   -73.894102
12   -73.895419
13   -73.894102
14   -73.895419
15   -73.942507
16   -73.943601
17   -73.940784
18   -73.942507
19   -73.940784
20   -73.943601
21   -73.895419
22   -73.894102
23   -73.885202
24   -73.882462
25   -73.880764
26   -73.877734
27   -73.940784
28   -73.942507
29   -73.943601
30   -73.955883
31   -73.953793
32   -73.917031
33   -73.950817
34   -73.947051
35   -73.953793
36   -73.950817
37   -73.955883
38   -73.953793
39   -73.950817
40   -73.955883
41   -73.947051
42   -73.947051
Name: longitude, dtype: object","0     72503
1     72503
2     72503
3     72503
4     72503
5     72503
6     72503
7     72503
8     72503
9     72503
10    72503
11    72503
12    72503
13    72503
14    72503
15    KNYC0
16    KNYC0
17    KNYC0
18    KNYC0
19    KNYC0
20    KNYC0
21    72503
22    72503
23    72503
24    72503
25    72503
26    72503
27    KNYC0
28    KNYC0
29    KNYC0
30    KNYC0
31    KNYC0
32    KJRB0
33    KNYC0
34    KNYC0
35    KNYC0
36    KNYC0
37    KNYC0
38    KNYC0
39    KNYC0
40    KNYC0
41    KNYC0
42    KNYC0
Name: station, dtype: object"
24.5,57.8,10.0,0.0,,,,,,,,,,,,
,,,,"0       Krystal
1         River
2          Drew
3       Krystal
4         River
5          Drew
6      Hornaday
7     Happiness
8           BLF
9      Hornaday
10    Happiness
11        Oasis
12        Batey
13        Oasis
14        Batey
15        Lydia
16     Peaceful
17        Gallo
18        Lydia
19        Gallo
20     Peaceful
21        Batey
22        Oasis
23    Happiness
24     Hornaday
25      Krystal
26        River
27        Gallo
28        Lydia
29     Peaceful
30          ELG
31        Luigi
32       Carrie
33      Clayton
34      West123
35        Luigi
36      Clayton
37          ELG
38        Luigi
39      Clayton
40          ELG
41      West123
42      West123
Name: site, dtype: str","0               2093 Vyse Ave, Bronx, NY
1             1086 E 180th St, Bronx, NY
2          1070 E Tremont Ave, Bronx, NY
3               2093 Vyse Ave, Bronx, NY
4             1086 E 180th St, Bronx, NY
5          1070 E Tremont Ave, Bronx, NY
6             851 Hornaday Pl, Bronx, NY
7        2160 Prospect Avenue, Bronx, NY
8            2485 Belmont Ave, Bronx, NY
9             851 Hornaday Pl, Bronx, NY
10       2160 Prospect Avenue, Bronx, NY
11        1981 Lafontaine Ave, Bronx, NY
12             504 E 178th St, Bronx, NY
13        1981 Lafontaine Ave, Bronx, NY
14             504 E 178th St, Bronx, NY
15           1665 Park Ave, New York, NY
16           52 E 117th St, New York, NY
17      1891 Lexington Ave, New York, NY
18           1665 Park Ave, New York, NY
19      1891 Lexington Ave, New York, NY
20           52 E 117th St, New York, NY
21             504 E 178th St, Bronx, NY
22        1981 Lafontaine Ave, Bronx, NY
23       2160 Prospect Avenue, Bronx, NY
24            851 Hornaday Pl, Bronx, NY
25              2093 Vyse Ave, Bronx, NY
26            1086 E 180th St, Bronx, NY
27      1891 Lexington Ave, New York, NY
28           1665 Park Ave, New York, NY
29           52 E 117th St, New York, NY
30          237 W 111th St, New York, NY
31          227 W 115th St, New York, NY
32    145 St. Nicholas Ave, New York, NY
33          303 W 126th St, New York, NY
34          116 W 123rd St, New York, NY
35          227 W 115th St, New York, NY
36          303 W 126th St, New York, NY
37          237 W 111th St, New York, NY
38          227 W 115th St, New York, NY
39          303 W 126th St, New York, NY
40          237 W 111th St, New York, NY
41          116 W 123rd St, New York, NY
42          116 W 123rd St, New York, NY
Name: address, dtype: str","0      net
1      net
2      net
3      net
4      net
5      net
6      net
7      net
8      net
9      net
10     net
11     net
12     net
13     net
14     net
15     net
16     net
17     net
18     net
19     net
20     net
21    bowl
22    bowl
23    bowl
24    bowl
25    bowl
26    bowl
27    bowl
28    bowl
29    bowl
30    bowl
31    bowl
32    bowl
33    bowl
34    bowl
35     net
36     net
37     net
38     net
39     net
40     net
41     net
42     net
Name: method, dtype: str","0     8/10/2026
1     8/10/2026
2     8/10/2026
3     8/10/2026
4     8/10/2026
5     8/10/2026
6     8/11/2026
7     8/11/2026
8     8/11/2026
9     8/11/2026
10    8/11/2026
11    8/12/2026
12    8/12/2026
13    8/12/2026
14    8/12/2026
15    8/14/2026
16    8/14/2026
17    8/14/2026
18    8/14/2026
19    8/14/2026
20    8/14/2026
21    8/16/2026
22    8/16/2026
23    8/16/2026
24    8/16/2026
25    8/16/2026
26    8/16/2026
27    8/16/2026
28    8/16/2026
29    8/16/2026
30    8/15/2026
31    8/16/2026
32    8/16/2026
33    8/16/2026
34    8/16/2026
35    8/19/2026
36    8/19/2026
37    8/19/2026
38    8/19/2026
39    8/19/2026
40    8/19/2026
41    8/20/2026
42    8/20/2026
Name: date, dtype: str","0      9:48
1     10:40
2     12:41
3     14:25
4     15:04
5     15:45
6      8:58
7      9:43
8     10:42
9     12:36
10    13:50
11     9:30
12    10:20
13    13:04
14    13:57
15     8:59
16     9:50
17    10:36
18    13:00
19    13:56
20    14:33
21     7:51
22     8:11
23     8:43
24     9:05
25     9:32
26     9:57
27    10:48
28    11:12
29    11:30
30     8:30
31    12:22
32    12:39
33    13:09
34    13:38
35     9:28
36    10:25
37    11:28
38    13:35
39    15:00
40    16:05
41     9:10
42    12:36
Name: start, dtype: str","0     10:26
1     11:20
2     13:18
3     14:58
4     15:39
5     16:19
6      9:33
7     10:16
8     11:20
9     13:13
10    14:23
11    10:05
12    10:56
13    13:38
14    14:32
15     9:33
16    10:22
17    11:07
18    13:40
19    14:30
20    15:04
21     9:12
22     9:23
23     9:48
24    10:02
25    10:17
26    10:36
27    11:22
28    11:51
29    12:15
30    12:01
31    12:38
32    12:59
33    13:20
34    13:38
35    10:03
36    11:01
37    12:02
38    14:07
39    15:36
40    16:40
41     9:50
42    13:15
Name: end, dtype: str","0    2026-08-10 09:48:00
1    2026-08-10 10:40:00
2    2026-08-10 12:41:00
3    2026-08-10 14:25:00
4    2026-08-10 15:04:00
5    2026-08-10 15:45:00
6    2026-08-11 08:58:00
7    2026-08-11 09:43:00
8    2026-08-11 10:42:00
9    2026-08-11 12:36:00
10   2026-08-11 13:50:00
11   2026-08-12 09:30:00
12   2026-08-12 10:20:00
13   2026-08-12 13:04:00
14   2026-08-12 13:57:00
15   2026-08-14 08:59:00
16   2026-08-14 09:50:00
17   2026-08-14 10:36:00
18   2026-08-14 13:00:00
19   2026-08-14 13:56:00
20   2026-08-14 14:33:00
21   2026-08-16 07:51:00
22   2026-08-16 08:11:00
23   2026-08-16 08:43:00
24   2026-08-16 09:05:00
25   2026-08-16 09:32:00
26   2026-08-16 09:57:00
27   2026-08-16 10:48:00
28   2026-08-16 11:12:00
29   2026-08-16 11:30:00
30   2026-08-15 08:30:00
31   2026-08-16 12:22:00
32   2026-08-16 12:39:00
33   2026-08-16 13:09:00
34   2026-08-16 13:38:00
35   2026-08-19 09:28:00
36   2026-08-19 10:25:00
37   2026-08-19 11:28:00
38   2026-08-19 13:35:00
39   2026-08-19 15:00:00
40   2026-08-19 16:05:00
41   2026-08-20 09:10:00
42   2026-08-20 12:36:00
Name: start_dt, dtype: datetime64[us]","0    2026-08-10 10:26:00
1    2026-08-10 11:20:00
2    2026-08-10 13:18:00
3    2026-08-10 14:58:00
4    2026-08-10 15:39:00
5    2026-08-10 16:19:00
6    2026-08-11 09:33:00
7    2026-08-11 10:16:00
8    2026-08-11 11:20:00
9    2026-08-11 13:13:00
10   2026-08-11 14:23:00
11   2026-08-12 10:05:00
12   2026-08-12 10:56:00
13   2026-08-12 13:38:00
14   2026-08-12 14:32:00
15   2026-08-14 09:33:00
16   2026-08-14 10:22:00
17   2026-08-14 11:07:00
18   2026-08-14 13:40:00
19   2026-08-14 14:30:00
20   2026-08-14 15:04:00
21   2026-08-16 09:12:00
22   2026-08-16 09:23:00
23   2026-08-16 09:48:00
24   2026-08-16 10:02:00
25   2026-08-16 10:17:00
26   2026-08-16 10:36:00
27   2026-08-16 11:22:00
28   2026-08-16 11:51:00
29   2026-08-16 12:15:00
30   2026-08-15 12:01:00
31   2026-08-16 12:38:00
32   2026-08-16 12:59:00
33   2026-08-16 13:20:00
34   2026-08-16 13:38:00
35   2026-08-19 10:03:00
36   2026-08-19 11:01:00
37   2026-08-19 12:02:00
38   2026-08-19 14:07:00
39   2026-08-19 15:36:00
40   2026-08-19 16:40:00
41   2026-08-20 09:50:00
42   2026-08-20 13:15:00
Name: end_dt, dtype: datetime64[us]","0    2026-08-10 09:48:00
1    2026-08-10 10:40:00
2    2026-08-10 12:41:00
3    2026-08-10 14:25:00
4    2026-08-10 15:04:00
5    2026-08-10 15:45:00
6    2026-08-11 08:58:00
7    2026-08-11 09:43:00
8    2026-08-11 10:42:00
9    2026-08-11 12:36:00
10   2026-08-11 13:50:00
11   2026-08-12 09:30:00
12   2026-08-12 10:20:00
13   2026-08-12 13:04:00
14   2026-08-12 13:57:00
15   2026-08-14 08:59:00
16   2026-08-14 09:50:00
17   2026-08-14 10:36:00
18   2026-08-14 13:00:00
19   2026-08-14 13:56:00
20   2026-08-14 14:33:00
21   2026-08-15 07:51:00
22   2026-08-15 08:11:00
23   2026-08-15 08:43:00
24   2026-08-15 09:05:00
25   2026-08-15 09:32:00
26   2026-08-15 09:57:00
27   2026-08-15 10:48:00
28   2026-08-15 11:12:00
29   2026-08-15 11:30:00
30   2026-08-14 08:30:00
31   2026-08-15 12:22:00
32   2026-08-15 12:39:00
33   2026-08-15 13:09:00
34   2026-08-15 13:38:00
35   2026-08-19 09:28:00
36   2026-08-19 10:25:00
37   2026-08-19 11:28:00
38   2026-08-19 13:35:00
39   2026-08-19 15:00:00
40   2026-08-19 16:05:00
41   2026-08-20 09:10:00
42   2026-08-20 12:36:00
Name: weather_start_dt, dtype: datetime64[us]","0     40.843717
1     40.842397
2      40.84012
3     40.843717
4     40.842397
5      40.84012
6     40.847096
7     40.848686
8     40.856927
9     40.847096
10    40.848686
11    40.847084
12    40.847671
13    40.847084
14    40.847671
15    40.800138
16    40.800251
17    40.799598
18    40.800138
19    40.799598
20    40.800251
21    40.847671
22    40.847084
23    40.848686
24    40.847096
25    40.843717
26    40.842397
27    40.799598
28    40.800138
29    40.800251
30     40.80056
31    40.802954
32    40.705028
33    40.810995
34    40.806633
35    40.802954
36    40.810995
37     40.80056
38    40.802954
39    40.810995
40     40.80056
41    40.806633
42    40.806633
Name: latitude, dtype: object","0    -73.880764
1    -73.877734
2    -73.879419
3    -73.880764
4    -73.877734
5    -73.879419
6    -73.882462
7    -73.885202
8    -73.884577
9    -73.882462
10   -73.885202
11   -73.894102
12   -73.895419
13   -73.894102
14   -73.895419
15   -73.942507
16   -73.943601
17   -73.940784
18   -73.942507
19   -73.940784
20   -73.943601
21   -73.895419
22   -73.894102
23   -73.885202
24   -73.882462
25   -73.880764
26   -73.877734
27   -73.940784
28   -73.942507
29   -73.943601
30   -73.955883
31   -73.953793
32   -73.917031
33   -73.950817
34   -73.947051
35   -73.953793
36   -73.950817
37   -73.955883
38   -73.953793
39   -73.950817
40   -73.955883
41   -73.947051
42   -73.947051
Name: longitude, dtype: object","0     72503
1     72503
2     72503
3     72503
4     72503
5     72503
6     72503
7     72503
8     72503
9     72503
10    72503
11    72503
12    72503
13    72503
14    72503
15    KNYC0
16    KNYC0
17    KNYC0
18    KNYC0
19    KNYC0
20    KNYC0
21    72503
22    72503
23    72503
24    72503
25    72503
26    72503
27    KNYC0
28    KNYC0
29    KNYC0
30    KNYC0
31    KNYC0
32    KJRB0
33    KNYC0
34    KNYC0
35    KNYC0
36    KNYC0
37    KNYC0
38    KNYC0
39    KNYC0
40    KNYC0
41    KNYC0
42    KNYC0
Name: station, dtype: object"
24.5,57.8,10.0,0.0,,,,,,,,,,,,
,,,,"0       Krystal
1         River
2          Drew
3       Krystal
4         River
5          Drew
6      Hornaday
7     Happiness
8           BLF
9      Hornaday
10    Happiness
11        Oasis
12        Batey
13        Oasis
14        Batey
15        Lydia
16     Peaceful
17        Gallo
18        Lydia
19        Gallo
20     Peaceful
21        Batey
22        Oasis
23    Happiness
24     Hornaday
25      Krystal
26        River
27        Gallo
28        Lydia
29     Peaceful
30          ELG
31        Luigi
32       Carrie
33      Clayton
34      West123
35        Luigi
36      Clayton
37          ELG
38        Luigi
39      Clayton
40          ELG
41      West123
42      West123
Name: site, dtype: str","0               2093 Vyse Ave, Bronx, NY
1             1086 E 180th St, Bronx, NY
2          1070 E Tremont Ave, Bronx, NY
3               2093 Vyse Ave, Bronx, NY
4             1086 E 180th St, Bronx, NY
5          1070 E Tremont Ave, Bronx, NY
6             851 Hornaday Pl, Bronx, NY
7        2160 Prospect Avenue, Bronx, NY
8            2485 Belmont Ave, Bronx, NY
9             851 Hornaday Pl, Bronx, NY
10       2160 Prospect Avenue, Bronx, NY
11        1981 Lafontaine Ave, Bronx, NY
12             504 E 178th St, Bronx, NY
13        1981 Lafontaine Ave, Bronx, NY
14             504 E 178th St, Bronx, NY
15           1665 Park Ave, New York, NY
16           52 E 117th St, New York, NY
17      1891 Lexington Ave, New York, NY
18           1665 Park Ave, New York, NY
19      1891 Lexington Ave, New York, NY
20           52 E 117th St, New York, NY
21             504 E 178th St, Bronx, NY
22        1981 Lafontaine Ave, Bronx, NY
23       2160 Prospect Avenue, Bronx, NY
24            851 Hornaday Pl, Bronx, NY
25              2093 Vyse Ave, Bronx, NY
26            1086 E 180th St, Bronx, NY
27      1891 Lexington Ave, New York, NY
28           1665 Park Ave, New York, NY
29           52 E 117th St, New York, NY
30          237 W 111th St, New York, NY
31          227 W 115th St, New York, NY
32    145 St. Nicholas Ave, New York, NY
33          303 W 126th St, New York, NY
34          116 W 123rd St, New York, NY
35          227 W 115th St, New York, NY
36          303 W 126th St, New York, NY
37          237 W 111th St, New York, NY
38          227 W 115th St, New York, NY
39          303 W 126th St, New York, NY
40          237 W 111th St, New York, NY
41          116 W 123rd St, New York, NY
42          116 W 123rd St, New York, NY
Name: address, dtype: str","0      net
1      net
2      net
3      net
4      net
5      net
6      net
7      net
8      net
9      net
10     net
11     net
12     net
13     net
14     net
15     net
16     net
17     net
18     net
19     net
20     net
21    bowl
22    bowl
23    bowl
24    bowl
25    bowl
26    bowl
27    bowl
28    bowl
29    bowl
30    bowl
31    bowl
32    bowl
33    bowl
34    bowl
35     net
36     net
37     net
38     net
39     net
40     net
41     net
42     net
Name: method, dtype: str","0     8/10/2026
1     8/10/2026
2     8/10/2026
3     8/10/2026
4     8/10/2026
5     8/10/2026
6     8/11/2026
7     8/11/2026
8     8/11/2026
9     8/11/2026
10    8/11/2026
11    8/12/2026
12    8/12/2026
13    8/12/2026
14    8/12/2026
15    8/14/2026
16    8/14/2026
17    8/14/2026
18    8/14/2026
19    8/14/2026
20    8/14/2026
21    8/16/2026
22    8/16/2026
23    8/16/2026
24    8/16/2026
25    8/16/2026
26    8/16/2026
27    8/16/2026
28    8/16/2026
29    8/16/2026
30    8/15/2026
31    8/16/2026
32    8/16/2026
33    8/16/2026
34    8/16/2026
35    8/19/2026
36    8/19/2026
37    8/19/2026
38    8/19/2026
39    8/19/2026
40    8/19/2026
41    8/20/2026
42    8/20/2026
Name: date, dtype: str","0      9:48
1     10:40
2     12:41
3     14:25
4     15:04
5     15:45
6      8:58
7      9:43
8     10:42
9     12:36
10    13:50
11     9:30
12    10:20
13    13:04
14    13:57
15     8:59
16     9:50
17    10:36
18    13:00
19    13:56
20    14:33
21     7:51
22     8:11
23     8:43
24     9:05
25     9:32
26     9:57
27    10:48
28    11:12
29    11:30
30     8:30
31    12:22
32    12:39
33    13:09
34    13:38
35     9:28
36    10:25
37    11:28
38    13:35
39    15:00
40    16:05
41     9:10
42    12:36
Name: start, dtype: str","0     10:26
1     11:20
2     13:18
3     14:58
4     15:39
5     16:19
6      9:33
7     10:16
8     11:20
9     13:13
10    14:23
11    10:05
12    10:56
13    13:38
14    14:32
15     9:33
16    10:22
17    11:07
18    13:40
19    14:30
20    15:04
21     9:12
22     9:23
23     9:48
24    10:02
25    10:17
26    10:36
27    11:22
28    11:51
29    12:15
30    12:01
31    12:38
32    12:59
33    13:20
34    13:38
35    10:03
36    11:01
37    12:02
38    14:07
39    15:36
40    16:40
41     9:50
42    13:15
Name: end, dtype: str","0    2026-08-10 09:48:00
1    2026-08-10 10:40:00
2    2026-08-10 12:41:00
3    2026-08-10 14:25:00
4    2026-08-10 15:04:00
5    2026-08-10 15:45:00
6    2026-08-11 08:58:00
7    2026-08-11 09:43:00
8    2026-08-11 10:42:00
9    2026-08-11 12:36:00
10   2026-08-11 13:50:00
11   2026-08-12 09:30:00
12   2026-08-12 10:20:00
13   2026-08-12 13:04:00
14   2026-08-12 13:57:00
15   2026-08-14 08:59:00
16   2026-08-14 09:50:00
17   2026-08-14 10:36:00
18   2026-08-14 13:00:00
19   2026-08-14 13:56:00
20   2026-08-14 14:33:00
21   2026-08-16 07:51:00
22   2026-08-16 08:11:00
23   2026-08-16 08:43:00
24   2026-08-16 09:05:00
25   2026-08-16 09:32:00
26   2026-08-16 09:57:00
27   2026-08-16 10:48:00
28   2026-08-16 11:12:00
29   2026-08-16 11:30:00
30   2026-08-15 08:30:00
31   2026-08-16 12:22:00
32   2026-08-16 12:39:00
33   2026-08-16 13:09:00
34   2026-08-16 13:38:00
35   2026-08-19 09:28:00
36   2026-08-19 10:25:00
37   2026-08-19 11:28:00
38   2026-08-19 13:35:00
39   2026-08-19 15:00:00
40   2026-08-19 16:05:00
41   2026-08-20 09:10:00
42   2026-08-20 12:36:00
Name: start_dt, dtype: datetime64[us]","0    2026-08-10 10:26:00
1    2026-08-10 11:20:00
2    2026-08-10 13:18:00
3    2026-08-10 14:58:00
4    2026-08-10 15:39:00
5    2026-08-10 16:19:00
6    2026-08-11 09:33:00
7    2026-08-11 10:16:00
8    2026-08-11 11:20:00
9    2026-08-11 13:13:00
10   2026-08-11 14:23:00
11   2026-08-12 10:05:00
12   2026-08-12 10:56:00
13   2026-08-12 13:38:00
14   2026-08-12 14:32:00
15   2026-08-14 09:33:00
16   2026-08-14 10:22:00
17   2026-08-14 11:07:00
18   2026-08-14 13:40:00
19   2026-08-14 14:30:00
20   2026-08-14 15:04:00
21   2026-08-16 09:12:00
22   2026-08-16 09:23:00
23   2026-08-16 09:48:00
24   2026-08-16 10:02:00
25   2026-08-16 10:17:00
26   2026-08-16 10:36:00
27   2026-08-16 11:22:00
28   2026-08-16 11:51:00
29   2026-08-16 12:15:00
30   2026-08-15 12:01:00
31   2026-08-16 12:38:00
32   2026-08-16 12:59:00
33   2026-08-16 13:20:00
34   2026-08-16 13:38:00
35   2026-08-19 10:03:00
36   2026-08-19 11:01:00
37   2026-08-19 12:02:00
38   2026-08-19 14:07:00
39   2026-08-19 15:36:00
40   2026-08-19 16:40:00
41   2026-08-20 09:50:00
42   2026-08-20 13:15:00
Name: end_dt, dtype: datetime64[us]","0    2026-08-10 09:48:00
1    2026-08-10 10:40:00
2    2026-08-10 12:41:00
3    2026-08-10 14:25:00
4    2026-08-10 15:04:00
5    2026-08-10 15:45:00
6    2026-08-11 08:58:00
7    2026-08-11 09:43:00
8    2026-08-11 10:42:00
9    2026-08-11 12:36:00
10   2026-08-11 13:50:00
11   2026-08-12 09:30:00
12   2026-08-12 10:20:00
13   2026-08-12 13:04:00
14   2026-08-12 13:57:00
15   2026-08-14 08:59:00
16   2026-08-14 09:50:00
17   2026-08-14 10:36:00
18   2026-08-14 13:00:00
19   2026-08-14 13:56:00
20   2026-08-14 14:33:00
21   2026-08-15 07:51:00
22   2026-08-15 08:11:00
23   2026-08-15 08:43:00
24   2026-08-15 09:05:00
25   2026-08-15 09:32:00
26   2026-08-15 09:57:00
27   2026-08-15 10:48:00
28   2026-08-15 11:12:00
29   2026-08-15 11:30:00
30   2026-08-14 08:30:00
31   2026-08-15 12:22:00
32   2026-08-15 12:39:00
33   2026-08-15 13:09:00
34   2026-08-15 13:38:00
35   2026-08-19 09:28:00
36   2026-08-19 10:25:00
37   2026-08-19 11:28:00
38   2026-08-19 13:35:00
39   2026-08-19 15:00:00
40   2026-08-19 16:05:00
41   2026-08-20 09:10:00
42   2026-08-20 12:36:00
Name: weather_start_dt, dtype: datetime64[us]","0     40.843717
1     40.842397
2      40.84012
3     40.843717
4     40.842397
5      40.84012
6     40.847096
7     40.848686
8     40.856927
9     40.847096
10    40.848686
11    40.847084
12    40.847671
13    40.847084
14    40.847671
15    40.800138
16    40.800251
17    40.799598
18    40.800138
19    40.799598
20    40.800251
21    40.847671
22    40.847084
23    40.848686
24    40.847096
25    40.843717
26    40.842397
27    40.799598
28    40.800138
29    40.800251
30     40.80056
31    40.802954
32    40.705028
33    40.810995
34    40.806633
35    40.802954
36    40.810995
37     40.80056
38    40.802954
39    40.810995
40     40.80056
41    40.806633
42    40.806633
Name: latitude, dtype: object","0    -73.880764
1    -73.877734
2    -73.879419
3    -73.880764
4    -73.877734
5    -73.879419
6    -73.882462
7    -73.885202
8    -73.884577
9    -73.882462
10   -73.885202
11   -73.894102
12   -73.895419
13   -73.894102
14   -73.895419
15   -73.942507
16   -73.943601
17   -73.940784
18   -73.942507
19   -73.940784
20   -73.943601
21   -73.895419
22   -73.894102
23   -73.885202
24   -73.882462
25   -73.880764
26   -73.877734
27   -73.940784
28   -73.942507
29   -73.943601
30   -73.955883
31   -73.953793
32   -73.917031
33   -73.950817
34   -73.947051
35   -73.953793
36   -73.950817
37   -73.955883
38   -73.953793
39   -73.950817
40   -73.955883
41   -73.947051
42   -73.947051
Name: longitude, dtype: object","0     72503
1     72503
2     72503
3     72503
4     72503
5     72503
6     72503
7     72503
8     72503
9     72503
10    72503
11    72503
12    72503
13    72503
14    72503
15    KNYC0
16    KNYC0
17    KNYC0
18    KNYC0
19    KNYC0
20    KNYC0
21    72503
22    72503
23    72503
24    72503
25    72503
26    72503
27    KNYC0
28    KNYC0
29    KNYC0
30    KNYC0
31    KNYC0
32    KJRB0
33    KNYC0
34    KNYC0
35    KNYC0
36    KNYC0
37    KNYC0
38    KNYC0
39    KNYC0
40    KNYC0
41    KNYC0
42    KNYC0
Name: station, dtype: object"
24.5,58.5,10.0,0.0,,,,,,,,,,,,
,,,,"0       Krystal
1         River
2          Drew
3       Krystal
4         River
5          Drew
6      Hornaday
7     Happiness
8           BLF
9      Hornaday
10    Happiness
11        Oasis
12        Batey
13        Oasis
14        Batey
15        Lydia
16     Peaceful
17        Gallo
18        Lydia
19        Gallo
20     Peaceful
21        Batey
22        Oasis
23    Happiness
24     Hornaday
25      Krystal
26        River
27        Gallo
28        Lydia
29     Peaceful
30          ELG
31        Luigi
32       Carrie
33      Clayton
34      West123
35        Luigi
36      Clayton
37          ELG
38        Luigi
39      Clayton
40          ELG
41      West123
42      West123
Name: site, dtype: str","0               2093 Vyse Ave, Bronx, NY
1             1086 E 180th St, Bronx, NY
2          1070 E Tremont Ave, Bronx, NY
3               2093 Vyse Ave, Bronx, NY
4             1086 E 180th St, Bronx, NY
5          1070 E Tremont Ave, Bronx, NY
6             851 Hornaday Pl, Bronx, NY
7        2160 Prospect Avenue, Bronx, NY
8            2485 Belmont Ave, Bronx, NY
9             851 Hornaday Pl, Bronx, NY
10       2160 Prospect Avenue, Bronx, NY
11        1981 Lafontaine Ave, Bronx, NY
12             504 E 178th St, Bronx, NY
13        1981 Lafontaine Ave, Bronx, NY
14             504 E 178th St, Bronx, NY
15           1665 Park Ave, New York, NY
16           52 E 117th St, New York, NY
17      1891 Lexington Ave, New York, NY
18           1665 Park Ave, New York, NY
19      1891 Lexington Ave, New York, NY
20           52 E 117th St, New York, NY
21             504 E 178th St, Bronx, NY
22        1981 Lafontaine Ave, Bronx, NY
23       2160 Prospect Avenue, Bronx, NY
24            851 Hornaday Pl, Bronx, NY
25              2093 Vyse Ave, Bronx, NY
26            1086 E 180th St, Bronx, NY
27      1891 Lexington Ave, New York, NY
28           1665 Park Ave, New York, NY
29           52 E 117th St, New York, NY
30          237 W 111th St, New York, NY
31          227 W 115th St, New York, NY
32    145 St. Nicholas Ave, New York, NY
33          303 W 126th St, New York, NY
34          116 W 123rd St, New York, NY
35          227 W 115th St, New York, NY
36          303 W 126th St, New York, NY
37          237 W 111th St, New York, NY
38          227 W 115th St, New York, NY
39          303 W 126th St, New York, NY
40          237 W 111th St, New York, NY
41          116 W 123rd St, New York, NY
42          116 W 123rd St, New York, NY
Name: address, dtype: str","0      net
1      net
2      net
3      net
4      net
5      net
6      net
7      net
8      net
9      net
10     net
11     net
12     net
13     net
14     net
15     net
16     net
17     net
18     net
19     net
20     net
21    bowl
22    bowl
23    bowl
24    bowl
25    bowl
26    bowl
27    bowl
28    bowl
29    bowl
30    bowl
31    bowl
32    bowl
33    bowl
34    bowl
35     net
36     net
37     net
38     net
39     net
40     net
41     net
42     net
Name: method, dtype: str","0     8/10/2026
1     8/10/2026
2     8/10/2026
3     8/10/2026
4     8/10/2026
5     8/10/2026
6     8/11/2026
7     8/11/2026
8     8/11/2026
9     8/11/2026
10    8/11/2026
11    8/12/2026
12    8/12/2026
13    8/12/2026
14    8/12/2026
15    8/14/2026
16    8/14/2026
17    8/14/2026
18    8/14/2026
19    8/14/2026
20    8/14/2026
21    8/16/2026
22    8/16/2026
23    8/16/2026
24    8/16/2026
25    8/16/2026
26    8/16/2026
27    8/16/2026
28    8/16/2026
29    8/16/2026
30    8/15/2026
31    8/16/2026
32    8/16/2026
33    8/16/2026
34    8/16/2026
35    8/19/2026
36    8/19/2026
37    8/19/2026
38    8/19/2026
39    8/19/2026
40    8/19/2026
41    8/20/2026
42    8/20/2026
Name: date, dtype: str","0      9:48
1     10:40
2     12:41
3     14:25
4     15:04
5     15:45
6      8:58
7      9:43
8     10:42
9     12:36
10    13:50
11     9:30
12    10:20
13    13:04
14    13:57
15     8:59
16     9:50
17    10:36
18    13:00
19    13:56
20    14:33
21     7:51
22     8:11
23     8:43
24     9:05
25     9:32
26     9:57
27    10:48
28    11:12
29    11:30
30     8:30
31    12:22
32    12:39
33    13:09
34    13:38
35     9:28
36    10:25
37    11:28
38    13:35
39    15:00
40    16:05
41     9:10
42    12:36
Name: start, dtype: str","0     10:26
1     11:20
2     13:18
3     14:58
4     15:39
5     16:19
6      9:33
7     10:16
8     11:20
9     13:13
10    14:23
11    10:05
12    10:56
13    13:38
14    14:32
15     9:33
16    10:22
17    11:07
18    13:40
19    14:30
20    15:04
21     9:12
22     9:23
23     9:48
24    10:02
25    10:17
26    10:36
27    11:22
28    11:51
29    12:15
30    12:01
31    12:38
32    12:59
33    13:20
34    13:38
35    10:03
36    11:01
37    12:02
38    14:07
39    15:36
40    16:40
41     9:50
42    13:15
Name: end, dtype: str","0    2026-08-10 09:48:00
1    2026-08-10 10:40:00
2    2026-08-10 12:41:00
3    2026-08-10 14:25:00
4    2026-08-10 15:04:00
5    2026-08-10 15:45:00
6    2026-08-11 08:58:00
7    2026-08-11 09:43:00
8    2026-08-11 10:42:00
9    2026-08-11 12:36:00
10   2026-08-11 13:50:00
11   2026-08-12 09:30:00
12   2026-08-12 10:20:00
13   2026-08-12 13:04:00
14   2026-08-12 13:57:00
15   2026-08-14 08:59:00
16   2026-08-14 09:50:00
17   2026-08-14 10:36:00
18   2026-08-14 13:00:00
19   2026-08-14 13:56:00
20   2026-08-14 14:33:00
21   2026-08-16 07:51:00
22   2026-08-16 08:11:00
23   2026-08-16 08:43:00
24   2026-08-16 09:05:00
25   2026-08-16 09:32:00
26   2026-08-16 09:57:00
27   2026-08-16 10:48:00
28   2026-08-16 11:12:00
29   2026-08-16 11:30:00
30   2026-08-15 08:30:00
31   2026-08-16 12:22:00
32   2026-08-16 12:39:00
33   2026-08-16 13:09:00
34   2026-08-16 13:38:00
35   2026-08-19 09:28:00
36   2026-08-19 10:25:00
37   2026-08-19 11:28:00
38   2026-08-19 13:35:00
39   2026-08-19 15:00:00
40   2026-08-19 16:05:00
41   2026-08-20 09:10:00
42   2026-08-20 12:36:00
Name: start_dt, dtype: datetime64[us]","0    2026-08-10 10:26:00
1    2026-08-10 11:20:00
2    2026-08-10 13:18:00
3    2026-08-10 14:58:00
4    2026-08-10 15:39:00
5    2026-08-10 16:19:00
6    2026-08-11 09:33:00
7    2026-08-11 10:16:00
8    2026-08-11 11:20:00
9    2026-08-11 13:13:00
10   2026-08-11 14:23:00
11   2026-08-12 10:05:00
12   2026-08-12 10:56:00
13   2026-08-12 13:38:00
14   2026-08-12 14:32:00
15   2026-08-14 09:33:00
16   2026-08-14 10:22:00
17   2026-08-14 11:07:00
18   2026-08-14 13:40:00
19   2026-08-14 14:30:00
20   2026-08-14 15:04:00
21   2026-08-16 09:12:00
22   2026-08-16 09:23:00
23   2026-08-16 09:48:00
24   2026-08-16 10:02:00
25   2026-08-16 10:17:00
26   2026-08-16 10:36:00
27   2026-08-16 11:22:00
28   2026-08-16 11:51:00
29   2026-08-16 12:15:00
30   2026-08-15 12:01:00
31   2026-08-16 12:38:00
32   2026-08-16 12:59:00
33   2026-08-16 13:20:00
34   2026-08-16 13:38:00
35   2026-08-19 10:03:00
36   2026-08-19 11:01:00
37   2026-08-19 12:02:00
38   2026-08-19 14:07:00
39   2026-08-19 15:36:00
40   2026-08-19 16:40:00
41   2026-08-20 09:50:00
42   2026-08-20 13:15:00
Name: end_dt, dtype: datetime64[us]","0    2026-08-10 09:48:00
1    2026-08-10 10:40:00
2    2026-08-10 12:41:00
3    2026-08-10 14:25:00
4    2026-08-10 15:04:00
5    2026-08-10 15:45:00
6    2026-08-11 08:58:00
7    2026-08-11 09:43:00
8    2026-08-11 10:42:00
9    2026-08-11 12:36:00
10   2026-08-11 13:50:00
11   2026-08-12 09:30:00
12   2026-08-12 10:20:00
13   2026-08-12 13:04:00
14   2026-08-12 13:57:00
15   2026-08-14 08:59:00
16   2026-08-14 09:50:00
17   2026-08-14 10:36:00
18   2026-08-14 13:00:00
19   2026-08-14 13:56:00
20   2026-08-14 14:33:00
21   2026-08-15 07:51:00
22   2026-08-15 08:11:00
23   2026-08-15 08:43:00
24   2026-08-15 09:05:00
25   2026-08-15 09:32:00
26   2026-08-15 09:57:00
27   2026-08-15 10:48:00
28   2026-08-15 11:12:00
29   2026-08-15 11:30:00
30   2026-08-14 08:30:00
31   2026-08-15 12:22:00
32   2026-08-15 12:39:00
33   2026-08-15 13:09:00
34   2026-08-15 13:38:00
35   2026-08-19 09:28:00
36   2026-08-19 10:25:00
37   2026-08-19 11:28:00
38   2026-08-19 13:35:00
39   2026-08-19 15:00:00
40   2026-08-19 16:05:00
41   2026-08-20 09:10:00
42   2026-08-20 12:36:00
Name: weather_start_dt, dtype: datetime64[us]","0     40.843717
1     40.842397
2      40.84012
3     40.843717
4     40.842397
5      40.84012
6     40.847096
7     40.848686
8     40.856927
9     40.847096
10    40.848686
11    40.847084
12    40.847671
13    40.847084
14    40.847671
15    40.800138
16    40.800251
17    40.799598
18    40.800138
19    40.799598
20    40.800251
21    40.847671
22    40.847084
23    40.848686
24    40.847096
25    40.843717
26    40.842397
27    40.799598
28    40.800138
29    40.800251
30     40.80056
31    40.802954
32    40.705028
33    40.810995
34    40.806633
35    40.802954
36    40.810995
37     40.80056
38    40.802954
39    40.810995
40     40.80056
41    40.806633
42    40.806633
Name: latitude, dtype: object","0    -73.880764
1    -73.877734
2    -73.879419
3    -73.880764
4    -73.877734
5    -73.879419
6    -73.882462
7    -73.885202
8    -73.884577
9    -73.882462
10   -73.885202
11   -73.894102
12   -73.895419
13   -73.894102
14   -73.895419
15   -73.942507
16   -73.943601
17   -73.940784
18   -73.942507
19   -73.940784
20   -73.943601
21   -73.895419
22   -73.894102
23   -73.885202
24   -73.882462
25   -73.880764
26   -73.877734
27   -73.940784
28   -73.942507
29   -73.943601
30   -73.955883
31   -73.953793
32   -73.917031
33   -73.950817
34   -73.947051
35   -73.953793
36   -73.950817
37   -73.955883
38   -73.953793
39   -73.950817
40   -73.955883
41   -73.947051
42   -73.947051
Name: longitude, dtype: object","0     72503
1     72503
2     72503
3     72503
4     72503
5     72503
6     72503
7     72503
8     72503
9     72503
10    72503
11    72503
12    72503
13    72503
14    72503
15    KNYC0
16    KNYC0
17    KNYC0
18    KNYC0
19    KNYC0
20    KNYC0
21    72503
22    72503
23    72503
24    72503
25    72503
26    72503
27    KNYC0
28    KNYC0
29    KNYC0
30    KNYC0
31    KNYC0
32    KJRB0
33    KNYC0
34    KNYC0
35    KNYC0
36    KNYC0
37    KNYC0
38    KNYC0
39    KNYC0
40    KNYC0
41    KNYC0
42    KNYC0
Name: station, dtype: object"
24.5,58.5,10.0,0.0,,,,,,,,,,,,
,,,,"0       Krystal
1         River
2          Drew
3       Krystal
4         River
5          Drew
6      Hornaday
7     Happiness
8           BLF
9      Hornaday
10    Happiness
11        Oasis
12        Batey
13        Oasis
14        Batey
15        Lydia
16     Peaceful
17        Gallo
18        Lydia
19        Gallo
20     Peaceful
21        Batey
22        Oasis
23    Happiness
24     Hornaday
25      Krystal
26        River
27        Gallo
28        Lydia
29     Peaceful
30          ELG
31        Luigi
32       Carrie
33      Clayton
34      West123
35        Luigi
36      Clayton
37          ELG
38        Luigi
39      Clayton
40          ELG
41      West123
42      West123
Name: site, dtype: str","0               2093 Vyse Ave, Bronx, NY
1             1086 E 180th St, Bronx, NY
2          1070 E Tremont Ave, Bronx, NY
3               2093 Vyse Ave, Bronx, NY
4             1086 E 180th St, Bronx, NY
5          1070 E Tremont Ave, Bronx, NY
6             851 Hornaday Pl, Bronx, NY
7        2160 Prospect Avenue, Bronx, NY
8            2485 Belmont Ave, Bronx, NY
9             851 Hornaday Pl, Bronx, NY
10       2160 Prospect Avenue, Bronx, NY
11        1981 Lafontaine Ave, Bronx, NY
12             504 E 178th St, Bronx, NY
13        1981 Lafontaine Ave, Bronx, NY
14             504 E 178th St, Bronx, NY
15           1665 Park Ave, New York, NY
16           52 E 117th St, New York, NY
17      1891 Lexington Ave, New York, NY
18           1665 Park Ave, New York, NY
19      1891 Lexington Ave, New York, NY
20           52 E 117th St, New York, NY
21             504 E 178th St, Bronx, NY
22        1981 Lafontaine Ave, Bronx, NY
23       2160 Prospect Avenue, Bronx, NY
24            851 Hornaday Pl, Bronx, NY
25              2093 Vyse Ave, Bronx, NY
26            1086 E 180th St, Bronx, NY
27      1891 Lexington Ave, New York, NY
28           1665 Park Ave, New York, NY
29           52 E 117th St, New York, NY
30          237 W 111th St, New York, NY
31          227 W 115th St, New York, NY
32    145 St. Nicholas Ave, New York, NY
33          303 W 126th St, New York, NY
34          116 W 123rd St, New York, NY
35          227 W 115th St, New York, NY
36          303 W 126th St, New York, NY
37          237 W 111th St, New York, NY
38          227 W 115th St, New York, NY
39          303 W 126th St, New York, NY
40          237 W 111th St, New York, NY
41          116 W 123rd St, New York, NY
42          116 W 123rd St, New York, NY
Name: address, dtype: str","0      net
1      net
2      net
3      net
4      net
5      net
6      net
7      net
8      net
9      net
10     net
11     net
12     net
13     net
14     net
15     net
16     net
17     net
18     net
19     net
20     net
21    bowl
22    bowl
23    bowl
24    bowl
25    bowl
26    bowl
27    bowl
28    bowl
29    bowl
30    bowl
31    bowl
32    bowl
33    bowl
34    bowl
35     net
36     net
37     net
38     net
39     net
40     net
41     net
42     net
Name: method, dtype: str","0     8/10/2026
1     8/10/2026
2     8/10/2026
3     8/10/2026
4     8/10/2026
5     8/10/2026
6     8/11/2026
7     8/11/2026
8     8/11/2026
9     8/11/2026
10    8/11/2026
11    8/12/2026
12    8/12/2026
13    8/12/2026
14    8/12/2026
15    8/14/2026
16    8/14/2026
17    8/14/2026
18    8/14/2026
19    8/14/2026
20    8/14/2026
21    8/16/2026
22    8/16/2026
23    8/16/2026
24    8/16/2026
25    8/16/2026
26    8/16/2026
27    8/16/2026
28    8/16/2026
29    8/16/2026
30    8/15/2026
31    8/16/2026
32    8/16/2026
33    8/16/2026
34    8/16/2026
35    8/19/2026
36    8/19/2026
37    8/19/2026
38    8/19/2026
39    8/19/2026
40    8/19/2026
41    8/20/2026
42    8/20/2026
Name: date, dtype: str","0      9:48
1     10:40
2     12:41
3     14:25
4     15:04
5     15:45
6      8:58
7      9:43
8     10:42
9     12:36
10    13:50
11     9:30
12    10:20
13    13:04
14    13:57
15     8:59
16     9:50
17    10:36
18    13:00
19    13:56
20    14:33
21     7:51
22     8:11
23     8:43
24     9:05
25     9:32
26     9:57
27    10:48
28    11:12
29    11:30
30     8:30
31    12:22
32    12:39
33    13:09
34    13:38
35     9:28
36    10:25
37    11:28
38    13:35
39    15:00
40    16:05
41     9:10
42    12:36
Name: start, dtype: str","0     10:26
1     11:20
2     13:18
3     14:58
4     15:39
5     16:19
6      9:33
7     10:16
8     11:20
9     13:13
10    14:23
11    10:05
12    10:56
13    13:38
14    14:32
15     9:33
16    10:22
17    11:07
18    13:40
19    14:30
20    15:04
21     9:12
22     9:23
23     9:48
24    10:02
25    10:17
26    10:36
27    11:22
28    11:51
29    12:15
30    12:01
31    12:38
32    12:59
33    13:20
34    13:38
35    10:03
36    11:01
37    12:02
38    14:07
39    15:36
40    16:40
41     9:50
42    13:15
Name: end, dtype: str","0    2026-08-10 09:48:00
1    2026-08-10 10:40:00
2    2026-08-10 12:41:00
3    2026-08-10 14:25:00
4    2026-08-10 15:04:00
5    2026-08-10 15:45:00
6    2026-08-11 08:58:00
7    2026-08-11 09:43:00
8    2026-08-11 10:42:00
9    2026-08-11 12:36:00
10   2026-08-11 13:50:00
11   2026-08-12 09:30:00
12   2026-08-12 10:20:00
13   2026-08-12 13:04:00
14   2026-08-12 13:57:00
15   2026-08-14 08:59:00
16   2026-08-14 09:50:00
17   2026-08-14 10:36:00
18   2026-08-14 13:00:00
19   2026-08-14 13:56:00
20   2026-08-14 14:33:00
21   2026-08-16 07:51:00
22   2026-08-16 08:11:00
23   2026-08-16 08:43:00
24   2026-08-16 09:05:00
25   2026-08-16 09:32:00
26   2026-08-16 09:57:00
27   2026-08-16 10:48:00
28   2026-08-16 11:12:00
29   2026-08-16 11:30:00
30   2026-08-15 08:30:00
31   2026-08-16 12:22:00
32   2026-08-16 12:39:00
33   2026-08-16 13:09:00
34   2026-08-16 13:38:00
35   2026-08-19 09:28:00
36   2026-08-19 10:25:00
37   2026-08-19 11:28:00
38   2026-08-19 13:35:00
39   2026-08-19 15:00:00
40   2026-08-19 16:05:00
41   2026-08-20 09:10:00
42   2026-08-20 12:36:00
Name: start_dt, dtype: datetime64[us]","0    2026-08-10 10:26:00
1    2026-08-10 11:20:00
2    2026-08-10 13:18:00
3    2026-08-10 14:58:00
4    2026-08-10 15:39:00
5    2026-08-10 16:19:00
6    2026-08-11 09:33:00
7    2026-08-11 10:16:00
8    2026-08-11 11:20:00
9    2026-08-11 13:13:00
10   2026-08-11 14:23:00
11   2026-08-12 10:05:00
12   2026-08-12 10:56:00
13   2026-08-12 13:38:00
14   2026-08-12 14:32:00
15   2026-08-14 09:33:00
16   2026-08-14 10:22:00
17   2026-08-14 11:07:00
18   2026-08-14 13:40:00
19   2026-08-14 14:30:00
20   2026-08-14 15:04:00
21   2026-08-16 09:12:00
22   2026-08-16 09:23:00
23   2026-08-16 09:48:00
24   2026-08-16 10:02:00
25   2026-08-16 10:17:00
26   2026-08-16 10:36:00
27   2026-08-16 11:22:00
28   2026-08-16 11:51:00
29   2026-08-16 12:15:00
30   2026-08-15 12:01:00
31   2026-08-16 12:38:00
32   2026-08-16 12:59:00
33   2026-08-16 13:20:00
34   2026-08-16 13:38:00
35   2026-08-19 10:03:00
36   2026-08-19 11:01:00
37   2026-08-19 12:02:00
38   2026-08-19 14:07:00
39   2026-08-19 15:36:00
40   2026-08-19 16:40:00
41   2026-08-20 09:50:00
42   2026-08-20 13:15:00
Name: end_dt, dtype: datetime64[us]","0    2026-08-10 09:48:00
1    2026-08-10 10:40:00
2    2026-08-10 12:41:00
3    2026-08-10 14:25:00
4    2026-08-10 15:04:00
5    2026-08-10 15:45:00
6    2026-08-11 08:58:00
7    2026-08-11 09:43:00
8    2026-08-11 10:42:00
9    2026-08-11 12:36:00
10   2026-08-11 13:50:00
11   2026-08-12 09:30:00
12   2026-08-12 10:20:00
13   2026-08-12 13:04:00
14   2026-08-12 13:57:00
15   2026-08-14 08:59:00
16   2026-08-14 09:50:00
17   2026-08-14 10:36:00
18   2026-08-14 13:00:00
19   2026-08-14 13:56:00
20   2026-08-14 14:33:00
21   2026-08-15 07:51:00
22   2026-08-15 08:11:00
23   2026-08-15 08:43:00
24   2026-08-15 09:05:00
25   2026-08-15 09:32:00
26   2026-08-15 09:57:00
27   2026-08-15 10:48:00
28   2026-08-15 11:12:00
29   2026-08-15 11:30:00
30   2026-08-14 08:30:00
31   2026-08-15 12:22:00
32   2026-08-15 12:39:00
33   2026-08-15 13:09:00
34   2026-08-15 13:38:00
35   2026-08-19 09:28:00
36   2026-08-19 10:25:00
37   2026-08-19 11:28:00
38   2026-08-19 13:35:00
39   2026-08-19 15:00:00
40   2026-08-19 16:05:00
41   2026-08-20 09:10:00
42   2026-08-20 12:36:00
Name: weather_start_dt, dtype: datetime64[us]","0     40.843717
1     40.842397
2      40.84012
3     40.843717
4     40.842397
5      40.84012
6     40.847096
7     40.848686
8     40.856927
9     40.847096
10    40.848686
11    40.847084
12    40.847671
13    40.847084
14    40.847671
15    40.800138
16    40.800251
17    40.799598
18    40.800138
19    40.799598
20    40.800251
21    40.847671
22    40.847084
23    40.848686
24    40.847096
25    40.843717
26    40.842397
27    40.799598
28    40.800138
29    40.800251
30     40.80056
31    40.802954
32    40.705028
33    40.810995
34    40.806633
35    40.802954
36    40.810995
37     40.80056
38    40.802954
39    40.810995
40     40.80056
41    40.806633
42    40.806633
Name: latitude, dtype: object","0    -73.880764
1    -73.877734
2    -73.879419
3    -73.880764
4    -73.877734
5    -73.879419
6    -73.882462
7    -73.885202
8    -73.884577
9    -73.882462
10   -73.885202
11   -73.894102
12   -73.895419
13   -73.894102
14   -73.895419
15   -73.942507
16   -73.943601
17   -73.940784
18   -73.942507
19   -73.940784
20   -73.943601
21   -73.895419
22   -73.894102
23   -73.885202
24   -73.882462
25   -73.880764
26   -73.877734
27   -73.940784
28   -73.942507
29   -73.943601
30   -73.955883
31   -73.953793
32   -73.917031
33   -73.950817
34   -73.947051
35   -73.953793
36   -73.950817
37   -73.955883
38   -73.953793
39   -73.950817
40   -73.955883
41   -73.947051
42   -73.947051
Name: longitude, dtype: object","0     72503
1     72503
2     72503
3     72503
4     72503
5     72503
6     72503
7     72503
8     72503
9     72503
10    72503
11    72503
12    72503
13    72503
14    72503
15    KNYC0
16    KNYC0
17    KNYC0
18    KNYC0
19    KNYC0
20    KNYC0
21    72503
22    72503
23    72503
24    72503
25    72503
26    72503
27    KNYC0
28    KNYC0
29    KNYC0
30    KNYC0
31    KNYC0
32    KJRB0
33    KNYC0
34    KNYC0
35    KNYC0
36    KNYC0
37    KNYC0
38    KNYC0
39    KNYC0
40    KNYC0
41    KNYC0
42    KNYC0
Name: station, dtype: object"
24.6,58.0,10.0,0.0,,,,,,,,,,,,
,,,,"0       Krystal
1         River
2          Drew
3       Krystal
4         River
5          Drew
6      Hornaday
7     Happiness
8           BLF
9      Hornaday
10    Happiness
11        Oasis
12        Batey
13        Oasis
14        Batey
15        Lydia
16     Peaceful
17        Gallo
18        Lydia
19        Gallo
20     Peaceful
21        Batey
22        Oasis
23    Happiness
24     Hornaday
25      Krystal
26        River
27        Gallo
28        Lydia
29     Peaceful
30          ELG
31        Luigi
32       Carrie
33      Clayton
34      West123
35        Luigi
36      Clayton
37          ELG
38        Luigi
39      Clayton
40          ELG
41      West123
42      West123
Name: site, dtype: str","0               2093 Vyse Ave, Bronx, NY
1             1086 E 180th St, Bronx, NY
2          1070 E Tremont Ave, Bronx, NY
3               2093 Vyse Ave, Bronx, NY
4             1086 E 180th St, Bronx, NY
5          1070 E Tremont Ave, Bronx, NY
6             851 Hornaday Pl, Bronx, NY
7        2160 Prospect Avenue, Bronx, NY
8            2485 Belmont Ave, Bronx, NY
9             851 Hornaday Pl, Bronx, NY
10       2160 Prospect Avenue, Bronx, NY
11        1981 Lafontaine Ave, Bronx, NY
12             504 E 178th St, Bronx, NY
13        1981 Lafontaine Ave, Bronx, NY
14             504 E 178th St, Bronx, NY
15           1665 Park Ave, New York, NY
16           52 E 117th St, New York, NY
17      1891 Lexington Ave, New York, NY
18           1665 Park Ave, New York, NY
19      1891 Lexington Ave, New York, NY
20           52 E 117th St, New York, NY
21             504 E 178th St, Bronx, NY
22        1981 Lafontaine Ave, Bronx, NY
23       2160 Prospect Avenue, Bronx, NY
24            851 Hornaday Pl, Bronx, NY
25              2093 Vyse Ave, Bronx, NY
26            1086 E 180th St, Bronx, NY
27      1891 Lexington Ave, New York, NY
28           1665 Park Ave, New York, NY
29           52 E 117th St, New York, NY
30          237 W 111th St, New York, NY
31          227 W 115th St, New York, NY
32    145 St. Nicholas Ave, New York, NY
33          303 W 126th St, New York, NY
34          116 W 123rd St, New York, NY
35          227 W 115th St, New York, NY
36          303 W 126th St, New York, NY
37          237 W 111th St, New York, NY
38          227 W 115th St, New York, NY
39          303 W 126th St, New York, NY
40          237 W 111th St, New York, NY
41          116 W 123rd St, New York, NY
42          116 W 123rd St, New York, NY
Name: address, dtype: str","0      net
1      net
2      net
3      net
4      net
5      net
6      net
7      net
8      net
9      net
10     net
11     net
12     net
13     net
14     net
15     net
16     net
17     net
18     net
19     net
20     net
21    bowl
22    bowl
23    bowl
24    bowl
25    bowl
26    bowl
27    bowl
28    bowl
29    bowl
30    bowl
31    bowl
32    bowl
33    bowl
34    bowl
35     net
36     net
37     net
38     net
39     net
40     net
41     net
42     net
Name: method, dtype: str","0     8/10/2026
1     8/10/2026
2     8/10/2026
3     8/10/2026
4     8/10/2026
5     8/10/2026
6     8/11/2026
7     8/11/2026
8     8/11/2026
9     8/11/2026
10    8/11/2026
11    8/12/2026
12    8/12/2026
13    8/12/2026
14    8/12/2026
15    8/14/2026
16    8/14/2026
17    8/14/2026
18    8/14/2026
19    8/14/2026
20    8/14/2026
21    8/16/2026
22    8/16/2026
23    8/16/2026
24    8/16/2026
25    8/16/2026
26    8/16/2026
27    8/16/2026
28    8/16/2026
29    8/16/2026
30    8/15/2026
31    8/16/2026
32    8/16/2026
33    8/16/2026
34    8/16/2026
35    8/19/2026
36    8/19/2026
37    8/19/2026
38    8/19/2026
39    8/19/2026
40    8/19/2026
41    8/20/2026
42    8/20/2026
Name: date, dtype: str","0      9:48
1     10:40
2     12:41
3     14:25
4     15:04
5     15:45
6      8:58
7      9:43
8     10:42
9     12:36
10    13:50
11     9:30
12    10:20
13    13:04
14    13:57
15     8:59
16     9:50
17    10:36
18    13:00
19    13:56
20    14:33
21     7:51
22     8:11
23     8:43
24     9:05
25     9:32
26     9:57
27    10:48
28    11:12
29    11:30
30     8:30
31    12:22
32    12:39
33    13:09
34    13:38
35     9:28
36    10:25
37    11:28
38    13:35
39    15:00
40    16:05
41     9:10
42    12:36
Name: start, dtype: str","0     10:26
1     11:20
2     13:18
3     14:58
4     15:39
5     16:19
6      9:33
7     10:16
8     11:20
9     13:13
10    14:23
11    10:05
12    10:56
13    13:38
14    14:32
15     9:33
16    10:22
17    11:07
18    13:40
19    14:30
20    15:04
21     9:12
22     9:23
23     9:48
24    10:02
25    10:17
26    10:36
27    11:22
28    11:51
29    12:15
30    12:01
31    12:38
32    12:59
33    13:20
34    13:38
35    10:03
36    11:01
37    12:02
38    14:07
39    15:36
40    16:40
41     9:50
42    13:15
Name: end, dtype: str","0    2026-08-10 09:48:00
1    2026-08-10 10:40:00
2    2026-08-10 12:41:00
3    2026-08-10 14:25:00
4    2026-08-10 15:04:00
5    2026-08-10 15:45:00
6    2026-08-11 08:58:00
7    2026-08-11 09:43:00
8    2026-08-11 10:42:00
9    2026-08-11 12:36:00
10   2026-08-11 13:50:00
11   2026-08-12 09:30:00
12   2026-08-12 10:20:00
13   2026-08-12 13:04:00
14   2026-08-12 13:57:00
15   2026-08-14 08:59:00
16   2026-08-14 09:50:00
17   2026-08-14 10:36:00
18   2026-08-14 13:00:00
19   2026-08-14 13:56:00
20   2026-08-14 14:33:00
21   2026-08-16 07:51:00
22   2026-08-16 08:11:00
23   2026-08-16 08:43:00
24   2026-08-16 09:05:00
25   2026-08-16 09:32:00
26   2026-08-16 09:57:00
27   2026-08-16 10:48:00
28   2026-08-16 11:12:00
29   2026-08-16 11:30:00
30   2026-08-15 08:30:00
31   2026-08-16 12:22:00
32   2026-08-16 12:39:00
33   2026-08-16 13:09:00
34   2026-08-16 13:38:00
35   2026-08-19 09:28:00
36   2026-08-19 10:25:00
37   2026-08-19 11:28:00
38   2026-08-19 13:35:00
39   2026-08-19 15:00:00
40   2026-08-19 16:05:00
41   2026-08-20 09:10:00
42   2026-08-20 12:36:00
Name: start_dt, dtype: datetime64[us]","0    2026-08-10 10:26:00
1    2026-08-10 11:20:00
2    2026-08-10 13:18:00
3    2026-08-10 14:58:00
4    2026-08-10 15:39:00
5    2026-08-10 16:19:00
6    2026-08-11 09:33:00
7    2026-08-11 10:16:00
8    2026-08-11 11:20:00
9    2026-08-11 13:13:00
10   2026-08-11 14:23:00
11   2026-08-12 10:05:00
12   2026-08-12 10:56:00
13   2026-08-12 13:38:00
14   2026-08-12 14:32:00
15   2026-08-14 09:33:00
16   2026-08-14 10:22:00
17   2026-08-14 11:07:00
18   2026-08-14 13:40:00
19   2026-08-14 14:30:00
20   2026-08-14 15:04:00
21   2026-08-16 09:12:00
22   2026-08-16 09:23:00
23   2026-08-16 09:48:00
24   2026-08-16 10:02:00
25   2026-08-16 10:17:00
26   2026-08-16 10:36:00
27   2026-08-16 11:22:00
28   2026-08-16 11:51:00
29   2026-08-16 12:15:00
30   2026-08-15 12:01:00
31   2026-08-16 12:38:00
32   2026-08-16 12:59:00
33   2026-08-16 13:20:00
34   2026-08-16 13:38:00
35   2026-08-19 10:03:00
36   2026-08-19 11:01:00
37   2026-08-19 12:02:00
38   2026-08-19 14:07:00
39   2026-08-19 15:36:00
40   2026-08-19 16:40:00
41   2026-08-20 09:50:00
42   2026-08-20 13:15:00
Name: end_dt, dtype: datetime64[us]","0    2026-08-10 09:48:00
1    2026-08-10 10:40:00
2    2026-08-10 12:41:00
3    2026-08-10 14:25:00
4    2026-08-10 15:04:00
5    2026-08-10 15:45:00
6    2026-08-11 08:58:00
7    2026-08-11 09:43:00
8    2026-08-11 10:42:00
9    2026-08-11 12:36:00
10   2026-08-11 13:50:00
11   2026-08-12 09:30:00
12   2026-08-12 10:20:00
13   2026-08-12 13:04:00
14   2026-08-12 13:57:00
15   2026-08-14 08:59:00
16   2026-08-14 09:50:00
17   2026-08-14 10:36:00
18   2026-08-14 13:00:00
19   2026-08-14 13:56:00
20   2026-08-14 14:33:00
21   2026-08-15 07:51:00
22   2026-08-15 08:11:00
23   2026-08-15 08:43:00
24   2026-08-15 09:05:00
25   2026-08-15 09:32:00
26   2026-08-15 09:57:00
27   2026-08-15 10:48:00
28   2026-08-15 11:12:00
29   2026-08-15 11:30:00
30   2026-08-14 08:30:00
31   2026-08-15 12:22:00
32   2026-08-15 12:39:00
33   2026-08-15 13:09:00
34   2026-08-15 13:38:00
35   2026-08-19 09:28:00
36   2026-08-19 10:25:00
37   2026-08-19 11:28:00
38   2026-08-19 13:35:00
39   2026-08-19 15:00:00
40   2026-08-19 16:05:00
41   2026-08-20 09:10:00
42   2026-08-20 12:36:00
Name: weather_start_dt, dtype: datetime64[us]","0     40.843717
1     40.842397
2      40.84012
3     40.843717
4     40.842397
5      40.84012
6     40.847096
7     40.848686
8     40.856927
9     40.847096
10    40.848686
11    40.847084
12    40.847671
13    40.847084
14    40.847671
15    40.800138
16    40.800251
17    40.799598
18    40.800138
19    40.799598
20    40.800251
21    40.847671
22    40.847084
23    40.848686
24    40.847096
25    40.843717
26    40.842397
27    40.799598
28    40.800138
29    40.800251
30     40.80056
31    40.802954
32    40.705028
33    40.810995
34    40.806633
35    40.802954
36    40.810995
37     40.80056
38    40.802954
39    40.810995
40     40.80056
41    40.806633
42    40.806633
Name: latitude, dtype: object","0    -73.880764
1    -73.877734
2    -73.879419
3    -73.880764
4    -73.877734
5    -73.879419
6    -73.882462
7    -73.885202
8    -73.884577
9    -73.882462
10   -73.885202
11   -73.894102
12   -73.895419
13   -73.894102
14   -73.895419
15   -73.942507
16   -73.943601
17   -73.940784
18   -73.942507
19   -73.940784
20   -73.943601
21   -73.895419
22   -73.894102
23   -73.885202
24   -73.882462
25   -73.880764
26   -73.877734
27   -73.940784
28   -73.942507
29   -73.943601
30   -73.955883
31   -73.953793
32   -73.917031
33   -73.950817
34   -73.947051
35   -73.953793
36   -73.950817
37   -73.955883
38   -73.953793
39   -73.950817
40   -73.955883
41   -73.947051
42   -73.947051
Name: longitude, dtype: object","0     72503
1     72503
2     72503
3     72503
4     72503
5     72503
6     72503
7     72503
8     72503
9     72503
10    72503
11    72503
12    72503
13    72503
14    72503
15    KNYC0
16    KNYC0
17    KNYC0
18    KNYC0
19    KNYC0
20    KNYC0
21    72503
22    72503
23    72503
24    72503
25    72503
26    72503
27    KNYC0
28    KNYC0
29    KNYC0
30    KNYC0
31    KNYC0
32    KJRB0
33    KNYC0
34    KNYC0
35    KNYC0
36    KNYC0
37    KNYC0
38    KNYC0
39    KNYC0
40    KNYC0
41    KNYC0
42    KNYC0
Name: station, dtype: object"
24.5,58.9,10.0,0.0,,,,,,,,,,,,
,,,,"0       Krystal
1         River
2          Drew
3       Krystal
4         River
5          Drew
6      Hornaday
7     Happiness
8           BLF
9      Hornaday
10    Happiness
11        Oasis
12        Batey
13        Oasis
14        Batey
15        Lydia
16     Peaceful
17        Gallo
18        Lydia
19        Gallo
20     Peaceful
21        Batey
22        Oasis
23    Happiness
24     Hornaday
25      Krystal
26        River
27        Gallo
28        Lydia
29     Peaceful
30          ELG
31        Luigi
32       Carrie
33      Clayton
34      West123
35        Luigi
36      Clayton
37          ELG
38        Luigi
39      Clayton
40          ELG
41      West123
42      West123
Name: site, dtype: str","0               2093 Vyse Ave, Bronx, NY
1             1086 E 180th St, Bronx, NY
2          1070 E Tremont Ave, Bronx, NY
3               2093 Vyse Ave, Bronx, NY
4             1086 E 180th St, Bronx, NY
5          1070 E Tremont Ave, Bronx, NY
6             851 Hornaday Pl, Bronx, NY
7        2160 Prospect Avenue, Bronx, NY
8            2485 Belmont Ave, Bronx, NY
9             851 Hornaday Pl, Bronx, NY
10       2160 Prospect Avenue, Bronx, NY
11        1981 Lafontaine Ave, Bronx, NY
12             504 E 178th St, Bronx, NY
13        1981 Lafontaine Ave, Bronx, NY
14             504 E 178th St, Bronx, NY
15           1665 Park Ave, New York, NY
16           52 E 117th St, New York, NY
17      1891 Lexington Ave, New York, NY
18           1665 Park Ave, New York, NY
19      1891 Lexington Ave, New York, NY
20           52 E 117th St, New York, NY
21             504 E 178th St, Bronx, NY
22        1981 Lafontaine Ave, Bronx, NY
23       2160 Prospect Avenue, Bronx, NY
24            851 Hornaday Pl, Bronx, NY
25              2093 Vyse Ave, Bronx, NY
26            1086 E 180th St, Bronx, NY
27      1891 Lexington Ave, New York, NY
28           1665 Park Ave, New York, NY
29           52 E 117th St, New York, NY
30          237 W 111th St, New York, NY
31          227 W 115th St, New York, NY
32    145 St. Nicholas Ave, New York, NY
33          303 W 126th St, New York, NY
34          116 W 123rd St, New York, NY
35          227 W 115th St, New York, NY
36          303 W 126th St, New York, NY
37          237 W 111th St, New York, NY
38          227 W 115th St, New York, NY
39          303 W 126th St, New York, NY
40          237 W 111th St, New York, NY
41          116 W 123rd St, New York, NY
42          116 W 123rd St, New York, NY
Name: address, dtype: str","0      net
1      net
2      net
3      net
4      net
5      net
6      net
7      net
8      net
9      net
10     net
11     net
12     net
13     net
14     net
15     net
16     net
17     net
18     net
19     net
20     net
21    bowl
22    bowl
23    bowl
24    bowl
25    bowl
26    bowl
27    bowl
28    bowl
29    bowl
30    bowl
31    bowl
32    bowl
33    bowl
34    bowl
35     net
36     net
37     net
38     net
39     net
40     net
41     net
42     net
Name: method, dtype: str","0     8/10/2026
1     8/10/2026
2     8/10/2026
3     8/10/2026
4     8/10/2026
5     8/10/2026
6     8/11/2026
7     8/11/2026
8     8/11/2026
9     8/11/2026
10    8/11/2026
11    8/12/2026
12    8/12/2026
13    8/12/2026
14    8/12/2026
15    8/14/2026
16    8/14/2026
17    8/14/2026
18    8/14/2026
19    8/14/2026
20    8/14/2026
21    8/16/2026
22    8/16/2026
23    8/16/2026
24    8/16/2026
25    8/16/2026
26    8/16/2026
27    8/16/2026
28    8/16/2026
29    8/16/2026
30    8/15/2026
31    8/16/2026
32    8/16/2026
33    8/16/2026
34    8/16/2026
35    8/19/2026
36    8/19/2026
37    8/19/2026
38    8/19/2026
39    8/19/2026
40    8/19/2026
41    8/20/2026
42    8/20/2026
Name: date, dtype: str","0      9:48
1     10:40
2     12:41
3     14:25
4     15:04
5     15:45
6      8:58
7      9:43
8     10:42
9     12:36
10    13:50
11     9:30
12    10:20
13    13:04
14    13:57
15     8:59
16     9:50
17    10:36
18    13:00
19    13:56
20    14:33
21     7:51
22     8:11
23     8:43
24     9:05
25     9:32
26     9:57
27    10:48
28    11:12
29    11:30
30     8:30
31    12:22
32    12:39
33    13:09
34    13:38
35     9:28
36    10:25
37    11:28
38    13:35
39    15:00
40    16:05
41     9:10
42    12:36
Name: start, dtype: str","0     10:26
1     11:20
2     13:18
3     14:58
4     15:39
5     16:19
6      9:33
7     10:16
8     11:20
9     13:13
10    14:23
11    10:05
12    10:56
13    13:38
14    14:32
15     9:33
16    10:22
17    11:07
18    13:40
19    14:30
20    15:04
21     9:12
22     9:23
23     9:48
24    10:02
25    10:17
26    10:36
27    11:22
28    11:51
29    12:15
30    12:01
31    12:38
32    12:59
33    13:20
34    13:38
35    10:03
36    11:01
37    12:02
38    14:07
39    15:36
40    16:40
41     9:50
42    13:15
Name: end, dtype: str","0    2026-08-10 09:48:00
1    2026-08-10 10:40:00
2    2026-08-10 12:41:00
3    2026-08-10 14:25:00
4    2026-08-10 15:04:00
5    2026-08-10 15:45:00
6    2026-08-11 08:58:00
7    2026-08-11 09:43:00
8    2026-08-11 10:42:00
9    2026-08-11 12:36:00
10   2026-08-11 13:50:00
11   2026-08-12 09:30:00
12   2026-08-12 10:20:00
13   2026-08-12 13:04:00
14   2026-08-12 13:57:00
15   2026-08-14 08:59:00
16   2026-08-14 09:50:00
17   2026-08-14 10:36:00
18   2026-08-14 13:00:00
19   2026-08-14 13:56:00
20   2026-08-14 14:33:00
21   2026-08-16 07:51:00
22   2026-08-16 08:11:00
23   2026-08-16 08:43:00
24   2026-08-16 09:05:00
25   2026-08-16 09:32:00
26   2026-08-16 09:57:00
27   2026-08-16 10:48:00
28   2026-08-16 11:12:00
29   2026-08-16 11:30:00
30   2026-08-15 08:30:00
31   2026-08-16 12:22:00
32   2026-08-16 12:39:00
33   2026-08-16 13:09:00
34   2026-08-16 13:38:00
35   2026-08-19 09:28:00
36   2026-08-19 10:25:00
37   2026-08-19 11:28:00
38   2026-08-19 13:35:00
39   2026-08-19 15:00:00
40   2026-08-19 16:05:00
41   2026-08-20 09:10:00
42   2026-08-20 12:36:00
Name: start_dt, dtype: datetime64[us]","0    2026-08-10 10:26:00
1    2026-08-10 11:20:00
2    2026-08-10 13:18:00
3    2026-08-10 14:58:00
4    2026-08-10 15:39:00
5    2026-08-10 16:19:00
6    2026-08-11 09:33:00
7    2026-08-11 10:16:00
8    2026-08-11 11:20:00
9    2026-08-11 13:13:00
10   2026-08-11 14:23:00
11   2026-08-12 10:05:00
12   2026-08-12 10:56:00
13   2026-08-12 13:38:00
14   2026-08-12 14:32:00
15   2026-08-14 09:33:00
16   2026-08-14 10:22:00
17   2026-08-14 11:07:00
18   2026-08-14 13:40:00
19   2026-08-14 14:30:00
20   2026-08-14 15:04:00
21   2026-08-16 09:12:00
22   2026-08-16 09:23:00
23   2026-08-16 09:48:00
24   2026-08-16 10:02:00
25   2026-08-16 10:17:00
26   2026-08-16 10:36:00
27   2026-08-16 11:22:00
28   2026-08-16 11:51:00
29   2026-08-16 12:15:00
30   2026-08-15 12:01:00
31   2026-08-16 12:38:00
32   2026-08-16 12:59:00
33   2026-08-16 13:20:00
34   2026-08-16 13:38:00
35   2026-08-19 10:03:00
36   2026-08-19 11:01:00
37   2026-08-19 12:02:00
38   2026-08-19 14:07:00
39   2026-08-19 15:36:00
40   2026-08-19 16:40:00
41   2026-08-20 09:50:00
42   2026-08-20 13:15:00
Name: end_dt, dtype: datetime64[us]","0    2026-08-10 09:48:00
1    2026-08-10 10:40:00
2    2026-08-10 12:41:00
3    2026-08-10 14:25:00
4    2026-08-10 15:04:00
5    2026-08-10 15:45:00
6    2026-08-11 08:58:00
7    2026-08-11 09:43:00
8    2026-08-11 10:42:00
9    2026-08-11 12:36:00
10   2026-08-11 13:50:00
11   2026-08-12 09:30:00
12   2026-08-12 10:20:00
13   2026-08-12 13:04:00
14   2026-08-12 13:57:00
15   2026-08-14 08:59:00
16   2026-08-14 09:50:00
17   2026-08-14 10:36:00
18   2026-08-14 13:00:00
19   2026-08-14 13:56:00
20   2026-08-14 14:33:00
21   2026-08-15 07:51:00
22   2026-08-15 08:11:00
23   2026-08-15 08:43:00
24   2026-08-15 09:05:00
25   2026-08-15 09:32:00
26   2026-08-15 09:57:00
27   2026-08-15 10:48:00
28   2026-08-15 11:12:00
29   2026-08-15 11:30:00
30   2026-08-14 08:30:00
31   2026-08-15 12:22:00
32   2026-08-15 12:39:00
33   2026-08-15 13:09:00
34   2026-08-15 13:38:00
35   2026-08-19 09:28:00
36   2026-08-19 10:25:00
37   2026-08-19 11:28:00
38   2026-08-19 13:35:00
39   2026-08-19 15:00:00
40   2026-08-19 16:05:00
41   2026-08-20 09:10:00
42   2026-08-20 12:36:00
Name: weather_start_dt, dtype: datetime64[us]","0     40.843717
1     40.842397
2      40.84012
3     40.843717
4     40.842397
5      40.84012
6     40.847096
7     40.848686
8     40.856927
9     40.847096
10    40.848686
11    40.847084
12    40.847671
13    40.847084
14    40.847671
15    40.800138
16    40.800251
17    40.799598
18    40.800138
19    40.799598
20    40.800251
21    40.847671
22    40.847084
23    40.848686
24    40.847096
25    40.843717
26    40.842397
27    40.799598
28    40.800138
29    40.800251
30     40.80056
31    40.802954
32    40.705028
33    40.810995
34    40.806633
35    40.802954
36    40.810995
37     40.80056
38    40.802954
39    40.810995
40     40.80056
41    40.806633
42    40.806633
Name: latitude, dtype: object","0    -73.880764
1    -73.877734
2    -73.879419
3    -73.880764
4    -73.877734
5    -73.879419
6    -73.882462
7    -73.885202
8    -73.884577
9    -73.882462
10   -73.885202
11   -73.894102
12   -73.895419
13   -73.894102
14   -73.895419
15   -73.942507
16   -73.943601
17   -73.940784
18   -73.942507
19   -73.940784
20   -73.943601
21   -73.895419
22   -73.894102
23   -73.885202
24   -73.882462
25   -73.880764
26   -73.877734
27   -73.940784
28   -73.942507
29   -73.943601
30   -73.955883
31   -73.953793
32   -73.917031
33   -73.950817
34   -73.947051
35   -73.953793
36   -73.950817
37   -73.955883
38   -73.953793
39   -73.950817
40   -73.955883
41   -73.947051
42   -73.947051
Name: longitude, dtype: object","0     72503
1     72503
2     72503
3     72503
4     72503
5     72503
6     72503
7     72503
8     72503
9     72503
10    72503
11    72503
12    72503
13    72503
14    72503
15    KNYC0
16    KNYC0
17    KNYC0
18    KNYC0
19    KNYC0
20    KNYC0
21    72503
22    72503
23    72503
24    72503
25    72503
26    72503
27    KNYC0
28    KNYC0
29    KNYC0
30    KNYC0
31    KNYC0
32    KJRB0
33    KNYC0
34    KNYC0
35    KNYC0
36    KNYC0
37    KNYC0
38    KNYC0
39    KNYC0
40    KNYC0
41    KNYC0
42    KNYC0
Name: station, dtype: object"
24.2,59.1,9.0,0.0,,,,,,,,,,,,
,,,,"0       Krystal
1         River
2          Drew
3       Krystal
4         River
5          Drew
6      Hornaday
7     Happiness
8           BLF
9      Hornaday
10    Happiness
11        Oasis
12        Batey
13        Oasis
14        Batey
15        Lydia
16     Peaceful
17        Gallo
18        Lydia
19        Gallo
20     Peaceful
21        Batey
22        Oasis
23    Happiness
24     Hornaday
25      Krystal
26        River
27        Gallo
28        Lydia
29     Peaceful
30          ELG
31        Luigi
32       Carrie
33      Clayton
34      West123
35        Luigi
36      Clayton
37          ELG
38        Luigi
39      Clayton
40          ELG
41      West123
42      West123
Name: site, dtype: str","0               2093 Vyse Ave, Bronx, NY
1             1086 E 180th St, Bronx, NY
2          1070 E Tremont Ave, Bronx, NY
3               2093 Vyse Ave, Bronx, NY
4             1086 E 180th St, Bronx, NY
5          1070 E Tremont Ave, Bronx, NY
6             851 Hornaday Pl, Bronx, NY
7        2160 Prospect Avenue, Bronx, NY
8            2485 Belmont Ave, Bronx, NY
9             851 Hornaday Pl, Bronx, NY
10       2160 Prospect Avenue, Bronx, NY
11        1981 Lafontaine Ave, Bronx, NY
12             504 E 178th St, Bronx, NY
13        1981 Lafontaine Ave, Bronx, NY
14             504 E 178th St, Bronx, NY
15           1665 Park Ave, New York, NY
16           52 E 117th St, New York, NY
17      1891 Lexington Ave, New York, NY
18           1665 Park Ave, New York, NY
19      1891 Lexington Ave, New York, NY
20           52 E 117th St, New York, NY
21             504 E 178th St, Bronx, NY
22        1981 Lafontaine Ave, Bronx, NY
23       2160 Prospect Avenue, Bronx, NY
24            851 Hornaday Pl, Bronx, NY
25              2093 Vyse Ave, Bronx, NY
26            1086 E 180th St, Bronx, NY
27      1891 Lexington Ave, New York, NY
28           1665 Park Ave, New York, NY
29           52 E 117th St, New York, NY
30          237 W 111th St, New York, NY
31          227 W 115th St, New York, NY
32    145 St. Nicholas Ave, New York, NY
33          303 W 126th St, New York, NY
34          116 W 123rd St, New York, NY
35          227 W 115th St, New York, NY
36          303 W 126th St, New York, NY
37          237 W 111th St, New York, NY
38          227 W 115th St, New York, NY
39          303 W 126th St, New York, NY
40          237 W 111th St, New York, NY
41          116 W 123rd St, New York, NY
42          116 W 123rd St, New York, NY
Name: address, dtype: str","0      net
1      net
2      net
3      net
4      net
5      net
6      net
7      net
8      net
9      net
10     net
11     net
12     net
13     net
14     net
15     net
16     net
17     net
18     net
19     net
20     net
21    bowl
22    bowl
23    bowl
24    bowl
25    bowl
26    bowl
27    bowl
28    bowl
29    bowl
30    bowl
31    bowl
32    bowl
33    bowl
34    bowl
35     net
36     net
37     net
38     net
39     net
40     net
41     net
42     net
Name: method, dtype: str","0     8/10/2026
1     8/10/2026
2     8/10/2026
3     8/10/2026
4     8/10/2026
5     8/10/2026
6     8/11/2026
7     8/11/2026
8     8/11/2026
9     8/11/2026
10    8/11/2026
11    8/12/2026
12    8/12/2026
13    8/12/2026
14    8/12/2026
15    8/14/2026
16    8/14/2026
17    8/14/2026
18    8/14/2026
19    8/14/2026
20    8/14/2026
21    8/16/2026
22    8/16/2026
23    8/16/2026
24    8/16/2026
25    8/16/2026
26    8/16/2026
27    8/16/2026
28    8/16/2026
29    8/16/2026
30    8/15/2026
31    8/16/2026
32    8/16/2026
33    8/16/2026
34    8/16/2026
35    8/19/2026
36    8/19/2026
37    8/19/2026
38    8/19/2026
39    8/19/2026
40    8/19/2026
41    8/20/2026
42    8/20/2026
Name: date, dtype: str","0      9:48
1     10:40
2     12:41
3     14:25
4     15:04
5     15:45
6      8:58
7      9:43
8     10:42
9     12:36
10    13:50
11     9:30
12    10:20
13    13:04
14    13:57
15     8:59
16     9:50
17    10:36
18    13:00
19    13:56
20    14:33
21     7:51
22     8:11
23     8:43
24     9:05
25     9:32
26     9:57
27    10:48
28    11:12
29    11:30
30     8:30
31    12:22
32    12:39
33    13:09
34    13:38
35     9:28
36    10:25
37    11:28
38    13:35
39    15:00
40    16:05
41     9:10
42    12:36
Name: start, dtype: str","0     10:26
1     11:20
2     13:18
3     14:58
4     15:39
5     16:19
6      9:33
7     10:16
8     11:20
9     13:13
10    14:23
11    10:05
12    10:56
13    13:38
14    14:32
15     9:33
16    10:22
17    11:07
18    13:40
19    14:30
20    15:04
21     9:12
22     9:23
23     9:48
24    10:02
25    10:17
26    10:36
27    11:22
28    11:51
29    12:15
30    12:01
31    12:38
32    12:59
33    13:20
34    13:38
35    10:03
36    11:01
37    12:02
38    14:07
39    15:36
40    16:40
41     9:50
42    13:15
Name: end, dtype: str","0    2026-08-10 09:48:00
1    2026-08-10 10:40:00
2    2026-08-10 12:41:00
3    2026-08-10 14:25:00
4    2026-08-10 15:04:00
5    2026-08-10 15:45:00
6    2026-08-11 08:58:00
7    2026-08-11 09:43:00
8    2026-08-11 10:42:00
9    2026-08-11 12:36:00
10   2026-08-11 13:50:00
11   2026-08-12 09:30:00
12   2026-08-12 10:20:00
13   2026-08-12 13:04:00
14   2026-08-12 13:57:00
15   2026-08-14 08:59:00
16   2026-08-14 09:50:00
17   2026-08-14 10:36:00
18   2026-08-14 13:00:00
19   2026-08-14 13:56:00
20   2026-08-14 14:33:00
21   2026-08-16 07:51:00
22   2026-08-16 08:11:00
23   2026-08-16 08:43:00
24   2026-08-16 09:05:00
25   2026-08-16 09:32:00
26   2026-08-16 09:57:00
27   2026-08-16 10:48:00
28   2026-08-16 11:12:00
29   2026-08-16 11:30:00
30   2026-08-15 08:30:00
31   2026-08-16 12:22:00
32   2026-08-16 12:39:00
33   2026-08-16 13:09:00
34   2026-08-16 13:38:00
35   2026-08-19 09:28:00
36   2026-08-19 10:25:00
37   2026-08-19 11:28:00
38   2026-08-19 13:35:00
39   2026-08-19 15:00:00
40   2026-08-19 16:05:00
41   2026-08-20 09:10:00
42   2026-08-20 12:36:00
Name: start_dt, dtype: datetime64[us]","0    2026-08-10 10:26:00
1    2026-08-10 11:20:00
2    2026-08-10 13:18:00
3    2026-08-10 14:58:00
4    2026-08-10 15:39:00
5    2026-08-10 16:19:00
6    2026-08-11 09:33:00
7    2026-08-11 10:16:00
8    2026-08-11 11:20:00
9    2026-08-11 13:13:00
10   2026-08-11 14:23:00
11   2026-08-12 10:05:00
12   2026-08-12 10:56:00
13   2026-08-12 13:38:00
14   2026-08-12 14:32:00
15   2026-08-14 09:33:00
16   2026-08-14 10:22:00
17   2026-08-14 11:07:00
18   2026-08-14 13:40:00
19   2026-08-14 14:30:00
20   2026-08-14 15:04:00
21   2026-08-16 09:12:00
22   2026-08-16 09:23:00
23   2026-08-16 09:48:00
24   2026-08-16 10:02:00
25   2026-08-16 10:17:00
26   2026-08-16 10:36:00
27   2026-08-16 11:22:00
28   2026-08-16 11:51:00
29   2026-08-16 12:15:00
30   2026-08-15 12:01:00
31   2026-08-16 12:38:00
32   2026-08-16 12:59:00
33   2026-08-16 13:20:00
34   2026-08-16 13:38:00
35   2026-08-19 10:03:00
36   2026-08-19 11:01:00
37   2026-08-19 12:02:00
38   2026-08-19 14:07:00
39   2026-08-19 15:36:00
40   2026-08-19 16:40:00
41   2026-08-20 09:50:00
42   2026-08-20 13:15:00
Name: end_dt, dtype: datetime64[us]","0    2026-08-10 09:48:00
1    2026-08-10 10:40:00
2    2026-08-10 12:41:00
3    2026-08-10 14:25:00
4    2026-08-10 15:04:00
5    2026-08-10 15:45:00
6    2026-08-11 08:58:00
7    2026-08-11 09:43:00
8    2026-08-11 10:42:00
9    2026-08-11 12:36:00
10   2026-08-11 13:50:00
11   2026-08-12 09:30:00
12   2026-08-12 10:20:00
13   2026-08-12 13:04:00
14   2026-08-12 13:57:00
15   2026-08-14 08:59:00
16   2026-08-14 09:50:00
17   2026-08-14 10:36:00
18   2026-08-14 13:00:00
19   2026-08-14 13:56:00
20   2026-08-14 14:33:00
21   2026-08-15 07:51:00
22   2026-08-15 08:11:00
23   2026-08-15 08:43:00
24   2026-08-15 09:05:00
25   2026-08-15 09:32:00
26   2026-08-15 09:57:00
27   2026-08-15 10:48:00
28   2026-08-15 11:12:00
29   2026-08-15 11:30:00
30   2026-08-14 08:30:00
31   2026-08-15 12:22:00
32   2026-08-15 12:39:00
33   2026-08-15 13:09:00
34   2026-08-15 13:38:00
35   2026-08-19 09:28:00
36   2026-08-19 10:25:00
37   2026-08-19 11:28:00
38   2026-08-19 13:35:00
39   2026-08-19 15:00:00
40   2026-08-19 16:05:00
41   2026-08-20 09:10:00
42   2026-08-20 12:36:00
Name: weather_start_dt, dtype: datetime64[us]","0     40.843717
1     40.842397
2      40.84012
3     40.843717
4     40.842397
5      40.84012
6     40.847096
7     40.848686
8     40.856927
9     40.847096
10    40.848686
11    40.847084
12    40.847671
13    40.847084
14    40.847671
15    40.800138
16    40.800251
17    40.799598
18    40.800138
19    40.799598
20    40.800251
21    40.847671
22    40.847084
23    40.848686
24    40.847096
25    40.843717
26    40.842397
27    40.799598
28    40.800138
29    40.800251
30     40.80056
31    40.802954
32    40.705028
33    40.810995
34    40.806633
35    40.802954
36    40.810995
37     40.80056
38    40.802954
39    40.810995
40     40.80056
41    40.806633
42    40.806633
Name: latitude, dtype: object","0    -73.880764
1    -73.877734
2    -73.879419
3    -73.880764
4    -73.877734
5    -73.879419
6    -73.882462
7    -73.885202
8    -73.884577
9    -73.882462
10   -73.885202
11   -73.894102
12   -73.895419
13   -73.894102
14   -73.895419
15   -73.942507
16   -73.943601
17   -73.940784
18   -73.942507
19   -73.940784
20   -73.943601
21   -73.895419
22   -73.894102
23   -73.885202
24   -73.882462
25   -73.880764
26   -73.877734
27   -73.940784
28   -73.942507
29   -73.943601
30   -73.955883
31   -73.953793
32   -73.917031
33   -73.950817
34   -73.947051
35   -73.953793
36   -73.950817
37   -73.955883
38   -73.953793
39   -73.950817
40   -73.955883
41   -73.947051
42   -73.947051
Name: longitude, dtype: object","0     72503
1     72503
2     72503
3     72503
4     72503
5     72503
6     72503
7     72503
8     72503
9     72503
10    72503
11    72503
12    72503
13    72503
14    72503
15    KNYC0
16    KNYC0
17    KNYC0
18    KNYC0
19    KNYC0
20    KNYC0
21    72503
22    72503
23    72503
24    72503
25    72503
26    72503
27    KNYC0
28    KNYC0
29    KNYC0
30    KNYC0
31    KNYC0
32    KJRB0
33    KNYC0
34    KNYC0
35    KNYC0
36    KNYC0
37    KNYC0
38    KNYC0
39    KNYC0
40    KNYC0
41    KNYC0
42    KNYC0
Name: station, dtype: object"
24.1,59.7,9.0,0.0,,,,,,,,,,,,
,,,,"0       Krystal
1         River
2          Drew
3       Krystal
4         River
5          Drew
6      Hornaday
7     Happiness
8           BLF
9      Hornaday
10    Happiness
11        Oasis
12        Batey
13        Oasis
14        Batey
15        Lydia
16     Peaceful
17        Gallo
18        Lydia
19        Gallo
20     Peaceful
21        Batey
22        Oasis
23    Happiness
24     Hornaday
25      Krystal
26        River
27        Gallo
28        Lydia
29     Peaceful
30          ELG
31        Luigi
32       Carrie
33      Clayton
34      West123
35        Luigi
36      Clayton
37          ELG
38        Luigi
39      Clayton
40          ELG
41      West123
42      West123
Name: site, dtype: str","0               2093 Vyse Ave, Bronx, NY
1             1086 E 180th St, Bronx, NY
2          1070 E Tremont Ave, Bronx, NY
3               2093 Vyse Ave, Bronx, NY
4             1086 E 180th St, Bronx, NY
5          1070 E Tremont Ave, Bronx, NY
6             851 Hornaday Pl, Bronx, NY
7        2160 Prospect Avenue, Bronx, NY
8            2485 Belmont Ave, Bronx, NY
9             851 Hornaday Pl, Bronx, NY
10       2160 Prospect Avenue, Bronx, NY
11        1981 Lafontaine Ave, Bronx, NY
12             504 E 178th St, Bronx, NY
13        1981 Lafontaine Ave, Bronx, NY
14             504 E 178th St, Bronx, NY
15           1665 Park Ave, New York, NY
16           52 E 117th St, New York, NY
17      1891 Lexington Ave, New York, NY
18           1665 Park Ave, New York, NY
19      1891 Lexington Ave, New York, NY
20           52 E 117th St, New York, NY
21             504 E 178th St, Bronx, NY
22        1981 Lafontaine Ave, Bronx, NY
23       2160 Prospect Avenue, Bronx, NY
24            851 Hornaday Pl, Bronx, NY
25              2093 Vyse Ave, Bronx, NY
26            1086 E 180th St, Bronx, NY
27      1891 Lexington Ave, New York, NY
28           1665 Park Ave, New York, NY
29           52 E 117th St, New York, NY
30          237 W 111th St, New York, NY
31          227 W 115th St, New York, NY
32    145 St. Nicholas Ave, New York, NY
33          303 W 126th St, New York, NY
34          116 W 123rd St, New York, NY
35          227 W 115th St, New York, NY
36          303 W 126th St, New York, NY
37          237 W 111th St, New York, NY
38          227 W 115th St, New York, NY
39          303 W 126th St, New York, NY
40          237 W 111th St, New York, NY
41          116 W 123rd St, New York, NY
42          116 W 123rd St, New York, NY
Name: address, dtype: str","0      net
1      net
2      net
3      net
4      net
5      net
6      net
7      net
8      net
9      net
10     net
11     net
12     net
13     net
14     net
15     net
16     net
17     net
18     net
19     net
20     net
21    bowl
22    bowl
23    bowl
24    bowl
25    bowl
26    bowl
27    bowl
28    bowl
29    bowl
30    bowl
31    bowl
32    bowl
33    bowl
34    bowl
35     net
36     net
37     net
38     net
39     net
40     net
41     net
42     net
Name: method, dtype: str","0     8/10/2026
1     8/10/2026
2     8/10/2026
3     8/10/2026
4     8/10/2026
5     8/10/2026
6     8/11/2026
7     8/11/2026
8     8/11/2026
9     8/11/2026
10    8/11/2026
11    8/12/2026
12    8/12/2026
13    8/12/2026
14    8/12/2026
15    8/14/2026
16    8/14/2026
17    8/14/2026
18    8/14/2026
19    8/14/2026
20    8/14/2026
21    8/16/2026
22    8/16/2026
23    8/16/2026
24    8/16/2026
25    8/16/2026
26    8/16/2026
27    8/16/2026
28    8/16/2026
29    8/16/2026
30    8/15/2026
31    8/16/2026
32    8/16/2026
33    8/16/2026
34    8/16/2026
35    8/19/2026
36    8/19/2026
37    8/19/2026
38    8/19/2026
39    8/19/2026
40    8/19/2026
41    8/20/2026
42    8/20/2026
Name: date, dtype: str","0      9:48
1     10:40
2     12:41
3     14:25
4     15:04
5     15:45
6      8:58
7      9:43
8     10:42
9     12:36
10    13:50
11     9:30
12    10:20
13    13:04
14    13:57
15     8:59
16     9:50
17    10:36
18    13:00
19    13:56
20    14:33
21     7:51
22     8:11
23     8:43
24     9:05
25     9:32
26     9:57
27    10:48
28    11:12
29    11:30
30     8:30
31    12:22
32    12:39
33    13:09
34    13:38
35     9:28
36    10:25
37    11:28
38    13:35
39    15:00
40    16:05
41     9:10
42    12:36
Name: start, dtype: str","0     10:26
1     11:20
2     13:18
3     14:58
4     15:39
5     16:19
6      9:33
7     10:16
8     11:20
9     13:13
10    14:23
11    10:05
12    10:56
13    13:38
14    14:32
15     9:33
16    10:22
17    11:07
18    13:40
19    14:30
20    15:04
21     9:12
22     9:23
23     9:48
24    10:02
25    10:17
26    10:36
27    11:22
28    11:51
29    12:15
30    12:01
31    12:38
32    12:59
33    13:20
34    13:38
35    10:03
36    11:01
37    12:02
38    14:07
39    15:36
40    16:40
41     9:50
42    13:15
Name: end, dtype: str","0    2026-08-10 09:48:00
1    2026-08-10 10:40:00
2    2026-08-10 12:41:00
3    2026-08-10 14:25:00
4    2026-08-10 15:04:00
5    2026-08-10 15:45:00
6    2026-08-11 08:58:00
7    2026-08-11 09:43:00
8    2026-08-11 10:42:00
9    2026-08-11 12:36:00
10   2026-08-11 13:50:00
11   2026-08-12 09:30:00
12   2026-08-12 10:20:00
13   2026-08-12 13:04:00
14   2026-08-12 13:57:00
15   2026-08-14 08:59:00
16   2026-08-14 09:50:00
17   2026-08-14 10:36:00
18   2026-08-14 13:00:00
19   2026-08-14 13:56:00
20   2026-08-14 14:33:00
21   2026-08-16 07:51:00
22   2026-08-16 08:11:00
23   2026-08-16 08:43:00
24   2026-08-16 09:05:00
25   2026-08-16 09:32:00
26   2026-08-16 09:57:00
27   2026-08-16 10:48:00
28   2026-08-16 11:12:00
29   2026-08-16 11:30:00
30   2026-08-15 08:30:00
31   2026-08-16 12:22:00
32   2026-08-16 12:39:00
33   2026-08-16 13:09:00
34   2026-08-16 13:38:00
35   2026-08-19 09:28:00
36   2026-08-19 10:25:00
37   2026-08-19 11:28:00
38   2026-08-19 13:35:00
39   2026-08-19 15:00:00
40   2026-08-19 16:05:00
41   2026-08-20 09:10:00
42   2026-08-20 12:36:00
Name: start_dt, dtype: datetime64[us]","0    2026-08-10 10:26:00
1    2026-08-10 11:20:00
2    2026-08-10 13:18:00
3    2026-08-10 14:58:00
4    2026-08-10 15:39:00
5    2026-08-10 16:19:00
6    2026-08-11 09:33:00
7    2026-08-11 10:16:00
8    2026-08-11 11:20:00
9    2026-08-11 13:13:00
10   2026-08-11 14:23:00
11   2026-08-12 10:05:00
12   2026-08-12 10:56:00
13   2026-08-12 13:38:00
14   2026-08-12 14:32:00
15   2026-08-14 09:33:00
16   2026-08-14 10:22:00
17   2026-08-14 11:07:00
18   2026-08-14 13:40:00
19   2026-08-14 14:30:00
20   2026-08-14 15:04:00
21   2026-08-16 09:12:00
22   2026-08-16 09:23:00
23   2026-08-16 09:48:00
24   2026-08-16 10:02:00
25   2026-08-16 10:17:00
26   2026-08-16 10:36:00
27   2026-08-16 11:22:00
28   2026-08-16 11:51:00
29   2026-08-16 12:15:00
30   2026-08-15 12:01:00
31   2026-08-16 12:38:00
32   2026-08-16 12:59:00
33   2026-08-16 13:20:00
34   2026-08-16 13:38:00
35   2026-08-19 10:03:00
36   2026-08-19 11:01:00
37   2026-08-19 12:02:00
38   2026-08-19 14:07:00
39   2026-08-19 15:36:00
40   2026-08-19 16:40:00
41   2026-08-20 09:50:00
42   2026-08-20 13:15:00
Name: end_dt, dtype: datetime64[us]","0    2026-08-10 09:48:00
1    2026-08-10 10:40:00
2    2026-08-10 12:41:00
3    2026-08-10 14:25:00
4    2026-08-10 15:04:00
5    2026-08-10 15:45:00
6    2026-08-11 08:58:00
7    2026-08-11 09:43:00
8    2026-08-11 10:42:00
9    2026-08-11 12:36:00
10   2026-08-11 13:50:00
11   2026-08-12 09:30:00
12   2026-08-12 10:20:00
13   2026-08-12 13:04:00
14   2026-08-12 13:57:00
15   2026-08-14 08:59:00
16   2026-08-14 09:50:00
17   2026-08-14 10:36:00
18   2026-08-14 13:00:00
19   2026-08-14 13:56:00
20   2026-08-14 14:33:00
21   2026-08-15 07:51:00
22   2026-08-15 08:11:00
23   2026-08-15 08:43:00
24   2026-08-15 09:05:00
25   2026-08-15 09:32:00
26   2026-08-15 09:57:00
27   2026-08-15 10:48:00
28   2026-08-15 11:12:00
29   2026-08-15 11:30:00
30   2026-08-14 08:30:00
31   2026-08-15 12:22:00
32   2026-08-15 12:39:00
33   2026-08-15 13:09:00
34   2026-08-15 13:38:00
35   2026-08-19 09:28:00
36   2026-08-19 10:25:00
37   2026-08-19 11:28:00
38   2026-08-19 13:35:00
39   2026-08-19 15:00:00
40   2026-08-19 16:05:00
41   2026-08-20 09:10:00
42   2026-08-20 12:36:00
Name: weather_start_dt, dtype: datetime64[us]","0     40.843717
1     40.842397
2      40.84012
3     40.843717
4     40.842397
5      40.84012
6     40.847096
7     40.848686
8     40.856927
9     40.847096
10    40.848686
11    40.847084
12    40.847671
13    40.847084
14    40.847671
15    40.800138
16    40.800251
17    40.799598
18    40.800138
19    40.799598
20    40.800251
21    40.847671
22    40.847084
23    40.848686
24    40.847096
25    40.843717
26    40.842397
27    40.799598
28    40.800138
29    40.800251
30     40.80056
31    40.802954
32    40.705028
33    40.810995
34    40.806633
35    40.802954
36    40.810995
37     40.80056
38    40.802954
39    40.810995
40     40.80056
41    40.806633
42    40.806633
Name: latitude, dtype: object","0    -73.880764
1    -73.877734
2    -73.879419
3    -73.880764
4    -73.877734
5    -73.879419
6    -73.882462
7    -73.885202
8    -73.884577
9    -73.882462
10   -73.885202
11   -73.894102
12   -73.895419
13   -73.894102
14   -73.895419
15   -73.942507
16   -73.943601
17   -73.940784
18   -73.942507
19   -73.940784
20   -73.943601
21   -73.895419
22   -73.894102
23   -73.885202
24   -73.882462
25   -73.880764
26   -73.877734
27   -73.940784
28   -73.942507
29   -73.943601
30   -73.955883
31   -73.953793
32   -73.917031
33   -73.950817
34   -73.947051
35   -73.953793
36   -73.950817
37   -73.955883
38   -73.953793
39   -73.950817
40   -73.955883
41   -73.947051
42   -73.947051
Name: longitude, dtype: object","0     72503
1     72503
2     72503
3     72503
4     72503
5     72503
6     72503
7     72503
8     72503
9     72503
10    72503
11    72503
12    72503
13    72503
14    72503
15    KNYC0
16    KNYC0
17    KNYC0
18    KNYC0
19    KNYC0
20    KNYC0
21    72503
22    72503
23    72503
24    72503
25    72503
26    72503
27    KNYC0
28    KNYC0
29    KNYC0
30    KNYC0
31    KNYC0
32    KJRB0
33    KNYC0
34    KNYC0
35    KNYC0
36    KNYC0
37    KNYC0
38    KNYC0
39    KNYC0
40    KNYC0
41    KNYC0
42    KNYC0
Name: station, dtype: object"
24.3,59.6,9.0,0.0,,,,,,,,,,,,
,,,,"0       Krystal
1         River
2          Drew
3       Krystal
4         River
5          Drew
6      Hornaday
7     Happiness
8           BLF
9      Hornaday
10    Happiness
11        Oasis
12        Batey
13        Oasis
14        Batey
15        Lydia
16     Peaceful
17        Gallo
18        Lydia
19        Gallo
20     Peaceful
21        Batey
22        Oasis
23    Happiness
24     Hornaday
25      Krystal
26        River
27        Gallo
28        Lydia
29     Peaceful
30          ELG
31        Luigi
32       Carrie
33      Clayton
34      West123
35        Luigi
36      Clayton
37          ELG
38        Luigi
39      Clayton
40          ELG
41      West123
42      West123
Name: site, dtype: str","0               2093 Vyse Ave, Bronx, NY
1             1086 E 180th St, Bronx, NY
2          1070 E Tremont Ave, Bronx, NY
3               2093 Vyse Ave, Bronx, NY
4             1086 E 180th St, Bronx, NY
5          1070 E Tremont Ave, Bronx, NY
6             851 Hornaday Pl, Bronx, NY
7        2160 Prospect Avenue, Bronx, NY
8            2485 Belmont Ave, Bronx, NY
9             851 Hornaday Pl, Bronx, NY
10       2160 Prospect Avenue, Bronx, NY
11        1981 Lafontaine Ave, Bronx, NY
12             504 E 178th St, Bronx, NY
13        1981 Lafontaine Ave, Bronx, NY
14             504 E 178th St, Bronx, NY
15           1665 Park Ave, New York, NY
16           52 E 117th St, New York, NY
17      1891 Lexington Ave, New York, NY
18           1665 Park Ave, New York, NY
19      1891 Lexington Ave, New York, NY
20           52 E 117th St, New York, NY
21             504 E 178th St, Bronx, NY
22        1981 Lafontaine Ave, Bronx, NY
23       2160 Prospect Avenue, Bronx, NY
24            851 Hornaday Pl, Bronx, NY
25              2093 Vyse Ave, Bronx, NY
26            1086 E 180th St, Bronx, NY
27      1891 Lexington Ave, New York, NY
28           1665 Park Ave, New York, NY
29           52 E 117th St, New York, NY
30          237 W 111th St, New York, NY
31          227 W 115th St, New York, NY
32    145 St. Nicholas Ave, New York, NY
33          303 W 126th St, New York, NY
34          116 W 123rd St, New York, NY
35          227 W 115th St, New York, NY
36          303 W 126th St, New York, NY
37          237 W 111th St, New York, NY
38          227 W 115th St, New York, NY
39          303 W 126th St, New York, NY
40          237 W 111th St, New York, NY
41          116 W 123rd St, New York, NY
42          116 W 123rd St, New York, NY
Name: address, dtype: str","0      net
1      net
2      net
3      net
4      net
5      net
6      net
7      net
8      net
9      net
10     net
11     net
12     net
13     net
14     net
15     net
16     net
17     net
18     net
19     net
20     net
21    bowl
22    bowl
23    bowl
24    bowl
25    bowl
26    bowl
27    bowl
28    bowl
29    bowl
30    bowl
31    bowl
32    bowl
33    bowl
34    bowl
35     net
36     net
37     net
38     net
39     net
40     net
41     net
42     net
Name: method, dtype: str","0     8/10/2026
1     8/10/2026
2     8/10/2026
3     8/10/2026
4     8/10/2026
5     8/10/2026
6     8/11/2026
7     8/11/2026
8     8/11/2026
9     8/11/2026
10    8/11/2026
11    8/12/2026
12    8/12/2026
13    8/12/2026
14    8/12/2026
15    8/14/2026
16    8/14/2026
17    8/14/2026
18    8/14/2026
19    8/14/2026
20    8/14/2026
21    8/16/2026
22    8/16/2026
23    8/16/2026
24    8/16/2026
25    8/16/2026
26    8/16/2026
27    8/16/2026
28    8/16/2026
29    8/16/2026
30    8/15/2026
31    8/16/2026
32    8/16/2026
33    8/16/2026
34    8/16/2026
35    8/19/2026
36    8/19/2026
37    8/19/2026
38    8/19/2026
39    8/19/2026
40    8/19/2026
41    8/20/2026
42    8/20/2026
Name: date, dtype: str","0      9:48
1     10:40
2     12:41
3     14:25
4     15:04
5     15:45
6      8:58
7      9:43
8     10:42
9     12:36
10    13:50
11     9:30
12    10:20
13    13:04
14    13:57
15     8:59
16     9:50
17    10:36
18    13:00
19    13:56
20    14:33
21     7:51
22     8:11
23     8:43
24     9:05
25     9:32
26     9:57
27    10:48
28    11:12
29    11:30
30     8:30
31    12:22
32    12:39
33    13:09
34    13:38
35     9:28
36    10:25
37    11:28
38    13:35
39    15:00
40    16:05
41     9:10
42    12:36
Name: start, dtype: str","0     10:26
1     11:20
2     13:18
3     14:58
4     15:39
5     16:19
6      9:33
7     10:16
8     11:20
9     13:13
10    14:23
11    10:05
12    10:56
13    13:38
14    14:32
15     9:33
16    10:22
17    11:07
18    13:40
19    14:30
20    15:04
21     9:12
22     9:23
23     9:48
24    10:02
25    10:17
26    10:36
27    11:22
28    11:51
29    12:15
30    12:01
31    12:38
32    12:59
33    13:20
34    13:38
35    10:03
36    11:01
37    12:02
38    14:07
39    15:36
40    16:40
41     9:50
42    13:15
Name: end, dtype: str","0    2026-08-10 09:48:00
1    2026-08-10 10:40:00
2    2026-08-10 12:41:00
3    2026-08-10 14:25:00
4    2026-08-10 15:04:00
5    2026-08-10 15:45:00
6    2026-08-11 08:58:00
7    2026-08-11 09:43:00
8    2026-08-11 10:42:00
9    2026-08-11 12:36:00
10   2026-08-11 13:50:00
11   2026-08-12 09:30:00
12   2026-08-12 10:20:00
13   2026-08-12 13:04:00
14   2026-08-12 13:57:00
15   2026-08-14 08:59:00
16   2026-08-14 09:50:00
17   2026-08-14 10:36:00
18   2026-08-14 13:00:00
19   2026-08-14 13:56:00
20   2026-08-14 14:33:00
21   2026-08-16 07:51:00
22   2026-08-16 08:11:00
23   2026-08-16 08:43:00
24   2026-08-16 09:05:00
25   2026-08-16 09:32:00
26   2026-08-16 09:57:00
27   2026-08-16 10:48:00
28   2026-08-16 11:12:00
29   2026-08-16 11:30:00
30   2026-08-15 08:30:00
31   2026-08-16 12:22:00
32   2026-08-16 12:39:00
33   2026-08-16 13:09:00
34   2026-08-16 13:38:00
35   2026-08-19 09:28:00
36   2026-08-19 10:25:00
37   2026-08-19 11:28:00
38   2026-08-19 13:35:00
39   2026-08-19 15:00:00
40   2026-08-19 16:05:00
41   2026-08-20 09:10:00
42   2026-08-20 12:36:00
Name: start_dt, dtype: datetime64[us]","0    2026-08-10 10:26:00
1    2026-08-10 11:20:00
2    2026-08-10 13:18:00
3    2026-08-10 14:58:00
4    2026-08-10 15:39:00
5    2026-08-10 16:19:00
6    2026-08-11 09:33:00
7    2026-08-11 10:16:00
8    2026-08-11 11:20:00
9    2026-08-11 13:13:00
10   2026-08-11 14:23:00
11   2026-08-12 10:05:00
12   2026-08-12 10:56:00
13   2026-08-12 13:38:00
14   2026-08-12 14:32:00
15   2026-08-14 09:33:00
16   2026-08-14 10:22:00
17   2026-08-14 11:07:00
18   2026-08-14 13:40:00
19   2026-08-14 14:30:00
20   2026-08-14 15:04:00
21   2026-08-16 09:12:00
22   2026-08-16 09:23:00
23   2026-08-16 09:48:00
24   2026-08-16 10:02:00
25   2026-08-16 10:17:00
26   2026-08-16 10:36:00
27   2026-08-16 11:22:00
28   2026-08-16 11:51:00
29   2026-08-16 12:15:00
30   2026-08-15 12:01:00
31   2026-08-16 12:38:00
32   2026-08-16 12:59:00
33   2026-08-16 13:20:00
34   2026-08-16 13:38:00
35   2026-08-19 10:03:00
36   2026-08-19 11:01:00
37   2026-08-19 12:02:00
38   2026-08-19 14:07:00
39   2026-08-19 15:36:00
40   2026-08-19 16:40:00
41   2026-08-20 09:50:00
42   2026-08-20 13:15:00
Name: end_dt, dtype: datetime64[us]","0    2026-08-10 09:48:00
1    2026-08-10 10:40:00
2    2026-08-10 12:41:00
3    2026-08-10 14:25:00
4    2026-08-10 15:04:00
5    2026-08-10 15:45:00
6    2026-08-11 08:58:00
7    2026-08-11 09:43:00
8    2026-08-11 10:42:00
9    2026-08-11 12:36:00
10   2026-08-11 13:50:00
11   2026-08-12 09:30:00
12   2026-08-12 10:20:00
13   2026-08-12 13:04:00
14   2026-08-12 13:57:00
15   2026-08-14 08:59:00
16   2026-08-14 09:50:00
17   2026-08-14 10:36:00
18   2026-08-14 13:00:00
19   2026-08-14 13:56:00
20   2026-08-14 14:33:00
21   2026-08-15 07:51:00
22   2026-08-15 08:11:00
23   2026-08-15 08:43:00
24   2026-08-15 09:05:00
25   2026-08-15 09:32:00
26   2026-08-15 09:57:00
27   2026-08-15 10:48:00
28   2026-08-15 11:12:00
29   2026-08-15 11:30:00
30   2026-08-14 08:30:00
31   2026-08-15 12:22:00
32   2026-08-15 12:39:00
33   2026-08-15 13:09:00
34   2026-08-15 13:38:00
35   2026-08-19 09:28:00
36   2026-08-19 10:25:00
37   2026-08-19 11:28:00
38   2026-08-19 13:35:00
39   2026-08-19 15:00:00
40   2026-08-19 16:05:00
41   2026-08-20 09:10:00
42   2026-08-20 12:36:00
Name: weather_start_dt, dtype: datetime64[us]","0     40.843717
1     40.842397
2      40.84012
3     40.843717
4     40.842397
5      40.84012
6     40.847096
7     40.848686
8     40.856927
9     40.847096
10    40.848686
11    40.847084
12    40.847671
13    40.847084
14    40.847671
15    40.800138
16    40.800251
17    40.799598
18    40.800138
19    40.799598
20    40.800251
21    40.847671
22    40.847084
23    40.848686
24    40.847096
25    40.843717
26    40.842397
27    40.799598
28    40.800138
29    40.800251
30     40.80056
31    40.802954
32    40.705028
33    40.810995
34    40.806633
35    40.802954
36    40.810995
37     40.80056
38    40.802954
39    40.810995
40     40.80056
41    40.806633
42    40.806633
Name: latitude, dtype: object","0    -73.880764
1    -73.877734
2    -73.879419
3    -73.880764
4    -73.877734
5    -73.879419
6    -73.882462
7    -73.885202
8    -73.884577
9    -73.882462
10   -73.885202
11   -73.894102
12   -73.895419
13   -73.894102
14   -73.895419
15   -73.942507
16   -73.943601
17   -73.940784
18   -73.942507
19   -73.940784
20   -73.943601
21   -73.895419
22   -73.894102
23   -73.885202
24   -73.882462
25   -73.880764
26   -73.877734
27   -73.940784
28   -73.942507
29   -73.943601
30   -73.955883
31   -73.953793
32   -73.917031
33   -73.950817
34   -73.947051
35   -73.953793
36   -73.950817
37   -73.955883
38   -73.953793
39   -73.950817
40   -73.955883
41   -73.947051
42   -73.947051
Name: longitude, dtype: object","0     72503
1     72503
2     72503
3     72503
4     72503
5     72503
6     72503
7     72503
8     72503
9     72503
10    72503
11    72503
12    72503
13    72503
14    72503
15    KNYC0
16    KNYC0
17    KNYC0
18    KNYC0
19    KNYC0
20    KNYC0
21    72503
22    72503
23    72503
24    72503
25    72503
26    72503
27    KNYC0
28    KNYC0
29    KNYC0
30    KNYC0
31    KNYC0
32    KJRB0
33    KNYC0
34    KNYC0
35    KNYC0
36    KNYC0
37    KNYC0
38    KNYC0
39    KNYC0
40    KNYC0
41    KNYC0
42    KNYC0
Name: station, dtype: object"
24.4,62.4,8.3,0.1,,,,,,,,,,,,
,,,,"0       Krystal
1         River
2          Drew
3       Krystal
4         River
5          Drew
6      Hornaday
7     Happiness
8           BLF
9      Hornaday
10    Happiness
11        Oasis
12        Batey
13        Oasis
14        Batey
15        Lydia
16     Peaceful
17        Gallo
18        Lydia
19        Gallo
20     Peaceful
21        Batey
22        Oasis
23    Happiness
24     Hornaday
25      Krystal
26        River
27        Gallo
28        Lydia
29     Peaceful
30          ELG
31        Luigi
32       Carrie
33      Clayton
34      West123
35        Luigi
36      Clayton
37          ELG
38        Luigi
39      Clayton
40          ELG
41      West123
42      West123
Name: site, dtype: str","0               2093 Vyse Ave, Bronx, NY
1             1086 E 180th St, Bronx, NY
2          1070 E Tremont Ave, Bronx, NY
3               2093 Vyse Ave, Bronx, NY
4             1086 E 180th St, Bronx, NY
5          1070 E Tremont Ave, Bronx, NY
6             851 Hornaday Pl, Bronx, NY
7        2160 Prospect Avenue, Bronx, NY
8            2485 Belmont Ave, Bronx, NY
9             851 Hornaday Pl, Bronx, NY
10       2160 Prospect Avenue, Bronx, NY
11        1981 Lafontaine Ave, Bronx, NY
12             504 E 178th St, Bronx, NY
13        1981 Lafontaine Ave, Bronx, NY
14             504 E 178th St, Bronx, NY
15           1665 Park Ave, New York, NY
16           52 E 117th St, New York, NY
17      1891 Lexington Ave, New York, NY
18           1665 Park Ave, New York, NY
19      1891 Lexington Ave, New York, NY
20           52 E 117th St, New York, NY
21             504 E 178th St, Bronx, NY
22        1981 Lafontaine Ave, Bronx, NY
23       2160 Prospect Avenue, Bronx, NY
24            851 Hornaday Pl, Bronx, NY
25              2093 Vyse Ave, Bronx, NY
26            1086 E 180th St, Bronx, NY
27      1891 Lexington Ave, New York, NY
28           1665 Park Ave, New York, NY
29           52 E 117th St, New York, NY
30          237 W 111th St, New York, NY
31          227 W 115th St, New York, NY
32    145 St. Nicholas Ave, New York, NY
33          303 W 126th St, New York, NY
34          116 W 123rd St, New York, NY
35          227 W 115th St, New York, NY
36          303 W 126th St, New York, NY
37          237 W 111th St, New York, NY
38          227 W 115th St, New York, NY
39          303 W 126th St, New York, NY
40          237 W 111th St, New York, NY
41          116 W 123rd St, New York, NY
42          116 W 123rd St, New York, NY
Name: address, dtype: str","0      net
1      net
2      net
3      net
4      net
5      net
6      net
7      net
8      net
9      net
10     net
11     net
12     net
13     net
14     net
15     net
16     net
17     net
18     net
19     net
20     net
21    bowl
22    bowl
23    bowl
24    bowl
25    bowl
26    bowl
27    bowl
28    bowl
29    bowl
30    bowl
31    bowl
32    bowl
33    bowl
34    bowl
35     net
36     net
37     net
38     net
39     net
40     net
41     net
42     net
Name: method, dtype: str","0     8/10/2026
1     8/10/2026
2     8/10/2026
3     8/10/2026
4     8/10/2026
5     8/10/2026
6     8/11/2026
7     8/11/2026
8     8/11/2026
9     8/11/2026
10    8/11/2026
11    8/12/2026
12    8/12/2026
13    8/12/2026
14    8/12/2026
15    8/14/2026
16    8/14/2026
17    8/14/2026
18    8/14/2026
19    8/14/2026
20    8/14/2026
21    8/16/2026
22    8/16/2026
23    8/16/2026
24    8/16/2026
25    8/16/2026
26    8/16/2026
27    8/16/2026
28    8/16/2026
29    8/16/2026
30    8/15/2026
31    8/16/2026
32    8/16/2026
33    8/16/2026
34    8/16/2026
35    8/19/2026
36    8/19/2026
37    8/19/2026
38    8/19/2026
39    8/19/2026
40    8/19/2026
41    8/20/2026
42    8/20/2026
Name: date, dtype: str","0      9:48
1     10:40
2     12:41
3     14:25
4     15:04
5     15:45
6      8:58
7      9:43
8     10:42
9     12:36
10    13:50
11     9:30
12    10:20
13    13:04
14    13:57
15     8:59
16     9:50
17    10:36
18    13:00
19    13:56
20    14:33
21     7:51
22     8:11
23     8:43
24     9:05
25     9:32
26     9:57
27    10:48
28    11:12
29    11:30
30     8:30
31    12:22
32    12:39
33    13:09
34    13:38
35     9:28
36    10:25
37    11:28
38    13:35
39    15:00
40    16:05
41     9:10
42    12:36
Name: start, dtype: str","0     10:26
1     11:20
2     13:18
3     14:58
4     15:39
5     16:19
6      9:33
7     10:16
8     11:20
9     13:13
10    14:23
11    10:05
12    10:56
13    13:38
14    14:32
15     9:33
16    10:22
17    11:07
18    13:40
19    14:30
20    15:04
21     9:12
22     9:23
23     9:48
24    10:02
25    10:17
26    10:36
27    11:22
28    11:51
29    12:15
30    12:01
31    12:38
32    12:59
33    13:20
34    13:38
35    10:03
36    11:01
37    12:02
38    14:07
39    15:36
40    16:40
41     9:50
42    13:15
Name: end, dtype: str","0    2026-08-10 09:48:00
1    2026-08-10 10:40:00
2    2026-08-10 12:41:00
3    2026-08-10 14:25:00
4    2026-08-10 15:04:00
5    2026-08-10 15:45:00
6    2026-08-11 08:58:00
7    2026-08-11 09:43:00
8    2026-08-11 10:42:00
9    2026-08-11 12:36:00
10   2026-08-11 13:50:00
11   2026-08-12 09:30:00
12   2026-08-12 10:20:00
13   2026-08-12 13:04:00
14   2026-08-12 13:57:00
15   2026-08-14 08:59:00
16   2026-08-14 09:50:00
17   2026-08-14 10:36:00
18   2026-08-14 13:00:00
19   2026-08-14 13:56:00
20   2026-08-14 14:33:00
21   2026-08-16 07:51:00
22   2026-08-16 08:11:00
23   2026-08-16 08:43:00
24   2026-08-16 09:05:00
25   2026-08-16 09:32:00
26   2026-08-16 09:57:00
27   2026-08-16 10:48:00
28   2026-08-16 11:12:00
29   2026-08-16 11:30:00
30   2026-08-15 08:30:00
31   2026-08-16 12:22:00
32   2026-08-16 12:39:00
33   2026-08-16 13:09:00
34   2026-08-16 13:38:00
35   2026-08-19 09:28:00
36   2026-08-19 10:25:00
37   2026-08-19 11:28:00
38   2026-08-19 13:35:00
39   2026-08-19 15:00:00
40   2026-08-19 16:05:00
41   2026-08-20 09:10:00
42   2026-08-20 12:36:00
Name: start_dt, dtype: datetime64[us]","0    2026-08-10 10:26:00
1    2026-08-10 11:20:00
2    2026-08-10 13:18:00
3    2026-08-10 14:58:00
4    2026-08-10 15:39:00
5    2026-08-10 16:19:00
6    2026-08-11 09:33:00
7    2026-08-11 10:16:00
8    2026-08-11 11:20:00
9    2026-08-11 13:13:00
10   2026-08-11 14:23:00
11   2026-08-12 10:05:00
12   2026-08-12 10:56:00
13   2026-08-12 13:38:00
14   2026-08-12 14:32:00
15   2026-08-14 09:33:00
16   2026-08-14 10:22:00
17   2026-08-14 11:07:00
18   2026-08-14 13:40:00
19   2026-08-14 14:30:00
20   2026-08-14 15:04:00
21   2026-08-16 09:12:00
22   2026-08-16 09:23:00
23   2026-08-16 09:48:00
24   2026-08-16 10:02:00
25   2026-08-16 10:17:00
26   2026-08-16 10:36:00
27   2026-08-16 11:22:00
28   2026-08-16 11:51:00
29   2026-08-16 12:15:00
30   2026-08-15 12:01:00
31   2026-08-16 12:38:00
32   2026-08-16 12:59:00
33   2026-08-16 13:20:00
34   2026-08-16 13:38:00
35   2026-08-19 10:03:00
36   2026-08-19 11:01:00
37   2026-08-19 12:02:00
38   2026-08-19 14:07:00
39   2026-08-19 15:36:00
40   2026-08-19 16:40:00
41   2026-08-20 09:50:00
42   2026-08-20 13:15:00
Name: end_dt, dtype: datetime64[us]","0    2026-08-10 09:48:00
1    2026-08-10 10:40:00
2    2026-08-10 12:41:00
3    2026-08-10 14:25:00
4    2026-08-10 15:04:00
5    2026-08-10 15:45:00
6    2026-08-11 08:58:00
7    2026-08-11 09:43:00
8    2026-08-11 10:42:00
9    2026-08-11 12:36:00
10   2026-08-11 13:50:00
11   2026-08-12 09:30:00
12   2026-08-12 10:20:00
13   2026-08-12 13:04:00
14   2026-08-12 13:57:00
15   2026-08-14 08:59:00
16   2026-08-14 09:50:00
17   2026-08-14 10:36:00
18   2026-08-14 13:00:00
19   2026-08-14 13:56:00
20   2026-08-14 14:33:00
21   2026-08-15 07:51:00
22   2026-08-15 08:11:00
23   2026-08-15 08:43:00
24   2026-08-15 09:05:00
25   2026-08-15 09:32:00
26   2026-08-15 09:57:00
27   2026-08-15 10:48:00
28   2026-08-15 11:12:00
29   2026-08-15 11:30:00
30   2026-08-14 08:30:00
31   2026-08-15 12:22:00
32   2026-08-15 12:39:00
33   2026-08-15 13:09:00
34   2026-08-15 13:38:00
35   2026-08-19 09:28:00
36   2026-08-19 10:25:00
37   2026-08-19 11:28:00
38   2026-08-19 13:35:00
39   2026-08-19 15:00:00
40   2026-08-19 16:05:00
41   2026-08-20 09:10:00
42   2026-08-20 12:36:00
Name: weather_start_dt, dtype: datetime64[us]","0     40.843717
1     40.842397
2      40.84012
3     40.843717
4     40.842397
5      40.84012
6     40.847096
7     40.848686
8     40.856927
9     40.847096
10    40.848686
11    40.847084
12    40.847671
13    40.847084
14    40.847671
15    40.800138
16    40.800251
17    40.799598
18    40.800138
19    40.799598
20    40.800251
21    40.847671
22    40.847084
23    40.848686
24    40.847096
25    40.843717
26    40.842397
27    40.799598
28    40.800138
29    40.800251
30     40.80056
31    40.802954
32    40.705028
33    40.810995
34    40.806633
35    40.802954
36    40.810995
37     40.80056
38    40.802954
39    40.810995
40     40.80056
41    40.806633
42    40.806633
Name: latitude, dtype: object","0    -73.880764
1    -73.877734
2    -73.879419
3    -73.880764
4    -73.877734
5    -73.879419
6    -73.882462
7    -73.885202
8    -73.884577
9    -73.882462
10   -73.885202
11   -73.894102
12   -73.895419
13   -73.894102
14   -73.895419
15   -73.942507
16   -73.943601
17   -73.940784
18   -73.942507
19   -73.940784
20   -73.943601
21   -73.895419
22   -73.894102
23   -73.885202
24   -73.882462
25   -73.880764
26   -73.877734
27   -73.940784
28   -73.942507
29   -73.943601
30   -73.955883
31   -73.953793
32   -73.917031
33   -73.950817
34   -73.947051
35   -73.953793
36   -73.950817
37   -73.955883
38   -73.953793
39   -73.950817
40   -73.955883
41   -73.947051
42   -73.947051
Name: longitude, dtype: object","0     72503
1     72503
2     72503
3     72503
4     72503
5     72503
6     72503
7     72503
8     72503
9     72503
10    72503
11    72503
12    72503
13    72503
14    72503
15    KNYC0
16    KNYC0
17    KNYC0
18    KNYC0
19    KNYC0
20    KNYC0
21    72503
22    72503
23    72503
24    72503
25    72503
26    72503
27    KNYC0
28    KNYC0
29    KNYC0
30    KNYC0
31    KNYC0
32    KJRB0
33    KNYC0
34    KNYC0
35    KNYC0
36    KNYC0
37    KNYC0
38    KNYC0
39    KNYC0
40    KNYC0
41    KNYC0
42    KNYC0
Name: station, dtype: object"
24.3,59.8,9.0,0.0,,,,,,,,,,,,
,,,,"0       Krystal
1         River
2          Drew
3       Krystal
4         River
5          Drew
6      Hornaday
7     Happiness
8           BLF
9      Hornaday
10    Happiness
11        Oasis
12        Batey
13        Oasis
14        Batey
15        Lydia
16     Peaceful
17        Gallo
18        Lydia
19        Gallo
20     Peaceful
21        Batey
22        Oasis
23    Happiness
24     Hornaday
25      Krystal
26        River
27        Gallo
28        Lydia
29     Peaceful
30          ELG
31        Luigi
32       Carrie
33      Clayton
34      West123
35        Luigi
36      Clayton
37          ELG
38        Luigi
39      Clayton
40          ELG
41      West123
42      West123
Name: site, dtype: str","0               2093 Vyse Ave, Bronx, NY
1             1086 E 180th St, Bronx, NY
2          1070 E Tremont Ave, Bronx, NY
3               2093 Vyse Ave, Bronx, NY
4             1086 E 180th St, Bronx, NY
5          1070 E Tremont Ave, Bronx, NY
6             851 Hornaday Pl, Bronx, NY
7        2160 Prospect Avenue, Bronx, NY
8            2485 Belmont Ave, Bronx, NY
9             851 Hornaday Pl, Bronx, NY
10       2160 Prospect Avenue, Bronx, NY
11        1981 Lafontaine Ave, Bronx, NY
12             504 E 178th St, Bronx, NY
13        1981 Lafontaine Ave, Bronx, NY
14             504 E 178th St, Bronx, NY
15           1665 Park Ave, New York, NY
16           52 E 117th St, New York, NY
17      1891 Lexington Ave, New York, NY
18           1665 Park Ave, New York, NY
19      1891 Lexington Ave, New York, NY
20           52 E 117th St, New York, NY
21             504 E 178th St, Bronx, NY
22        1981 Lafontaine Ave, Bronx, NY
23       2160 Prospect Avenue, Bronx, NY
24            851 Hornaday Pl, Bronx, NY
25              2093 Vyse Ave, Bronx, NY
26            1086 E 180th St, Bronx, NY
27      1891 Lexington Ave, New York, NY
28           1665 Park Ave, New York, NY
29           52 E 117th St, New York, NY
30          237 W 111th St, New York, NY
31          227 W 115th St, New York, NY
32    145 St. Nicholas Ave, New York, NY
33          303 W 126th St, New York, NY
34          116 W 123rd St, New York, NY
35          227 W 115th St, New York, NY
36          303 W 126th St, New York, NY
37          237 W 111th St, New York, NY
38          227 W 115th St, New York, NY
39          303 W 126th St, New York, NY
40          237 W 111th St, New York, NY
41          116 W 123rd St, New York, NY
42          116 W 123rd St, New York, NY
Name: address, dtype: str","0      net
1      net
2      net
3      net
4      net
5      net
6      net
7      net
8      net
9      net
10     net
11     net
12     net
13     net
14     net
15     net
16     net
17     net
18     net
19     net
20     net
21    bowl
22    bowl
23    bowl
24    bowl
25    bowl
26    bowl
27    bowl
28    bowl
29    bowl
30    bowl
31    bowl
32    bowl
33    bowl
34    bowl
35     net
36     net
37     net
38     net
39     net
40     net
41     net
42     net
Name: method, dtype: str","0     8/10/2026
1     8/10/2026
2     8/10/2026
3     8/10/2026
4     8/10/2026
5     8/10/2026
6     8/11/2026
7     8/11/2026
8     8/11/2026
9     8/11/2026
10    8/11/2026
11    8/12/2026
12    8/12/2026
13    8/12/2026
14    8/12/2026
15    8/14/2026
16    8/14/2026
17    8/14/2026
18    8/14/2026
19    8/14/2026
20    8/14/2026
21    8/16/2026
22    8/16/2026
23    8/16/2026
24    8/16/2026
25    8/16/2026
26    8/16/2026
27    8/16/2026
28    8/16/2026
29    8/16/2026
30    8/15/2026
31    8/16/2026
32    8/16/2026
33    8/16/2026
34    8/16/2026
35    8/19/2026
36    8/19/2026
37    8/19/2026
38    8/19/2026
39    8/19/2026
40    8/19/2026
41    8/20/2026
42    8/20/2026
Name: date, dtype: str","0      9:48
1     10:40
2     12:41
3     14:25
4     15:04
5     15:45
6      8:58
7      9:43
8     10:42
9     12:36
10    13:50
11     9:30
12    10:20
13    13:04
14    13:57
15     8:59
16     9:50
17    10:36
18    13:00
19    13:56
20    14:33
21     7:51
22     8:11
23     8:43
24     9:05
25     9:32
26     9:57
27    10:48
28    11:12
29    11:30
30     8:30
31    12:22
32    12:39
33    13:09
34    13:38
35     9:28
36    10:25
37    11:28
38    13:35
39    15:00
40    16:05
41     9:10
42    12:36
Name: start, dtype: str","0     10:26
1     11:20
2     13:18
3     14:58
4     15:39
5     16:19
6      9:33
7     10:16
8     11:20
9     13:13
10    14:23
11    10:05
12    10:56
13    13:38
14    14:32
15     9:33
16    10:22
17    11:07
18    13:40
19    14:30
20    15:04
21     9:12
22     9:23
23     9:48
24    10:02
25    10:17
26    10:36
27    11:22
28    11:51
29    12:15
30    12:01
31    12:38
32    12:59
33    13:20
34    13:38
35    10:03
36    11:01
37    12:02
38    14:07
39    15:36
40    16:40
41     9:50
42    13:15
Name: end, dtype: str","0    2026-08-10 09:48:00
1    2026-08-10 10:40:00
2    2026-08-10 12:41:00
3    2026-08-10 14:25:00
4    2026-08-10 15:04:00
5    2026-08-10 15:45:00
6    2026-08-11 08:58:00
7    2026-08-11 09:43:00
8    2026-08-11 10:42:00
9    2026-08-11 12:36:00
10   2026-08-11 13:50:00
11   2026-08-12 09:30:00
12   2026-08-12 10:20:00
13   2026-08-12 13:04:00
14   2026-08-12 13:57:00
15   2026-08-14 08:59:00
16   2026-08-14 09:50:00
17   2026-08-14 10:36:00
18   2026-08-14 13:00:00
19   2026-08-14 13:56:00
20   2026-08-14 14:33:00
21   2026-08-16 07:51:00
22   2026-08-16 08:11:00
23   2026-08-16 08:43:00
24   2026-08-16 09:05:00
25   2026-08-16 09:32:00
26   2026-08-16 09:57:00
27   2026-08-16 10:48:00
28   2026-08-16 11:12:00
29   2026-08-16 11:30:00
30   2026-08-15 08:30:00
31   2026-08-16 12:22:00
32   2026-08-16 12:39:00
33   2026-08-16 13:09:00
34   2026-08-16 13:38:00
35   2026-08-19 09:28:00
36   2026-08-19 10:25:00
37   2026-08-19 11:28:00
38   2026-08-19 13:35:00
39   2026-08-19 15:00:00
40   2026-08-19 16:05:00
41   2026-08-20 09:10:00
42   2026-08-20 12:36:00
Name: start_dt, dtype: datetime64[us]","0    2026-08-10 10:26:00
1    2026-08-10 11:20:00
2    2026-08-10 13:18:00
3    2026-08-10 14:58:00
4    2026-08-10 15:39:00
5    2026-08-10 16:19:00
6    2026-08-11 09:33:00
7    2026-08-11 10:16:00
8    2026-08-11 11:20:00
9    2026-08-11 13:13:00
10   2026-08-11 14:23:00
11   2026-08-12 10:05:00
12   2026-08-12 10:56:00
13   2026-08-12 13:38:00
14   2026-08-12 14:32:00
15   2026-08-14 09:33:00
16   2026-08-14 10:22:00
17   2026-08-14 11:07:00
18   2026-08-14 13:40:00
19   2026-08-14 14:30:00
20   2026-08-14 15:04:00
21   2026-08-16 09:12:00
22   2026-08-16 09:23:00
23   2026-08-16 09:48:00
24   2026-08-16 10:02:00
25   2026-08-16 10:17:00
26   2026-08-16 10:36:00
27   2026-08-16 11:22:00
28   2026-08-16 11:51:00
29   2026-08-16 12:15:00
30   2026-08-15 12:01:00
31   2026-08-16 12:38:00
32   2026-08-16 12:59:00
33   2026-08-16 13:20:00
34   2026-08-16 13:38:00
35   2026-08-19 10:03:00
36   2026-08-19 11:01:00
37   2026-08-19 12:02:00
38   2026-08-19 14:07:00
39   2026-08-19 15:36:00
40   2026-08-19 16:40:00
41   2026-08-20 09:50:00
42   2026-08-20 13:15:00
Name: end_dt, dtype: datetime64[us]","0    2026-08-10 09:48:00
1    2026-08-10 10:40:00
2    2026-08-10 12:41:00
3    2026-08-10 14:25:00
4    2026-08-10 15:04:00
5    2026-08-10 15:45:00
6    2026-08-11 08:58:00
7    2026-08-11 09:43:00
8    2026-08-11 10:42:00
9    2026-08-11 12:36:00
10   2026-08-11 13:50:00
11   2026-08-12 09:30:00
12   2026-08-12 10:20:00
13   2026-08-12 13:04:00
14   2026-08-12 13:57:00
15   2026-08-14 08:59:00
16   2026-08-14 09:50:00
17   2026-08-14 10:36:00
18   2026-08-14 13:00:00
19   2026-08-14 13:56:00
20   2026-08-14 14:33:00
21   2026-08-15 07:51:00
22   2026-08-15 08:11:00
23   2026-08-15 08:43:00
24   2026-08-15 09:05:00
25   2026-08-15 09:32:00
26   2026-08-15 09:57:00
27   2026-08-15 10:48:00
28   2026-08-15 11:12:00
29   2026-08-15 11:30:00
30   2026-08-14 08:30:00
31   2026-08-15 12:22:00
32   2026-08-15 12:39:00
33   2026-08-15 13:09:00
34   2026-08-15 13:38:00
35   2026-08-19 09:28:00
36   2026-08-19 10:25:00
37   2026-08-19 11:28:00
38   2026-08-19 13:35:00
39   2026-08-19 15:00:00
40   2026-08-19 16:05:00
41   2026-08-20 09:10:00
42   2026-08-20 12:36:00
Name: weather_start_dt, dtype: datetime64[us]","0     40.843717
1     40.842397
2      40.84012
3     40.843717
4     40.842397
5      40.84012
6     40.847096
7     40.848686
8     40.856927
9     40.847096
10    40.848686
11    40.847084
12    40.847671
13    40.847084
14    40.847671
15    40.800138
16    40.800251
17    40.799598
18    40.800138
19    40.799598
20    40.800251
21    40.847671
22    40.847084
23    40.848686
24    40.847096
25    40.843717
26    40.842397
27    40.799598
28    40.800138
29    40.800251
30     40.80056
31    40.802954
32    40.705028
33    40.810995
34    40.806633
35    40.802954
36    40.810995
37     40.80056
38    40.802954
39    40.810995
40     40.80056
41    40.806633
42    40.806633
Name: latitude, dtype: object","0    -73.880764
1    -73.877734
2    -73.879419
3    -73.880764
4    -73.877734
5    -73.879419
6    -73.882462
7    -73.885202
8    -73.884577
9    -73.882462
10   -73.885202
11   -73.894102
12   -73.895419
13   -73.894102
14   -73.895419
15   -73.942507
16   -73.943601
17   -73.940784
18   -73.942507
19   -73.940784
20   -73.943601
21   -73.895419
22   -73.894102
23   -73.885202
24   -73.882462
25   -73.880764
26   -73.877734
27   -73.940784
28   -73.942507
29   -73.943601
30   -73.955883
31   -73.953793
32   -73.917031
33   -73.950817
34   -73.947051
35   -73.953793
36   -73.950817
37   -73.955883
38   -73.953793
39   -73.950817
40   -73.955883
41   -73.947051
42   -73.947051
Name: longitude, dtype: object","0     72503
1     72503
2     72503
3     72503
4     72503
5     72503
6     72503
7     72503
8     72503
9     72503
10    72503
11    72503
12    72503
13    72503
14    72503
15    KNYC0
16    KNYC0
17    KNYC0
18    KNYC0
19    KNYC0
20    KNYC0
21    72503
22    72503
23    72503
24    72503
25    72503
26    72503
27    KNYC0
28    KNYC0
29    KNYC0
30    KNYC0
31    KNYC0
32    KJRB0
33    KNYC0
34    KNYC0
35    KNYC0
36    KNYC0
37    KNYC0
38    KNYC0
39    KNYC0
40    KNYC0
41    KNYC0
42    KNYC0
Name: station, dtype: object"
25.7,73.1,8.0,0.0,,,,,,,,,,,,
,,,,"0       Krystal
1         River
2          Drew
3       Krystal
4         River
5          Drew
6      Hornaday
7     Happiness
8           BLF
9      Hornaday
10    Happiness
11        Oasis
12        Batey
13        Oasis
14        Batey
15        Lydia
16     Peaceful
17        Gallo
18        Lydia
19        Gallo
20     Peaceful
21        Batey
22        Oasis
23    Happiness
24     Hornaday
25      Krystal
26        River
27        Gallo
28        Lydia
29     Peaceful
30          ELG
31        Luigi
32       Carrie
33      Clayton
34      West123
35        Luigi
36      Clayton
37          ELG
38        Luigi
39      Clayton
40          ELG
41      West123
42      West123
Name: site, dtype: str","0               2093 Vyse Ave, Bronx, NY
1             1086 E 180th St, Bronx, NY
2          1070 E Tremont Ave, Bronx, NY
3               2093 Vyse Ave, Bronx, NY
4             1086 E 180th St, Bronx, NY
5          1070 E Tremont Ave, Bronx, NY
6             851 Hornaday Pl, Bronx, NY
7        2160 Prospect Avenue, Bronx, NY
8            2485 Belmont Ave, Bronx, NY
9             851 Hornaday Pl, Bronx, NY
10       2160 Prospect Avenue, Bronx, NY
11        1981 Lafontaine Ave, Bronx, NY
12             504 E 178th St, Bronx, NY
13        1981 Lafontaine Ave, Bronx, NY
14             504 E 178th St, Bronx, NY
15           1665 Park Ave, New York, NY
16           52 E 117th St, New York, NY
17      1891 Lexington Ave, New York, NY
18           1665 Park Ave, New York, NY
19      1891 Lexington Ave, New York, NY
20           52 E 117th St, New York, NY
21             504 E 178th St, Bronx, NY
22        1981 Lafontaine Ave, Bronx, NY
23       2160 Prospect Avenue, Bronx, NY
24            851 Hornaday Pl, Bronx, NY
25              2093 Vyse Ave, Bronx, NY
26            1086 E 180th St, Bronx, NY
27      1891 Lexington Ave, New York, NY
28           1665 Park Ave, New York, NY
29           52 E 117th St, New York, NY
30          237 W 111th St, New York, NY
31          227 W 115th St, New York, NY
32    145 St. Nicholas Ave, New York, NY
33          303 W 126th St, New York, NY
34          116 W 123rd St, New York, NY
35          227 W 115th St, New York, NY
36          303 W 126th St, New York, NY
37          237 W 111th St, New York, NY
38          227 W 115th St, New York, NY
39          303 W 126th St, New York, NY
40          237 W 111th St, New York, NY
41          116 W 123rd St, New York, NY
42          116 W 123rd St, New York, NY
Name: address, dtype: str","0      net
1      net
2      net
3      net
4      net
5      net
6      net
7      net
8      net
9      net
10     net
11     net
12     net
13     net
14     net
15     net
16     net
17     net
18     net
19     net
20     net
21    bowl
22    bowl
23    bowl
24    bowl
25    bowl
26    bowl
27    bowl
28    bowl
29    bowl
30    bowl
31    bowl
32    bowl
33    bowl
34    bowl
35     net
36     net
37     net
38     net
39     net
40     net
41     net
42     net
Name: method, dtype: str","0     8/10/2026
1     8/10/2026
2     8/10/2026
3     8/10/2026
4     8/10/2026
5     8/10/2026
6     8/11/2026
7     8/11/2026
8     8/11/2026
9     8/11/2026
10    8/11/2026
11    8/12/2026
12    8/12/2026
13    8/12/2026
14    8/12/2026
15    8/14/2026
16    8/14/2026
17    8/14/2026
18    8/14/2026
19    8/14/2026
20    8/14/2026
21    8/16/2026
22    8/16/2026
23    8/16/2026
24    8/16/2026
25    8/16/2026
26    8/16/2026
27    8/16/2026
28    8/16/2026
29    8/16/2026
30    8/15/2026
31    8/16/2026
32    8/16/2026
33    8/16/2026
34    8/16/2026
35    8/19/2026
36    8/19/2026
37    8/19/2026
38    8/19/2026
39    8/19/2026
40    8/19/2026
41    8/20/2026
42    8/20/2026
Name: date, dtype: str","0      9:48
1     10:40
2     12:41
3     14:25
4     15:04
5     15:45
6      8:58
7      9:43
8     10:42
9     12:36
10    13:50
11     9:30
12    10:20
13    13:04
14    13:57
15     8:59
16     9:50
17    10:36
18    13:00
19    13:56
20    14:33
21     7:51
22     8:11
23     8:43
24     9:05
25     9:32
26     9:57
27    10:48
28    11:12
29    11:30
30     8:30
31    12:22
32    12:39
33    13:09
34    13:38
35     9:28
36    10:25
37    11:28
38    13:35
39    15:00
40    16:05
41     9:10
42    12:36
Name: start, dtype: str","0     10:26
1     11:20
2     13:18
3     14:58
4     15:39
5     16:19
6      9:33
7     10:16
8     11:20
9     13:13
10    14:23
11    10:05
12    10:56
13    13:38
14    14:32
15     9:33
16    10:22
17    11:07
18    13:40
19    14:30
20    15:04
21     9:12
22     9:23
23     9:48
24    10:02
25    10:17
26    10:36
27    11:22
28    11:51
29    12:15
30    12:01
31    12:38
32    12:59
33    13:20
34    13:38
35    10:03
36    11:01
37    12:02
38    14:07
39    15:36
40    16:40
41     9:50
42    13:15
Name: end, dtype: str","0    2026-08-10 09:48:00
1    2026-08-10 10:40:00
2    2026-08-10 12:41:00
3    2026-08-10 14:25:00
4    2026-08-10 15:04:00
5    2026-08-10 15:45:00
6    2026-08-11 08:58:00
7    2026-08-11 09:43:00
8    2026-08-11 10:42:00
9    2026-08-11 12:36:00
10   2026-08-11 13:50:00
11   2026-08-12 09:30:00
12   2026-08-12 10:20:00
13   2026-08-12 13:04:00
14   2026-08-12 13:57:00
15   2026-08-14 08:59:00
16   2026-08-14 09:50:00
17   2026-08-14 10:36:00
18   2026-08-14 13:00:00
19   2026-08-14 13:56:00
20   2026-08-14 14:33:00
21   2026-08-16 07:51:00
22   2026-08-16 08:11:00
23   2026-08-16 08:43:00
24   2026-08-16 09:05:00
25   2026-08-16 09:32:00
26   2026-08-16 09:57:00
27   2026-08-16 10:48:00
28   2026-08-16 11:12:00
29   2026-08-16 11:30:00
30   2026-08-15 08:30:00
31   2026-08-16 12:22:00
32   2026-08-16 12:39:00
33   2026-08-16 13:09:00
34   2026-08-16 13:38:00
35   2026-08-19 09:28:00
36   2026-08-19 10:25:00
37   2026-08-19 11:28:00
38   2026-08-19 13:35:00
39   2026-08-19 15:00:00
40   2026-08-19 16:05:00
41   2026-08-20 09:10:00
42   2026-08-20 12:36:00
Name: start_dt, dtype: datetime64[us]","0    2026-08-10 10:26:00
1    2026-08-10 11:20:00
2    2026-08-10 13:18:00
3    2026-08-10 14:58:00
4    2026-08-10 15:39:00
5    2026-08-10 16:19:00
6    2026-08-11 09:33:00
7    2026-08-11 10:16:00
8    2026-08-11 11:20:00
9    2026-08-11 13:13:00
10   2026-08-11 14:23:00
11   2026-08-12 10:05:00
12   2026-08-12 10:56:00
13   2026-08-12 13:38:00
14   2026-08-12 14:32:00
15   2026-08-14 09:33:00
16   2026-08-14 10:22:00
17   2026-08-14 11:07:00
18   2026-08-14 13:40:00
19   2026-08-14 14:30:00
20   2026-08-14 15:04:00
21   2026-08-16 09:12:00
22   2026-08-16 09:23:00
23   2026-08-16 09:48:00
24   2026-08-16 10:02:00
25   2026-08-16 10:17:00
26   2026-08-16 10:36:00
27   2026-08-16 11:22:00
28   2026-08-16 11:51:00
29   2026-08-16 12:15:00
30   2026-08-15 12:01:00
31   2026-08-16 12:38:00
32   2026-08-16 12:59:00
33   2026-08-16 13:20:00
34   2026-08-16 13:38:00
35   2026-08-19 10:03:00
36   2026-08-19 11:01:00
37   2026-08-19 12:02:00
38   2026-08-19 14:07:00
39   2026-08-19 15:36:00
40   2026-08-19 16:40:00
41   2026-08-20 09:50:00
42   2026-08-20 13:15:00
Name: end_dt, dtype: datetime64[us]","0    2026-08-10 09:48:00
1    2026-08-10 10:40:00
2    2026-08-10 12:41:00
3    2026-08-10 14:25:00
4    2026-08-10 15:04:00
5    2026-08-10 15:45:00
6    2026-08-11 08:58:00
7    2026-08-11 09:43:00
8    2026-08-11 10:42:00
9    2026-08-11 12:36:00
10   2026-08-11 13:50:00
11   2026-08-12 09:30:00
12   2026-08-12 10:20:00
13   2026-08-12 13:04:00
14   2026-08-12 13:57:00
15   2026-08-14 08:59:00
16   2026-08-14 09:50:00
17   2026-08-14 10:36:00
18   2026-08-14 13:00:00
19   2026-08-14 13:56:00
20   2026-08-14 14:33:00
21   2026-08-15 07:51:00
22   2026-08-15 08:11:00
23   2026-08-15 08:43:00
24   2026-08-15 09:05:00
25   2026-08-15 09:32:00
26   2026-08-15 09:57:00
27   2026-08-15 10:48:00
28   2026-08-15 11:12:00
29   2026-08-15 11:30:00
30   2026-08-14 08:30:00
31   2026-08-15 12:22:00
32   2026-08-15 12:39:00
33   2026-08-15 13:09:00
34   2026-08-15 13:38:00
35   2026-08-19 09:28:00
36   2026-08-19 10:25:00
37   2026-08-19 11:28:00
38   2026-08-19 13:35:00
39   2026-08-19 15:00:00
40   2026-08-19 16:05:00
41   2026-08-20 09:10:00
42   2026-08-20 12:36:00
Name: weather_start_dt, dtype: datetime64[us]","0     40.843717
1     40.842397
2      40.84012
3     40.843717
4     40.842397
5      40.84012
6     40.847096
7     40.848686
8     40.856927
9     40.847096
10    40.848686
11    40.847084
12    40.847671
13    40.847084
14    40.847671
15    40.800138
16    40.800251
17    40.799598
18    40.800138
19    40.799598
20    40.800251
21    40.847671
22    40.847084
23    40.848686
24    40.847096
25    40.843717
26    40.842397
27    40.799598
28    40.800138
29    40.800251
30     40.80056
31    40.802954
32    40.705028
33    40.810995
34    40.806633
35    40.802954
36    40.810995
37     40.80056
38    40.802954
39    40.810995
40     40.80056
41    40.806633
42    40.806633
Name: latitude, dtype: object","0    -73.880764
1    -73.877734
2    -73.879419
3    -73.880764
4    -73.877734
5    -73.879419
6    -73.882462
7    -73.885202
8    -73.884577
9    -73.882462
10   -73.885202
11   -73.894102
12   -73.895419
13   -73.894102
14   -73.895419
15   -73.942507
16   -73.943601
17   -73.940784
18   -73.942507
19   -73.940784
20   -73.943601
21   -73.895419
22   -73.894102
23   -73.885202
24   -73.882462
25   -73.880764
26   -73.877734
27   -73.940784
28   -73.942507
29   -73.943601
30   -73.955883
31   -73.953793
32   -73.917031
33   -73.950817
34   -73.947051
35   -73.953793
36   -73.950817
37   -73.955883
38   -73.953793
39   -73.950817
40   -73.955883
41   -73.947051
42   -73.947051
Name: longitude, dtype: object","0     72503
1     72503
2     72503
3     72503
4     72503
5     72503
6     72503
7     72503
8     72503
9     72503
10    72503
11    72503
12    72503
13    72503
14    72503
15    KNYC0
16    KNYC0
17    KNYC0
18    KNYC0
19    KNYC0
20    KNYC0
21    72503
22    72503
23    72503
24    72503
25    72503
26    72503
27    KNYC0
28    KNYC0
29    KNYC0
30    KNYC0
31    KNYC0
32    KJRB0
33    KNYC0
34    KNYC0
35    KNYC0
36    KNYC0
37    KNYC0
38    KNYC0
39    KNYC0
40    KNYC0
41    KNYC0
42    KNYC0
Name: station, dtype: object"
24.4,59.8,9.0,0.0,,,,,,,,,,,,
,,,,"0       Krystal
1         River
2          Drew
3       Krystal
4         River
5          Drew
6      Hornaday
7     Happiness
8           BLF
9      Hornaday
10    Happiness
11        Oasis
12        Batey
13        Oasis
14        Batey
15        Lydia
16     Peaceful
17        Gallo
18        Lydia
19        Gallo
20     Peaceful
21        Batey
22        Oasis
23    Happiness
24     Hornaday
25      Krystal
26        River
27        Gallo
28        Lydia
29     Peaceful
30          ELG
31        Luigi
32       Carrie
33      Clayton
34      West123
35        Luigi
36      Clayton
37          ELG
38        Luigi
39      Clayton
40          ELG
41      West123
42      West123
Name: site, dtype: str","0               2093 Vyse Ave, Bronx, NY
1             1086 E 180th St, Bronx, NY
2          1070 E Tremont Ave, Bronx, NY
3               2093 Vyse Ave, Bronx, NY
4             1086 E 180th St, Bronx, NY
5          1070 E Tremont Ave, Bronx, NY
6             851 Hornaday Pl, Bronx, NY
7        2160 Prospect Avenue, Bronx, NY
8            2485 Belmont Ave, Bronx, NY
9             851 Hornaday Pl, Bronx, NY
10       2160 Prospect Avenue, Bronx, NY
11        1981 Lafontaine Ave, Bronx, NY
12             504 E 178th St, Bronx, NY
13        1981 Lafontaine Ave, Bronx, NY
14             504 E 178th St, Bronx, NY
15           1665 Park Ave, New York, NY
16           52 E 117th St, New York, NY
17      1891 Lexington Ave, New York, NY
18           1665 Park Ave, New York, NY
19      1891 Lexington Ave, New York, NY
20           52 E 117th St, New York, NY
21             504 E 178th St, Bronx, NY
22        1981 Lafontaine Ave, Bronx, NY
23       2160 Prospect Avenue, Bronx, NY
24            851 Hornaday Pl, Bronx, NY
25              2093 Vyse Ave, Bronx, NY
26            1086 E 180th St, Bronx, NY
27      1891 Lexington Ave, New York, NY
28           1665 Park Ave, New York, NY
29           52 E 117th St, New York, NY
30          237 W 111th St, New York, NY
31          227 W 115th St, New York, NY
32    145 St. Nicholas Ave, New York, NY
33          303 W 126th St, New York, NY
34          116 W 123rd St, New York, NY
35          227 W 115th St, New York, NY
36          303 W 126th St, New York, NY
37          237 W 111th St, New York, NY
38          227 W 115th St, New York, NY
39          303 W 126th St, New York, NY
40          237 W 111th St, New York, NY
41          116 W 123rd St, New York, NY
42          116 W 123rd St, New York, NY
Name: address, dtype: str","0      net
1      net
2      net
3      net
4      net
5      net
6      net
7      net
8      net
9      net
10     net
11     net
12     net
13     net
14     net
15     net
16     net
17     net
18     net
19     net
20     net
21    bowl
22    bowl
23    bowl
24    bowl
25    bowl
26    bowl
27    bowl
28    bowl
29    bowl
30    bowl
31    bowl
32    bowl
33    bowl
34    bowl
35     net
36     net
37     net
38     net
39     net
40     net
41     net
42     net
Name: method, dtype: str","0     8/10/2026
1     8/10/2026
2     8/10/2026
3     8/10/2026
4     8/10/2026
5     8/10/2026
6     8/11/2026
7     8/11/2026
8     8/11/2026
9     8/11/2026
10    8/11/2026
11    8/12/2026
12    8/12/2026
13    8/12/2026
14    8/12/2026
15    8/14/2026
16    8/14/2026
17    8/14/2026
18    8/14/2026
19    8/14/2026
20    8/14/2026
21    8/16/2026
22    8/16/2026
23    8/16/2026
24    8/16/2026
25    8/16/2026
26    8/16/2026
27    8/16/2026
28    8/16/2026
29    8/16/2026
30    8/15/2026
31    8/16/2026
32    8/16/2026
33    8/16/2026
34    8/16/2026
35    8/19/2026
36    8/19/2026
37    8/19/2026
38    8/19/2026
39    8/19/2026
40    8/19/2026
41    8/20/2026
42    8/20/2026
Name: date, dtype: str","0      9:48
1     10:40
2     12:41
3     14:25
4     15:04
5     15:45
6      8:58
7      9:43
8     10:42
9     12:36
10    13:50
11     9:30
12    10:20
13    13:04
14    13:57
15     8:59
16     9:50
17    10:36
18    13:00
19    13:56
20    14:33
21     7:51
22     8:11
23     8:43
24     9:05
25     9:32
26     9:57
27    10:48
28    11:12
29    11:30
30     8:30
31    12:22
32    12:39
33    13:09
34    13:38
35     9:28
36    10:25
37    11:28
38    13:35
39    15:00
40    16:05
41     9:10
42    12:36
Name: start, dtype: str","0     10:26
1     11:20
2     13:18
3     14:58
4     15:39
5     16:19
6      9:33
7     10:16
8     11:20
9     13:13
10    14:23
11    10:05
12    10:56
13    13:38
14    14:32
15     9:33
16    10:22
17    11:07
18    13:40
19    14:30
20    15:04
21     9:12
22     9:23
23     9:48
24    10:02
25    10:17
26    10:36
27    11:22
28    11:51
29    12:15
30    12:01
31    12:38
32    12:59
33    13:20
34    13:38
35    10:03
36    11:01
37    12:02
38    14:07
39    15:36
40    16:40
41     9:50
42    13:15
Name: end, dtype: str","0    2026-08-10 09:48:00
1    2026-08-10 10:40:00
2    2026-08-10 12:41:00
3    2026-08-10 14:25:00
4    2026-08-10 15:04:00
5    2026-08-10 15:45:00
6    2026-08-11 08:58:00
7    2026-08-11 09:43:00
8    2026-08-11 10:42:00
9    2026-08-11 12:36:00
10   2026-08-11 13:50:00
11   2026-08-12 09:30:00
12   2026-08-12 10:20:00
13   2026-08-12 13:04:00
14   2026-08-12 13:57:00
15   2026-08-14 08:59:00
16   2026-08-14 09:50:00
17   2026-08-14 10:36:00
18   2026-08-14 13:00:00
19   2026-08-14 13:56:00
20   2026-08-14 14:33:00
21   2026-08-16 07:51:00
22   2026-08-16 08:11:00
23   2026-08-16 08:43:00
24   2026-08-16 09:05:00
25   2026-08-16 09:32:00
26   2026-08-16 09:57:00
27   2026-08-16 10:48:00
28   2026-08-16 11:12:00
29   2026-08-16 11:30:00
30   2026-08-15 08:30:00
31   2026-08-16 12:22:00
32   2026-08-16 12:39:00
33   2026-08-16 13:09:00
34   2026-08-16 13:38:00
35   2026-08-19 09:28:00
36   2026-08-19 10:25:00
37   2026-08-19 11:28:00
38   2026-08-19 13:35:00
39   2026-08-19 15:00:00
40   2026-08-19 16:05:00
41   2026-08-20 09:10:00
42   2026-08-20 12:36:00
Name: start_dt, dtype: datetime64[us]","0    2026-08-10 10:26:00
1    2026-08-10 11:20:00
2    2026-08-10 13:18:00
3    2026-08-10 14:58:00
4    2026-08-10 15:39:00
5    2026-08-10 16:19:00
6    2026-08-11 09:33:00
7    2026-08-11 10:16:00
8    2026-08-11 11:20:00
9    2026-08-11 13:13:00
10   2026-08-11 14:23:00
11   2026-08-12 10:05:00
12   2026-08-12 10:56:00
13   2026-08-12 13:38:00
14   2026-08-12 14:32:00
15   2026-08-14 09:33:00
16   2026-08-14 10:22:00
17   2026-08-14 11:07:00
18   2026-08-14 13:40:00
19   2026-08-14 14:30:00
20   2026-08-14 15:04:00
21   2026-08-16 09:12:00
22   2026-08-16 09:23:00
23   2026-08-16 09:48:00
24   2026-08-16 10:02:00
25   2026-08-16 10:17:00
26   2026-08-16 10:36:00
27   2026-08-16 11:22:00
28   2026-08-16 11:51:00
29   2026-08-16 12:15:00
30   2026-08-15 12:01:00
31   2026-08-16 12:38:00
32   2026-08-16 12:59:00
33   2026-08-16 13:20:00
34   2026-08-16 13:38:00
35   2026-08-19 10:03:00
36   2026-08-19 11:01:00
37   2026-08-19 12:02:00
38   2026-08-19 14:07:00
39   2026-08-19 15:36:00
40   2026-08-19 16:40:00
41   2026-08-20 09:50:00
42   2026-08-20 13:15:00
Name: end_dt, dtype: datetime64[us]","0    2026-08-10 09:48:00
1    2026-08-10 10:40:00
2    2026-08-10 12:41:00
3    2026-08-10 14:25:00
4    2026-08-10 15:04:00
5    2026-08-10 15:45:00
6    2026-08-11 08:58:00
7    2026-08-11 09:43:00
8    2026-08-11 10:42:00
9    2026-08-11 12:36:00
10   2026-08-11 13:50:00
11   2026-08-12 09:30:00
12   2026-08-12 10:20:00
13   2026-08-12 13:04:00
14   2026-08-12 13:57:00
15   2026-08-14 08:59:00
16   2026-08-14 09:50:00
17   2026-08-14 10:36:00
18   2026-08-14 13:00:00
19   2026-08-14 13:56:00
20   2026-08-14 14:33:00
21   2026-08-15 07:51:00
22   2026-08-15 08:11:00
23   2026-08-15 08:43:00
24   2026-08-15 09:05:00
25   2026-08-15 09:32:00
26   2026-08-15 09:57:00
27   2026-08-15 10:48:00
28   2026-08-15 11:12:00
29   2026-08-15 11:30:00
30   2026-08-14 08:30:00
31   2026-08-15 12:22:00
32   2026-08-15 12:39:00
33   2026-08-15 13:09:00
34   2026-08-15 13:38:00
35   2026-08-19 09:28:00
36   2026-08-19 10:25:00
37   2026-08-19 11:28:00
38   2026-08-19 13:35:00
39   2026-08-19 15:00:00
40   2026-08-19 16:05:00
41   2026-08-20 09:10:00
42   2026-08-20 12:36:00
Name: weather_start_dt, dtype: datetime64[us]","0     40.843717
1     40.842397
2      40.84012
3     40.843717
4     40.842397
5      40.84012
6     40.847096
7     40.848686
8     40.856927
9     40.847096
10    40.848686
11    40.847084
12    40.847671
13    40.847084
14    40.847671
15    40.800138
16    40.800251
17    40.799598
18    40.800138
19    40.799598
20    40.800251
21    40.847671
22    40.847084
23    40.848686
24    40.847096
25    40.843717
26    40.842397
27    40.799598
28    40.800138
29    40.800251
30     40.80056
31    40.802954
32    40.705028
33    40.810995
34    40.806633
35    40.802954
36    40.810995
37     40.80056
38    40.802954
39    40.810995
40     40.80056
41    40.806633
42    40.806633
Name: latitude, dtype: object","0    -73.880764
1    -73.877734
2    -73.879419
3    -73.880764
4    -73.877734
5    -73.879419
6    -73.882462
7    -73.885202
8    -73.884577
9    -73.882462
10   -73.885202
11   -73.894102
12   -73.895419
13   -73.894102
14   -73.895419
15   -73.942507
16   -73.943601
17   -73.940784
18   -73.942507
19   -73.940784
20   -73.943601
21   -73.895419
22   -73.894102
23   -73.885202
24   -73.882462
25   -73.880764
26   -73.877734
27   -73.940784
28   -73.942507
29   -73.943601
30   -73.955883
31   -73.953793
32   -73.917031
33   -73.950817
34   -73.947051
35   -73.953793
36   -73.950817
37   -73.955883
38   -73.953793
39   -73.950817
40   -73.955883
41   -73.947051
42   -73.947051
Name: longitude, dtype: object","0     72503
1     72503
2     72503
3     72503
4     72503
5     72503
6     72503
7     72503
8     72503
9     72503
10    72503
11    72503
12    72503
13    72503
14    72503
15    KNYC0
16    KNYC0
17    KNYC0
18    KNYC0
19    KNYC0
20    KNYC0
21    72503
22    72503
23    72503
24    72503
25    72503
26    72503
27    KNYC0
28    KNYC0
29    KNYC0
30    KNYC0
31    KNYC0
32    KJRB0
33    KNYC0
34    KNYC0
35    KNYC0
36    KNYC0
37    KNYC0
38    KNYC0
39    KNYC0
40    KNYC0
41    KNYC0
42    KNYC0
Name: station, dtype: object"
24.5,60.1,8.0,0.0,,,,,,,,,,,,
,,,,"0       Krystal
1         River
2          Drew
3       Krystal
4         River
5          Drew
6      Hornaday
7     Happiness
8           BLF
9      Hornaday
10    Happiness
11        Oasis
12        Batey
13        Oasis
14        Batey
15        Lydia
16     Peaceful
17        Gallo
18        Lydia
19        Gallo
20     Peaceful
21        Batey
22        Oasis
23    Happiness
24     Hornaday
25      Krystal
26        River
27        Gallo
28        Lydia
29     Peaceful
30          ELG
31        Luigi
32       Carrie
33      Clayton
34      West123
35        Luigi
36      Clayton
37          ELG
38        Luigi
39      Clayton
40          ELG
41      West123
42      West123
Name: site, dtype: str","0               2093 Vyse Ave, Bronx, NY
1             1086 E 180th St, Bronx, NY
2          1070 E Tremont Ave, Bronx, NY
3               2093 Vyse Ave, Bronx, NY
4             1086 E 180th St, Bronx, NY
5          1070 E Tremont Ave, Bronx, NY
6             851 Hornaday Pl, Bronx, NY
7        2160 Prospect Avenue, Bronx, NY
8            2485 Belmont Ave, Bronx, NY
9             851 Hornaday Pl, Bronx, NY
10       2160 Prospect Avenue, Bronx, NY
11        1981 Lafontaine Ave, Bronx, NY
12             504 E 178th St, Bronx, NY
13        1981 Lafontaine Ave, Bronx, NY
14             504 E 178th St, Bronx, NY
15           1665 Park Ave, New York, NY
16           52 E 117th St, New York, NY
17      1891 Lexington Ave, New York, NY
18           1665 Park Ave, New York, NY
19      1891 Lexington Ave, New York, NY
20           52 E 117th St, New York, NY
21             504 E 178th St, Bronx, NY
22        1981 Lafontaine Ave, Bronx, NY
23       2160 Prospect Avenue, Bronx, NY
24            851 Hornaday Pl, Bronx, NY
25              2093 Vyse Ave, Bronx, NY
26            1086 E 180th St, Bronx, NY
27      1891 Lexington Ave, New York, NY
28           1665 Park Ave, New York, NY
29           52 E 117th St, New York, NY
30          237 W 111th St, New York, NY
31          227 W 115th St, New York, NY
32    145 St. Nicholas Ave, New York, NY
33          303 W 126th St, New York, NY
34          116 W 123rd St, New York, NY
35          227 W 115th St, New York, NY
36          303 W 126th St, New York, NY
37          237 W 111th St, New York, NY
38          227 W 115th St, New York, NY
39          303 W 126th St, New York, NY
40          237 W 111th St, New York, NY
41          116 W 123rd St, New York, NY
42          116 W 123rd St, New York, NY
Name: address, dtype: str","0      net
1      net
2      net
3      net
4      net
5      net
6      net
7      net
8      net
9      net
10     net
11     net
12     net
13     net
14     net
15     net
16     net
17     net
18     net
19     net
20     net
21    bowl
22    bowl
23    bowl
24    bowl
25    bowl
26    bowl
27    bowl
28    bowl
29    bowl
30    bowl
31    bowl
32    bowl
33    bowl
34    bowl
35     net
36     net
37     net
38     net
39     net
40     net
41     net
42     net
Name: method, dtype: str","0     8/10/2026
1     8/10/2026
2     8/10/2026
3     8/10/2026
4     8/10/2026
5     8/10/2026
6     8/11/2026
7     8/11/2026
8     8/11/2026
9     8/11/2026
10    8/11/2026
11    8/12/2026
12    8/12/2026
13    8/12/2026
14    8/12/2026
15    8/14/2026
16    8/14/2026
17    8/14/2026
18    8/14/2026
19    8/14/2026
20    8/14/2026
21    8/16/2026
22    8/16/2026
23    8/16/2026
24    8/16/2026
25    8/16/2026
26    8/16/2026
27    8/16/2026
28    8/16/2026
29    8/16/2026
30    8/15/2026
31    8/16/2026
32    8/16/2026
33    8/16/2026
34    8/16/2026
35    8/19/2026
36    8/19/2026
37    8/19/2026
38    8/19/2026
39    8/19/2026
40    8/19/2026
41    8/20/2026
42    8/20/2026
Name: date, dtype: str","0      9:48
1     10:40
2     12:41
3     14:25
4     15:04
5     15:45
6      8:58
7      9:43
8     10:42
9     12:36
10    13:50
11     9:30
12    10:20
13    13:04
14    13:57
15     8:59
16     9:50
17    10:36
18    13:00
19    13:56
20    14:33
21     7:51
22     8:11
23     8:43
24     9:05
25     9:32
26     9:57
27    10:48
28    11:12
29    11:30
30     8:30
31    12:22
32    12:39
33    13:09
34    13:38
35     9:28
36    10:25
37    11:28
38    13:35
39    15:00
40    16:05
41     9:10
42    12:36
Name: start, dtype: str","0     10:26
1     11:20
2     13:18
3     14:58
4     15:39
5     16:19
6      9:33
7     10:16
8     11:20
9     13:13
10    14:23
11    10:05
12    10:56
13    13:38
14    14:32
15     9:33
16    10:22
17    11:07
18    13:40
19    14:30
20    15:04
21     9:12
22     9:23
23     9:48
24    10:02
25    10:17
26    10:36
27    11:22
28    11:51
29    12:15
30    12:01
31    12:38
32    12:59
33    13:20
34    13:38
35    10:03
36    11:01
37    12:02
38    14:07
39    15:36
40    16:40
41     9:50
42    13:15
Name: end, dtype: str","0    2026-08-10 09:48:00
1    2026-08-10 10:40:00
2    2026-08-10 12:41:00
3    2026-08-10 14:25:00
4    2026-08-10 15:04:00
5    2026-08-10 15:45:00
6    2026-08-11 08:58:00
7    2026-08-11 09:43:00
8    2026-08-11 10:42:00
9    2026-08-11 12:36:00
10   2026-08-11 13:50:00
11   2026-08-12 09:30:00
12   2026-08-12 10:20:00
13   2026-08-12 13:04:00
14   2026-08-12 13:57:00
15   2026-08-14 08:59:00
16   2026-08-14 09:50:00
17   2026-08-14 10:36:00
18   2026-08-14 13:00:00
19   2026-08-14 13:56:00
20   2026-08-14 14:33:00
21   2026-08-16 07:51:00
22   2026-08-16 08:11:00
23   2026-08-16 08:43:00
24   2026-08-16 09:05:00
25   2026-08-16 09:32:00
26   2026-08-16 09:57:00
27   2026-08-16 10:48:00
28   2026-08-16 11:12:00
29   2026-08-16 11:30:00
30   2026-08-15 08:30:00
31   2026-08-16 12:22:00
32   2026-08-16 12:39:00
33   2026-08-16 13:09:00
34   2026-08-16 13:38:00
35   2026-08-19 09:28:00
36   2026-08-19 10:25:00
37   2026-08-19 11:28:00
38   2026-08-19 13:35:00
39   2026-08-19 15:00:00
40   2026-08-19 16:05:00
41   2026-08-20 09:10:00
42   2026-08-20 12:36:00
Name: start_dt, dtype: datetime64[us]","0    2026-08-10 10:26:00
1    2026-08-10 11:20:00
2    2026-08-10 13:18:00
3    2026-08-10 14:58:00
4    2026-08-10 15:39:00
5    2026-08-10 16:19:00
6    2026-08-11 09:33:00
7    2026-08-11 10:16:00
8    2026-08-11 11:20:00
9    2026-08-11 13:13:00
10   2026-08-11 14:23:00
11   2026-08-12 10:05:00
12   2026-08-12 10:56:00
13   2026-08-12 13:38:00
14   2026-08-12 14:32:00
15   2026-08-14 09:33:00
16   2026-08-14 10:22:00
17   2026-08-14 11:07:00
18   2026-08-14 13:40:00
19   2026-08-14 14:30:00
20   2026-08-14 15:04:00
21   2026-08-16 09:12:00
22   2026-08-16 09:23:00
23   2026-08-16 09:48:00
24   2026-08-16 10:02:00
25   2026-08-16 10:17:00
26   2026-08-16 10:36:00
27   2026-08-16 11:22:00
28   2026-08-16 11:51:00
29   2026-08-16 12:15:00
30   2026-08-15 12:01:00
31   2026-08-16 12:38:00
32   2026-08-16 12:59:00
33   2026-08-16 13:20:00
34   2026-08-16 13:38:00
35   2026-08-19 10:03:00
36   2026-08-19 11:01:00
37   2026-08-19 12:02:00
38   2026-08-19 14:07:00
39   2026-08-19 15:36:00
40   2026-08-19 16:40:00
41   2026-08-20 09:50:00
42   2026-08-20 13:15:00
Name: end_dt, dtype: datetime64[us]","0    2026-08-10 09:48:00
1    2026-08-10 10:40:00
2    2026-08-10 12:41:00
3    2026-08-10 14:25:00
4    2026-08-10 15:04:00
5    2026-08-10 15:45:00
6    2026-08-11 08:58:00
7    2026-08-11 09:43:00
8    2026-08-11 10:42:00
9    2026-08-11 12:36:00
10   2026-08-11 13:50:00
11   2026-08-12 09:30:00
12   2026-08-12 10:20:00
13   2026-08-12 13:04:00
14   2026-08-12 13:57:00
15   2026-08-14 08:59:00
16   2026-08-14 09:50:00
17   2026-08-14 10:36:00
18   2026-08-14 13:00:00
19   2026-08-14 13:56:00
20   2026-08-14 14:33:00
21   2026-08-15 07:51:00
22   2026-08-15 08:11:00
23   2026-08-15 08:43:00
24   2026-08-15 09:05:00
25   2026-08-15 09:32:00
26   2026-08-15 09:57:00
27   2026-08-15 10:48:00
28   2026-08-15 11:12:00
29   2026-08-15 11:30:00
30   2026-08-14 08:30:00
31   2026-08-15 12:22:00
32   2026-08-15 12:39:00
33   2026-08-15 13:09:00
34   2026-08-15 13:38:00
35   2026-08-19 09:28:00
36   2026-08-19 10:25:00
37   2026-08-19 11:28:00
38   2026-08-19 13:35:00
39   2026-08-19 15:00:00
40   2026-08-19 16:05:00
41   2026-08-20 09:10:00
42   2026-08-20 12:36:00
Name: weather_start_dt, dtype: datetime64[us]","0     40.843717
1     40.842397
2      40.84012
3     40.843717
4     40.842397
5      40.84012
6     40.847096
7     40.848686
8     40.856927
9     40.847096
10    40.848686
11    40.847084
12    40.847671
13    40.847084
14    40.847671
15    40.800138
16    40.800251
17    40.799598
18    40.800138
19    40.799598
20    40.800251
21    40.847671
22    40.847084
23    40.848686
24    40.847096
25    40.843717
26    40.842397
27    40.799598
28    40.800138
29    40.800251
30     40.80056
31    40.802954
32    40.705028
33    40.810995
34    40.806633
35    40.802954
36    40.810995
37     40.80056
38    40.802954
39    40.810995
40     40.80056
41    40.806633
42    40.806633
Name: latitude, dtype: object","0    -73.880764
1    -73.877734
2    -73.879419
3    -73.880764
4    -73.877734
5    -73.879419
6    -73.882462
7    -73.885202
8    -73.884577
9    -73.882462
10   -73.885202
11   -73.894102
12   -73.895419
13   -73.894102
14   -73.895419
15   -73.942507
16   -73.943601
17   -73.940784
18   -73.942507
19   -73.940784
20   -73.943601
21   -73.895419
22   -73.894102
23   -73.885202
24   -73.882462
25   -73.880764
26   -73.877734
27   -73.940784
28   -73.942507
29   -73.943601
30   -73.955883
31   -73.953793
32   -73.917031
33   -73.950817
34   -73.947051
35   -73.953793
36   -73.950817
37   -73.955883
38   -73.953793
39   -73.950817
40   -73.955883
41   -73.947051
42   -73.947051
Name: longitude, dtype: object","0     72503
1     72503
2     72503
3     72503
4     72503
5     72503
6     72503
7     72503
8     72503
9     72503
10    72503
11    72503
12    72503
13    72503
14    72503
15    KNYC0
16    KNYC0
17    KNYC0
18    KNYC0
19    KNYC0
20    KNYC0
21    72503
22    72503
23    72503
24    72503
25    72503
26    72503
27    KNYC0
28    KNYC0
29    KNYC0
30    KNYC0
31    KNYC0
32    KJRB0
33    KNYC0
34    KNYC0
35    KNYC0
36    KNYC0
37    KNYC0
38    KNYC0
39    KNYC0
40    KNYC0
41    KNYC0
42    KNYC0
Name: station, dtype: object"
20.8,71.5,0.0,0.0,,,,,,,,,,,,
,,,,"0       Krystal
1         River
2          Drew
3       Krystal
4         River
5          Drew
6      Hornaday
7     Happiness
8           BLF
9      Hornaday
10    Happiness
11        Oasis
12        Batey
13        Oasis
14        Batey
15        Lydia
16     Peaceful
17        Gallo
18        Lydia
19        Gallo
20     Peaceful
21        Batey
22        Oasis
23    Happiness
24     Hornaday
25      Krystal
26        River
27        Gallo
28        Lydia
29     Peaceful
30          ELG
31        Luigi
32       Carrie
33      Clayton
34      West123
35        Luigi
36      Clayton
37          ELG
38        Luigi
39      Clayton
40          ELG
41      West123
42      West123
Name: site, dtype: str","0               2093 Vyse Ave, Bronx, NY
1             1086 E 180th St, Bronx, NY
2          1070 E Tremont Ave, Bronx, NY
3               2093 Vyse Ave, Bronx, NY
4             1086 E 180th St, Bronx, NY
5          1070 E Tremont Ave, Bronx, NY
6             851 Hornaday Pl, Bronx, NY
7        2160 Prospect Avenue, Bronx, NY
8            2485 Belmont Ave, Bronx, NY
9             851 Hornaday Pl, Bronx, NY
10       2160 Prospect Avenue, Bronx, NY
11        1981 Lafontaine Ave, Bronx, NY
12             504 E 178th St, Bronx, NY
13        1981 Lafontaine Ave, Bronx, NY
14             504 E 178th St, Bronx, NY
15           1665 Park Ave, New York, NY
16           52 E 117th St, New York, NY
17      1891 Lexington Ave, New York, NY
18           1665 Park Ave, New York, NY
19      1891 Lexington Ave, New York, NY
20           52 E 117th St, New York, NY
21             504 E 178th St, Bronx, NY
22        1981 Lafontaine Ave, Bronx, NY
23       2160 Prospect Avenue, Bronx, NY
24            851 Hornaday Pl, Bronx, NY
25              2093 Vyse Ave, Bronx, NY
26            1086 E 180th St, Bronx, NY
27      1891 Lexington Ave, New York, NY
28           1665 Park Ave, New York, NY
29           52 E 117th St, New York, NY
30          237 W 111th St, New York, NY
31          227 W 115th St, New York, NY
32    145 St. Nicholas Ave, New York, NY
33          303 W 126th St, New York, NY
34          116 W 123rd St, New York, NY
35          227 W 115th St, New York, NY
36          303 W 126th St, New York, NY
37          237 W 111th St, New York, NY
38          227 W 115th St, New York, NY
39          303 W 126th St, New York, NY
40          237 W 111th St, New York, NY
41          116 W 123rd St, New York, NY
42          116 W 123rd St, New York, NY
Name: address, dtype: str","0      net
1      net
2      net
3      net
4      net
5      net
6      net
7      net
8      net
9      net
10     net
11     net
12     net
13     net
14     net
15     net
16     net
17     net
18     net
19     net
20     net
21    bowl
22    bowl
23    bowl
24    bowl
25    bowl
26    bowl
27    bowl
28    bowl
29    bowl
30    bowl
31    bowl
32    bowl
33    bowl
34    bowl
35     net
36     net
37     net
38     net
39     net
40     net
41     net
42     net
Name: method, dtype: str","0     8/10/2026
1     8/10/2026
2     8/10/2026
3     8/10/2026
4     8/10/2026
5     8/10/2026
6     8/11/2026
7     8/11/2026
8     8/11/2026
9     8/11/2026
10    8/11/2026
11    8/12/2026
12    8/12/2026
13    8/12/2026
14    8/12/2026
15    8/14/2026
16    8/14/2026
17    8/14/2026
18    8/14/2026
19    8/14/2026
20    8/14/2026
21    8/16/2026
22    8/16/2026
23    8/16/2026
24    8/16/2026
25    8/16/2026
26    8/16/2026
27    8/16/2026
28    8/16/2026
29    8/16/2026
30    8/15/2026
31    8/16/2026
32    8/16/2026
33    8/16/2026
34    8/16/2026
35    8/19/2026
36    8/19/2026
37    8/19/2026
38    8/19/2026
39    8/19/2026
40    8/19/2026
41    8/20/2026
42    8/20/2026
Name: date, dtype: str","0      9:48
1     10:40
2     12:41
3     14:25
4     15:04
5     15:45
6      8:58
7      9:43
8     10:42
9     12:36
10    13:50
11     9:30
12    10:20
13    13:04
14    13:57
15     8:59
16     9:50
17    10:36
18    13:00
19    13:56
20    14:33
21     7:51
22     8:11
23     8:43
24     9:05
25     9:32
26     9:57
27    10:48
28    11:12
29    11:30
30     8:30
31    12:22
32    12:39
33    13:09
34    13:38
35     9:28
36    10:25
37    11:28
38    13:35
39    15:00
40    16:05
41     9:10
42    12:36
Name: start, dtype: str","0     10:26
1     11:20
2     13:18
3     14:58
4     15:39
5     16:19
6      9:33
7     10:16
8     11:20
9     13:13
10    14:23
11    10:05
12    10:56
13    13:38
14    14:32
15     9:33
16    10:22
17    11:07
18    13:40
19    14:30
20    15:04
21     9:12
22     9:23
23     9:48
24    10:02
25    10:17
26    10:36
27    11:22
28    11:51
29    12:15
30    12:01
31    12:38
32    12:59
33    13:20
34    13:38
35    10:03
36    11:01
37    12:02
38    14:07
39    15:36
40    16:40
41     9:50
42    13:15
Name: end, dtype: str","0    2026-08-10 09:48:00
1    2026-08-10 10:40:00
2    2026-08-10 12:41:00
3    2026-08-10 14:25:00
4    2026-08-10 15:04:00
5    2026-08-10 15:45:00
6    2026-08-11 08:58:00
7    2026-08-11 09:43:00
8    2026-08-11 10:42:00
9    2026-08-11 12:36:00
10   2026-08-11 13:50:00
11   2026-08-12 09:30:00
12   2026-08-12 10:20:00
13   2026-08-12 13:04:00
14   2026-08-12 13:57:00
15   2026-08-14 08:59:00
16   2026-08-14 09:50:00
17   2026-08-14 10:36:00
18   2026-08-14 13:00:00
19   2026-08-14 13:56:00
20   2026-08-14 14:33:00
21   2026-08-16 07:51:00
22   2026-08-16 08:11:00
23   2026-08-16 08:43:00
24   2026-08-16 09:05:00
25   2026-08-16 09:32:00
26   2026-08-16 09:57:00
27   2026-08-16 10:48:00
28   2026-08-16 11:12:00
29   2026-08-16 11:30:00
30   2026-08-15 08:30:00
31   2026-08-16 12:22:00
32   2026-08-16 12:39:00
33   2026-08-16 13:09:00
34   2026-08-16 13:38:00
35   2026-08-19 09:28:00
36   2026-08-19 10:25:00
37   2026-08-19 11:28:00
38   2026-08-19 13:35:00
39   2026-08-19 15:00:00
40   2026-08-19 16:05:00
41   2026-08-20 09:10:00
42   2026-08-20 12:36:00
Name: start_dt, dtype: datetime64[us]","0    2026-08-10 10:26:00
1    2026-08-10 11:20:00
2    2026-08-10 13:18:00
3    2026-08-10 14:58:00
4    2026-08-10 15:39:00
5    2026-08-10 16:19:00
6    2026-08-11 09:33:00
7    2026-08-11 10:16:00
8    2026-08-11 11:20:00
9    2026-08-11 13:13:00
10   2026-08-11 14:23:00
11   2026-08-12 10:05:00
12   2026-08-12 10:56:00
13   2026-08-12 13:38:00
14   2026-08-12 14:32:00
15   2026-08-14 09:33:00
16   2026-08-14 10:22:00
17   2026-08-14 11:07:00
18   2026-08-14 13:40:00
19   2026-08-14 14:30:00
20   2026-08-14 15:04:00
21   2026-08-16 09:12:00
22   2026-08-16 09:23:00
23   2026-08-16 09:48:00
24   2026-08-16 10:02:00
25   2026-08-16 10:17:00
26   2026-08-16 10:36:00
27   2026-08-16 11:22:00
28   2026-08-16 11:51:00
29   2026-08-16 12:15:00
30   2026-08-15 12:01:00
31   2026-08-16 12:38:00
32   2026-08-16 12:59:00
33   2026-08-16 13:20:00
34   2026-08-16 13:38:00
35   2026-08-19 10:03:00
36   2026-08-19 11:01:00
37   2026-08-19 12:02:00
38   2026-08-19 14:07:00
39   2026-08-19 15:36:00
40   2026-08-19 16:40:00
41   2026-08-20 09:50:00
42   2026-08-20 13:15:00
Name: end_dt, dtype: datetime64[us]","0    2026-08-10 09:48:00
1    2026-08-10 10:40:00
2    2026-08-10 12:41:00
3    2026-08-10 14:25:00
4    2026-08-10 15:04:00
5    2026-08-10 15:45:00
6    2026-08-11 08:58:00
7    2026-08-11 09:43:00
8    2026-08-11 10:42:00
9    2026-08-11 12:36:00
10   2026-08-11 13:50:00
11   2026-08-12 09:30:00
12   2026-08-12 10:20:00
13   2026-08-12 13:04:00
14   2026-08-12 13:57:00
15   2026-08-14 08:59:00
16   2026-08-14 09:50:00
17   2026-08-14 10:36:00
18   2026-08-14 13:00:00
19   2026-08-14 13:56:00
20   2026-08-14 14:33:00
21   2026-08-15 07:51:00
22   2026-08-15 08:11:00
23   2026-08-15 08:43:00
24   2026-08-15 09:05:00
25   2026-08-15 09:32:00
26   2026-08-15 09:57:00
27   2026-08-15 10:48:00
28   2026-08-15 11:12:00
29   2026-08-15 11:30:00
30   2026-08-14 08:30:00
31   2026-08-15 12:22:00
32   2026-08-15 12:39:00
33   2026-08-15 13:09:00
34   2026-08-15 13:38:00
35   2026-08-19 09:28:00
36   2026-08-19 10:25:00
37   2026-08-19 11:28:00
38   2026-08-19 13:35:00
39   2026-08-19 15:00:00
40   2026-08-19 16:05:00
41   2026-08-20 09:10:00
42   2026-08-20 12:36:00
Name: weather_start_dt, dtype: datetime64[us]","0     40.843717
1     40.842397
2      40.84012
3     40.843717
4     40.842397
5      40.84012
6     40.847096
7     40.848686
8     40.856927
9     40.847096
10    40.848686
11    40.847084
12    40.847671
13    40.847084
14    40.847671
15    40.800138
16    40.800251
17    40.799598
18    40.800138
19    40.799598
20    40.800251
21    40.847671
22    40.847084
23    40.848686
24    40.847096
25    40.843717
26    40.842397
27    40.799598
28    40.800138
29    40.800251
30     40.80056
31    40.802954
32    40.705028
33    40.810995
34    40.806633
35    40.802954
36    40.810995
37     40.80056
38    40.802954
39    40.810995
40     40.80056
41    40.806633
42    40.806633
Name: latitude, dtype: object","0    -73.880764
1    -73.877734
2    -73.879419
3    -73.880764
4    -73.877734
5    -73.879419
6    -73.882462
7    -73.885202
8    -73.884577
9    -73.882462
10   -73.885202
11   -73.894102
12   -73.895419
13   -73.894102
14   -73.895419
15   -73.942507
16   -73.943601
17   -73.940784
18   -73.942507
19   -73.940784
20   -73.943601
21   -73.895419
22   -73.894102
23   -73.885202
24   -73.882462
25   -73.880764
26   -73.877734
27   -73.940784
28   -73.942507
29   -73.943601
30   -73.955883
31   -73.953793
32   -73.917031
33   -73.950817
34   -73.947051
35   -73.953793
36   -73.950817
37   -73.955883
38   -73.953793
39   -73.950817
40   -73.955883
41   -73.947051
42   -73.947051
Name: longitude, dtype: object","0     72503
1     72503
2     72503
3     72503
4     72503
5     72503
6     72503
7     72503
8     72503
9     72503
10    72503
11    72503
12    72503
13    72503
14    72503
15    KNYC0
16    KNYC0
17    KNYC0
18    KNYC0
19    KNYC0
20    KNYC0
21    72503
22    72503
23    72503
24    72503
25    72503
26    72503
27    KNYC0
28    KNYC0
29    KNYC0
30    KNYC0
31    KNYC0
32    KJRB0
33    KNYC0
34    KNYC0
35    KNYC0
36    KNYC0
37    KNYC0
38    KNYC0
39    KNYC0
40    KNYC0
41    KNYC0
42    KNYC0
Name: station, dtype: object"
22.0,69.5,0.0,0.0,,,,,,,,,,,,
,,,,"0       Krystal
1         River
2          Drew
3       Krystal
4         River
5          Drew
6      Hornaday
7     Happiness
8           BLF
9      Hornaday
10    Happiness
11        Oasis
12        Batey
13        Oasis
14        Batey
15        Lydia
16     Peaceful
17        Gallo
18        Lydia
19        Gallo
20     Peaceful
21        Batey
22        Oasis
23    Happiness
24     Hornaday
25      Krystal
26        River
27        Gallo
28        Lydia
29     Peaceful
30          ELG
31        Luigi
32       Carrie
33      Clayton
34      West123
35        Luigi
36      Clayton
37          ELG
38        Luigi
39      Clayton
40          ELG
41      West123
42      West123
Name: site, dtype: str","0               2093 Vyse Ave, Bronx, NY
1             1086 E 180th St, Bronx, NY
2          1070 E Tremont Ave, Bronx, NY
3               2093 Vyse Ave, Bronx, NY
4             1086 E 180th St, Bronx, NY
5          1070 E Tremont Ave, Bronx, NY
6             851 Hornaday Pl, Bronx, NY
7        2160 Prospect Avenue, Bronx, NY
8            2485 Belmont Ave, Bronx, NY
9             851 Hornaday Pl, Bronx, NY
10       2160 Prospect Avenue, Bronx, NY
11        1981 Lafontaine Ave, Bronx, NY
12             504 E 178th St, Bronx, NY
13        1981 Lafontaine Ave, Bronx, NY
14             504 E 178th St, Bronx, NY
15           1665 Park Ave, New York, NY
16           52 E 117th St, New York, NY
17      1891 Lexington Ave, New York, NY
18           1665 Park Ave, New York, NY
19      1891 Lexington Ave, New York, NY
20           52 E 117th St, New York, NY
21             504 E 178th St, Bronx, NY
22        1981 Lafontaine Ave, Bronx, NY
23       2160 Prospect Avenue, Bronx, NY
24            851 Hornaday Pl, Bronx, NY
25              2093 Vyse Ave, Bronx, NY
26            1086 E 180th St, Bronx, NY
27      1891 Lexington Ave, New York, NY
28           1665 Park Ave, New York, NY
29           52 E 117th St, New York, NY
30          237 W 111th St, New York, NY
31          227 W 115th St, New York, NY
32    145 St. Nicholas Ave, New York, NY
33          303 W 126th St, New York, NY
34          116 W 123rd St, New York, NY
35          227 W 115th St, New York, NY
36          303 W 126th St, New York, NY
37          237 W 111th St, New York, NY
38          227 W 115th St, New York, NY
39          303 W 126th St, New York, NY
40          237 W 111th St, New York, NY
41          116 W 123rd St, New York, NY
42          116 W 123rd St, New York, NY
Name: address, dtype: str","0      net
1      net
2      net
3      net
4      net
5      net
6      net
7      net
8      net
9      net
10     net
11     net
12     net
13     net
14     net
15     net
16     net
17     net
18     net
19     net
20     net
21    bowl
22    bowl
23    bowl
24    bowl
25    bowl
26    bowl
27    bowl
28    bowl
29    bowl
30    bowl
31    bowl
32    bowl
33    bowl
34    bowl
35     net
36     net
37     net
38     net
39     net
40     net
41     net
42     net
Name: method, dtype: str","0     8/10/2026
1     8/10/2026
2     8/10/2026
3     8/10/2026
4     8/10/2026
5     8/10/2026
6     8/11/2026
7     8/11/2026
8     8/11/2026
9     8/11/2026
10    8/11/2026
11    8/12/2026
12    8/12/2026
13    8/12/2026
14    8/12/2026
15    8/14/2026
16    8/14/2026
17    8/14/2026
18    8/14/2026
19    8/14/2026
20    8/14/2026
21    8/16/2026
22    8/16/2026
23    8/16/2026
24    8/16/2026
25    8/16/2026
26    8/16/2026
27    8/16/2026
28    8/16/2026
29    8/16/2026
30    8/15/2026
31    8/16/2026
32    8/16/2026
33    8/16/2026
34    8/16/2026
35    8/19/2026
36    8/19/2026
37    8/19/2026
38    8/19/2026
39    8/19/2026
40    8/19/2026
41    8/20/2026
42    8/20/2026
Name: date, dtype: str","0      9:48
1     10:40
2     12:41
3     14:25
4     15:04
5     15:45
6      8:58
7      9:43
8     10:42
9     12:36
10    13:50
11     9:30
12    10:20
13    13:04
14    13:57
15     8:59
16     9:50
17    10:36
18    13:00
19    13:56
20    14:33
21     7:51
22     8:11
23     8:43
24     9:05
25     9:32
26     9:57
27    10:48
28    11:12
29    11:30
30     8:30
31    12:22
32    12:39
33    13:09
34    13:38
35     9:28
36    10:25
37    11:28
38    13:35
39    15:00
40    16:05
41     9:10
42    12:36
Name: start, dtype: str","0     10:26
1     11:20
2     13:18
3     14:58
4     15:39
5     16:19
6      9:33
7     10:16
8     11:20
9     13:13
10    14:23
11    10:05
12    10:56
13    13:38
14    14:32
15     9:33
16    10:22
17    11:07
18    13:40
19    14:30
20    15:04
21     9:12
22     9:23
23     9:48
24    10:02
25    10:17
26    10:36
27    11:22
28    11:51
29    12:15
30    12:01
31    12:38
32    12:59
33    13:20
34    13:38
35    10:03
36    11:01
37    12:02
38    14:07
39    15:36
40    16:40
41     9:50
42    13:15
Name: end, dtype: str","0    2026-08-10 09:48:00
1    2026-08-10 10:40:00
2    2026-08-10 12:41:00
3    2026-08-10 14:25:00
4    2026-08-10 15:04:00
5    2026-08-10 15:45:00
6    2026-08-11 08:58:00
7    2026-08-11 09:43:00
8    2026-08-11 10:42:00
9    2026-08-11 12:36:00
10   2026-08-11 13:50:00
11   2026-08-12 09:30:00
12   2026-08-12 10:20:00
13   2026-08-12 13:04:00
14   2026-08-12 13:57:00
15   2026-08-14 08:59:00
16   2026-08-14 09:50:00
17   2026-08-14 10:36:00
18   2026-08-14 13:00:00
19   2026-08-14 13:56:00
20   2026-08-14 14:33:00
21   2026-08-16 07:51:00
22   2026-08-16 08:11:00
23   2026-08-16 08:43:00
24   2026-08-16 09:05:00
25   2026-08-16 09:32:00
26   2026-08-16 09:57:00
27   2026-08-16 10:48:00
28   2026-08-16 11:12:00
29   2026-08-16 11:30:00
30   2026-08-15 08:30:00
31   2026-08-16 12:22:00
32   2026-08-16 12:39:00
33   2026-08-16 13:09:00
34   2026-08-16 13:38:00
35   2026-08-19 09:28:00
36   2026-08-19 10:25:00
37   2026-08-19 11:28:00
38   2026-08-19 13:35:00
39   2026-08-19 15:00:00
40   2026-08-19 16:05:00
41   2026-08-20 09:10:00
42   2026-08-20 12:36:00
Name: start_dt, dtype: datetime64[us]","0    2026-08-10 10:26:00
1    2026-08-10 11:20:00
2    2026-08-10 13:18:00
3    2026-08-10 14:58:00
4    2026-08-10 15:39:00
5    2026-08-10 16:19:00
6    2026-08-11 09:33:00
7    2026-08-11 10:16:00
8    2026-08-11 11:20:00
9    2026-08-11 13:13:00
10   2026-08-11 14:23:00
11   2026-08-12 10:05:00
12   2026-08-12 10:56:00
13   2026-08-12 13:38:00
14   2026-08-12 14:32:00
15   2026-08-14 09:33:00
16   2026-08-14 10:22:00
17   2026-08-14 11:07:00
18   2026-08-14 13:40:00
19   2026-08-14 14:30:00
20   2026-08-14 15:04:00
21   2026-08-16 09:12:00
22   2026-08-16 09:23:00
23   2026-08-16 09:48:00
24   2026-08-16 10:02:00
25   2026-08-16 10:17:00
26   2026-08-16 10:36:00
27   2026-08-16 11:22:00
28   2026-08-16 11:51:00
29   2026-08-16 12:15:00
30   2026-08-15 12:01:00
31   2026-08-16 12:38:00
32   2026-08-16 12:59:00
33   2026-08-16 13:20:00
34   2026-08-16 13:38:00
35   2026-08-19 10:03:00
36   2026-08-19 11:01:00
37   2026-08-19 12:02:00
38   2026-08-19 14:07:00
39   2026-08-19 15:36:00
40   2026-08-19 16:40:00
41   2026-08-20 09:50:00
42   2026-08-20 13:15:00
Name: end_dt, dtype: datetime64[us]","0    2026-08-10 09:48:00
1    2026-08-10 10:40:00
2    2026-08-10 12:41:00
3    2026-08-10 14:25:00
4    2026-08-10 15:04:00
5    2026-08-10 15:45:00
6    2026-08-11 08:58:00
7    2026-08-11 09:43:00
8    2026-08-11 10:42:00
9    2026-08-11 12:36:00
10   2026-08-11 13:50:00
11   2026-08-12 09:30:00
12   2026-08-12 10:20:00
13   2026-08-12 13:04:00
14   2026-08-12 13:57:00
15   2026-08-14 08:59:00
16   2026-08-14 09:50:00
17   2026-08-14 10:36:00
18   2026-08-14 13:00:00
19   2026-08-14 13:56:00
20   2026-08-14 14:33:00
21   2026-08-15 07:51:00
22   2026-08-15 08:11:00
23   2026-08-15 08:43:00
24   2026-08-15 09:05:00
25   2026-08-15 09:32:00
26   2026-08-15 09:57:00
27   2026-08-15 10:48:00
28   2026-08-15 11:12:00
29   2026-08-15 11:30:00
30   2026-08-14 08:30:00
31   2026-08-15 12:22:00
32   2026-08-15 12:39:00
33   2026-08-15 13:09:00
34   2026-08-15 13:38:00
35   2026-08-19 09:28:00
36   2026-08-19 10:25:00
37   2026-08-19 11:28:00
38   2026-08-19 13:35:00
39   2026-08-19 15:00:00
40   2026-08-19 16:05:00
41   2026-08-20 09:10:00
42   2026-08-20 12:36:00
Name: weather_start_dt, dtype: datetime64[us]","0     40.843717
1     40.842397
2      40.84012
3     40.843717
4     40.842397
5      40.84012
6     40.847096
7     40.848686
8     40.856927
9     40.847096
10    40.848686
11    40.847084
12    40.847671
13    40.847084
14    40.847671
15    40.800138
16    40.800251
17    40.799598
18    40.800138
19    40.799598
20    40.800251
21    40.847671
22    40.847084
23    40.848686
24    40.847096
25    40.843717
26    40.842397
27    40.799598
28    40.800138
29    40.800251
30     40.80056
31    40.802954
32    40.705028
33    40.810995
34    40.806633
35    40.802954
36    40.810995
37     40.80056
38    40.802954
39    40.810995
40     40.80056
41    40.806633
42    40.806633
Name: latitude, dtype: object","0    -73.880764
1    -73.877734
2    -73.879419
3    -73.880764
4    -73.877734
5    -73.879419
6    -73.882462
7    -73.885202
8    -73.884577
9    -73.882462
10   -73.885202
11   -73.894102
12   -73.895419
13   -73.894102
14   -73.895419
15   -73.942507
16   -73.943601
17   -73.940784
18   -73.942507
19   -73.940784
20   -73.943601
21   -73.895419
22   -73.894102
23   -73.885202
24   -73.882462
25   -73.880764
26   -73.877734
27   -73.940784
28   -73.942507
29   -73.943601
30   -73.955883
31   -73.953793
32   -73.917031
33   -73.950817
34   -73.947051
35   -73.953793
36   -73.950817
37   -73.955883
38   -73.953793
39   -73.950817
40   -73.955883
41   -73.947051
42   -73.947051
Name: longitude, dtype: object","0     72503
1     72503
2     72503
3     72503
4     72503
5     72503
6     72503
7     72503
8     72503
9     72503
10    72503
11    72503
12    72503
13    72503
14    72503
15    KNYC0
16    KNYC0
17    KNYC0
18    KNYC0
19    KNYC0
20    KNYC0
21    72503
22    72503
23    72503
24    72503
25    72503
26    72503
27    KNYC0
28    KNYC0
29    KNYC0
30    KNYC0
31    KNYC0
32    KJRB0
33    KNYC0
34    KNYC0
35    KNYC0
36    KNYC0
37    KNYC0
38    KNYC0
39    KNYC0
40    KNYC0
41    KNYC0
42    KNYC0
Name: station, dtype: object"
23.6,62.0,0.0,0.0,,,,,,,,,,,,
,,,,"0       Krystal
1         River
2          Drew
3       Krystal
4         River
5          Drew
6      Hornaday
7     Happiness
8           BLF
9      Hornaday
10    Happiness
11        Oasis
12        Batey
13        Oasis
14        Batey
15        Lydia
16     Peaceful
17        Gallo
18        Lydia
19        Gallo
20     Peaceful
21        Batey
22        Oasis
23    Happiness
24     Hornaday
25      Krystal
26        River
27        Gallo
28        Lydia
29     Peaceful
30          ELG
31        Luigi
32       Carrie
33      Clayton
34      West123
35        Luigi
36      Clayton
37          ELG
38        Luigi
39      Clayton
40          ELG
41      West123
42      West123
Name: site, dtype: str","0               2093 Vyse Ave, Bronx, NY
1             1086 E 180th St, Bronx, NY
2          1070 E Tremont Ave, Bronx, NY
3               2093 Vyse Ave, Bronx, NY
4             1086 E 180th St, Bronx, NY
5          1070 E Tremont Ave, Bronx, NY
6             851 Hornaday Pl, Bronx, NY
7        2160 Prospect Avenue, Bronx, NY
8            2485 Belmont Ave, Bronx, NY
9             851 Hornaday Pl, Bronx, NY
10       2160 Prospect Avenue, Bronx, NY
11        1981 Lafontaine Ave, Bronx, NY
12             504 E 178th St, Bronx, NY
13        1981 Lafontaine Ave, Bronx, NY
14             504 E 178th St, Bronx, NY
15           1665 Park Ave, New York, NY
16           52 E 117th St, New York, NY
17      1891 Lexington Ave, New York, NY
18           1665 Park Ave, New York, NY
19      1891 Lexington Ave, New York, NY
20           52 E 117th St, New York, NY
21             504 E 178th St, Bronx, NY
22        1981 Lafontaine Ave, Bronx, NY
23       2160 Prospect Avenue, Bronx, NY
24            851 Hornaday Pl, Bronx, NY
25              2093 Vyse Ave, Bronx, NY
26            1086 E 180th St, Bronx, NY
27      1891 Lexington Ave, New York, NY
28           1665 Park Ave, New York, NY
29           52 E 117th St, New York, NY
30          237 W 111th St, New York, NY
31          227 W 115th St, New York, NY
32    145 St. Nicholas Ave, New York, NY
33          303 W 126th St, New York, NY
34          116 W 123rd St, New York, NY
35          227 W 115th St, New York, NY
36          303 W 126th St, New York, NY
37          237 W 111th St, New York, NY
38          227 W 115th St, New York, NY
39          303 W 126th St, New York, NY
40          237 W 111th St, New York, NY
41          116 W 123rd St, New York, NY
42          116 W 123rd St, New York, NY
Name: address, dtype: str","0      net
1      net
2      net
3      net
4      net
5      net
6      net
7      net
8      net
9      net
10     net
11     net
12     net
13     net
14     net
15     net
16     net
17     net
18     net
19     net
20     net
21    bowl
22    bowl
23    bowl
24    bowl
25    bowl
26    bowl
27    bowl
28    bowl
29    bowl
30    bowl
31    bowl
32    bowl
33    bowl
34    bowl
35     net
36     net
37     net
38     net
39     net
40     net
41     net
42     net
Name: method, dtype: str","0     8/10/2026
1     8/10/2026
2     8/10/2026
3     8/10/2026
4     8/10/2026
5     8/10/2026
6     8/11/2026
7     8/11/2026
8     8/11/2026
9     8/11/2026
10    8/11/2026
11    8/12/2026
12    8/12/2026
13    8/12/2026
14    8/12/2026
15    8/14/2026
16    8/14/2026
17    8/14/2026
18    8/14/2026
19    8/14/2026
20    8/14/2026
21    8/16/2026
22    8/16/2026
23    8/16/2026
24    8/16/2026
25    8/16/2026
26    8/16/2026
27    8/16/2026
28    8/16/2026
29    8/16/2026
30    8/15/2026
31    8/16/2026
32    8/16/2026
33    8/16/2026
34    8/16/2026
35    8/19/2026
36    8/19/2026
37    8/19/2026
38    8/19/2026
39    8/19/2026
40    8/19/2026
41    8/20/2026
42    8/20/2026
Name: date, dtype: str","0      9:48
1     10:40
2     12:41
3     14:25
4     15:04
5     15:45
6      8:58
7      9:43
8     10:42
9     12:36
10    13:50
11     9:30
12    10:20
13    13:04
14    13:57
15     8:59
16     9:50
17    10:36
18    13:00
19    13:56
20    14:33
21     7:51
22     8:11
23     8:43
24     9:05
25     9:32
26     9:57
27    10:48
28    11:12
29    11:30
30     8:30
31    12:22
32    12:39
33    13:09
34    13:38
35     9:28
36    10:25
37    11:28
38    13:35
39    15:00
40    16:05
41     9:10
42    12:36
Name: start, dtype: str","0     10:26
1     11:20
2     13:18
3     14:58
4     15:39
5     16:19
6      9:33
7     10:16
8     11:20
9     13:13
10    14:23
11    10:05
12    10:56
13    13:38
14    14:32
15     9:33
16    10:22
17    11:07
18    13:40
19    14:30
20    15:04
21     9:12
22     9:23
23     9:48
24    10:02
25    10:17
26    10:36
27    11:22
28    11:51
29    12:15
30    12:01
31    12:38
32    12:59
33    13:20
34    13:38
35    10:03
36    11:01
37    12:02
38    14:07
39    15:36
40    16:40
41     9:50
42    13:15
Name: end, dtype: str","0    2026-08-10 09:48:00
1    2026-08-10 10:40:00
2    2026-08-10 12:41:00
3    2026-08-10 14:25:00
4    2026-08-10 15:04:00
5    2026-08-10 15:45:00
6    2026-08-11 08:58:00
7    2026-08-11 09:43:00
8    2026-08-11 10:42:00
9    2026-08-11 12:36:00
10   2026-08-11 13:50:00
11   2026-08-12 09:30:00
12   2026-08-12 10:20:00
13   2026-08-12 13:04:00
14   2026-08-12 13:57:00
15   2026-08-14 08:59:00
16   2026-08-14 09:50:00
17   2026-08-14 10:36:00
18   2026-08-14 13:00:00
19   2026-08-14 13:56:00
20   2026-08-14 14:33:00
21   2026-08-16 07:51:00
22   2026-08-16 08:11:00
23   2026-08-16 08:43:00
24   2026-08-16 09:05:00
25   2026-08-16 09:32:00
26   2026-08-16 09:57:00
27   2026-08-16 10:48:00
28   2026-08-16 11:12:00
29   2026-08-16 11:30:00
30   2026-08-15 08:30:00
31   2026-08-16 12:22:00
32   2026-08-16 12:39:00
33   2026-08-16 13:09:00
34   2026-08-16 13:38:00
35   2026-08-19 09:28:00
36   2026-08-19 10:25:00
37   2026-08-19 11:28:00
38   2026-08-19 13:35:00
39   2026-08-19 15:00:00
40   2026-08-19 16:05:00
41   2026-08-20 09:10:00
42   2026-08-20 12:36:00
Name: start_dt, dtype: datetime64[us]","0    2026-08-10 10:26:00
1    2026-08-10 11:20:00
2    2026-08-10 13:18:00
3    2026-08-10 14:58:00
4    2026-08-10 15:39:00
5    2026-08-10 16:19:00
6    2026-08-11 09:33:00
7    2026-08-11 10:16:00
8    2026-08-11 11:20:00
9    2026-08-11 13:13:00
10   2026-08-11 14:23:00
11   2026-08-12 10:05:00
12   2026-08-12 10:56:00
13   2026-08-12 13:38:00
14   2026-08-12 14:32:00
15   2026-08-14 09:33:00
16   2026-08-14 10:22:00
17   2026-08-14 11:07:00
18   2026-08-14 13:40:00
19   2026-08-14 14:30:00
20   2026-08-14 15:04:00
21   2026-08-16 09:12:00
22   2026-08-16 09:23:00
23   2026-08-16 09:48:00
24   2026-08-16 10:02:00
25   2026-08-16 10:17:00
26   2026-08-16 10:36:00
27   2026-08-16 11:22:00
28   2026-08-16 11:51:00
29   2026-08-16 12:15:00
30   2026-08-15 12:01:00
31   2026-08-16 12:38:00
32   2026-08-16 12:59:00
33   2026-08-16 13:20:00
34   2026-08-16 13:38:00
35   2026-08-19 10:03:00
36   2026-08-19 11:01:00
37   2026-08-19 12:02:00
38   2026-08-19 14:07:00
39   2026-08-19 15:36:00
40   2026-08-19 16:40:00
41   2026-08-20 09:50:00
42   2026-08-20 13:15:00
Name: end_dt, dtype: datetime64[us]","0    2026-08-10 09:48:00
1    2026-08-10 10:40:00
2    2026-08-10 12:41:00
3    2026-08-10 14:25:00
4    2026-08-10 15:04:00
5    2026-08-10 15:45:00
6    2026-08-11 08:58:00
7    2026-08-11 09:43:00
8    2026-08-11 10:42:00
9    2026-08-11 12:36:00
10   2026-08-11 13:50:00
11   2026-08-12 09:30:00
12   2026-08-12 10:20:00
13   2026-08-12 13:04:00
14   2026-08-12 13:57:00
15   2026-08-14 08:59:00
16   2026-08-14 09:50:00
17   2026-08-14 10:36:00
18   2026-08-14 13:00:00
19   2026-08-14 13:56:00
20   2026-08-14 14:33:00
21   2026-08-15 07:51:00
22   2026-08-15 08:11:00
23   2026-08-15 08:43:00
24   2026-08-15 09:05:00
25   2026-08-15 09:32:00
26   2026-08-15 09:57:00
27   2026-08-15 10:48:00
28   2026-08-15 11:12:00
29   2026-08-15 11:30:00
30   2026-08-14 08:30:00
31   2026-08-15 12:22:00
32   2026-08-15 12:39:00
33   2026-08-15 13:09:00
34   2026-08-15 13:38:00
35   2026-08-19 09:28:00
36   2026-08-19 10:25:00
37   2026-08-19 11:28:00
38   2026-08-19 13:35:00
39   2026-08-19 15:00:00
40   2026-08-19 16:05:00
41   2026-08-20 09:10:00
42   2026-08-20 12:36:00
Name: weather_start_dt, dtype: datetime64[us]","0     40.843717
1     40.842397
2      40.84012
3     40.843717
4     40.842397
5      40.84012
6     40.847096
7     40.848686
8     40.856927
9     40.847096
10    40.848686
11    40.847084
12    40.847671
13    40.847084
14    40.847671
15    40.800138
16    40.800251
17    40.799598
18    40.800138
19    40.799598
20    40.800251
21    40.847671
22    40.847084
23    40.848686
24    40.847096
25    40.843717
26    40.842397
27    40.799598
28    40.800138
29    40.800251
30     40.80056
31    40.802954
32    40.705028
33    40.810995
34    40.806633
35    40.802954
36    40.810995
37     40.80056
38    40.802954
39    40.810995
40     40.80056
41    40.806633
42    40.806633
Name: latitude, dtype: object","0    -73.880764
1    -73.877734
2    -73.879419
3    -73.880764
4    -73.877734
5    -73.879419
6    -73.882462
7    -73.885202
8    -73.884577
9    -73.882462
10   -73.885202
11   -73.894102
12   -73.895419
13   -73.894102
14   -73.895419
15   -73.942507
16   -73.943601
17   -73.940784
18   -73.942507
19   -73.940784
20   -73.943601
21   -73.895419
22   -73.894102
23   -73.885202
24   -73.882462
25   -73.880764
26   -73.877734
27   -73.940784
28   -73.942507
29   -73.943601
30   -73.955883
31   -73.953793
32   -73.917031
33   -73.950817
34   -73.947051
35   -73.953793
36   -73.950817
37   -73.955883
38   -73.953793
39   -73.950817
40   -73.955883
41   -73.947051
42   -73.947051
Name: longitude, dtype: object","0     72503
1     72503
2     72503
3     72503
4     72503
5     72503
6     72503
7     72503
8     72503
9     72503
10    72503
11    72503
12    72503
13    72503
14    72503
15    KNYC0
16    KNYC0
17    KNYC0
18    KNYC0
19    KNYC0
20    KNYC0
21    72503
22    72503
23    72503
24    72503
25    72503
26    72503
27    KNYC0
28    KNYC0
29    KNYC0
30    KNYC0
31    KNYC0
32    KJRB0
33    KNYC0
34    KNYC0
35    KNYC0
36    KNYC0
37    KNYC0
38    KNYC0
39    KNYC0
40    KNYC0
41    KNYC0
42    KNYC0
Name: station, dtype: object"
27.2,45.0,0.0,0.0,,,,,,,,,,,,
,,,,"0       Krystal
1         River
2          Drew
3       Krystal
4         River
5          Drew
6      Hornaday
7     Happiness
8           BLF
9      Hornaday
10    Happiness
11        Oasis
12        Batey
13        Oasis
14        Batey
15        Lydia
16     Peaceful
17        Gallo
18        Lydia
19        Gallo
20     Peaceful
21        Batey
22        Oasis
23    Happiness
24     Hornaday
25      Krystal
26        River
27        Gallo
28        Lydia
29     Peaceful
30          ELG
31        Luigi
32       Carrie
33      Clayton
34      West123
35        Luigi
36      Clayton
37          ELG
38        Luigi
39      Clayton
40          ELG
41      West123
42      West123
Name: site, dtype: str","0               2093 Vyse Ave, Bronx, NY
1             1086 E 180th St, Bronx, NY
2          1070 E Tremont Ave, Bronx, NY
3               2093 Vyse Ave, Bronx, NY
4             1086 E 180th St, Bronx, NY
5          1070 E Tremont Ave, Bronx, NY
6             851 Hornaday Pl, Bronx, NY
7        2160 Prospect Avenue, Bronx, NY
8            2485 Belmont Ave, Bronx, NY
9             851 Hornaday Pl, Bronx, NY
10       2160 Prospect Avenue, Bronx, NY
11        1981 Lafontaine Ave, Bronx, NY
12             504 E 178th St, Bronx, NY
13        1981 Lafontaine Ave, Bronx, NY
14             504 E 178th St, Bronx, NY
15           1665 Park Ave, New York, NY
16           52 E 117th St, New York, NY
17      1891 Lexington Ave, New York, NY
18           1665 Park Ave, New York, NY
19      1891 Lexington Ave, New York, NY
20           52 E 117th St, New York, NY
21             504 E 178th St, Bronx, NY
22        1981 Lafontaine Ave, Bronx, NY
23       2160 Prospect Avenue, Bronx, NY
24            851 Hornaday Pl, Bronx, NY
25              2093 Vyse Ave, Bronx, NY
26            1086 E 180th St, Bronx, NY
27      1891 Lexington Ave, New York, NY
28           1665 Park Ave, New York, NY
29           52 E 117th St, New York, NY
30          237 W 111th St, New York, NY
31          227 W 115th St, New York, NY
32    145 St. Nicholas Ave, New York, NY
33          303 W 126th St, New York, NY
34          116 W 123rd St, New York, NY
35          227 W 115th St, New York, NY
36          303 W 126th St, New York, NY
37          237 W 111th St, New York, NY
38          227 W 115th St, New York, NY
39          303 W 126th St, New York, NY
40          237 W 111th St, New York, NY
41          116 W 123rd St, New York, NY
42          116 W 123rd St, New York, NY
Name: address, dtype: str","0      net
1      net
2      net
3      net
4      net
5      net
6      net
7      net
8      net
9      net
10     net
11     net
12     net
13     net
14     net
15     net
16     net
17     net
18     net
19     net
20     net
21    bowl
22    bowl
23    bowl
24    bowl
25    bowl
26    bowl
27    bowl
28    bowl
29    bowl
30    bowl
31    bowl
32    bowl
33    bowl
34    bowl
35     net
36     net
37     net
38     net
39     net
40     net
41     net
42     net
Name: method, dtype: str","0     8/10/2026
1     8/10/2026
2     8/10/2026
3     8/10/2026
4     8/10/2026
5     8/10/2026
6     8/11/2026
7     8/11/2026
8     8/11/2026
9     8/11/2026
10    8/11/2026
11    8/12/2026
12    8/12/2026
13    8/12/2026
14    8/12/2026
15    8/14/2026
16    8/14/2026
17    8/14/2026
18    8/14/2026
19    8/14/2026
20    8/14/2026
21    8/16/2026
22    8/16/2026
23    8/16/2026
24    8/16/2026
25    8/16/2026
26    8/16/2026
27    8/16/2026
28    8/16/2026
29    8/16/2026
30    8/15/2026
31    8/16/2026
32    8/16/2026
33    8/16/2026
34    8/16/2026
35    8/19/2026
36    8/19/2026
37    8/19/2026
38    8/19/2026
39    8/19/2026
40    8/19/2026
41    8/20/2026
42    8/20/2026
Name: date, dtype: str","0      9:48
1     10:40
2     12:41
3     14:25
4     15:04
5     15:45
6      8:58
7      9:43
8     10:42
9     12:36
10    13:50
11     9:30
12    10:20
13    13:04
14    13:57
15     8:59
16     9:50
17    10:36
18    13:00
19    13:56
20    14:33
21     7:51
22     8:11
23     8:43
24     9:05
25     9:32
26     9:57
27    10:48
28    11:12
29    11:30
30     8:30
31    12:22
32    12:39
33    13:09
34    13:38
35     9:28
36    10:25
37    11:28
38    13:35
39    15:00
40    16:05
41     9:10
42    12:36
Name: start, dtype: str","0     10:26
1     11:20
2     13:18
3     14:58
4     15:39
5     16:19
6      9:33
7     10:16
8     11:20
9     13:13
10    14:23
11    10:05
12    10:56
13    13:38
14    14:32
15     9:33
16    10:22
17    11:07
18    13:40
19    14:30
20    15:04
21     9:12
22     9:23
23     9:48
24    10:02
25    10:17
26    10:36
27    11:22
28    11:51
29    12:15
30    12:01
31    12:38
32    12:59
33    13:20
34    13:38
35    10:03
36    11:01
37    12:02
38    14:07
39    15:36
40    16:40
41     9:50
42    13:15
Name: end, dtype: str","0    2026-08-10 09:48:00
1    2026-08-10 10:40:00
2    2026-08-10 12:41:00
3    2026-08-10 14:25:00
4    2026-08-10 15:04:00
5    2026-08-10 15:45:00
6    2026-08-11 08:58:00
7    2026-08-11 09:43:00
8    2026-08-11 10:42:00
9    2026-08-11 12:36:00
10   2026-08-11 13:50:00
11   2026-08-12 09:30:00
12   2026-08-12 10:20:00
13   2026-08-12 13:04:00
14   2026-08-12 13:57:00
15   2026-08-14 08:59:00
16   2026-08-14 09:50:00
17   2026-08-14 10:36:00
18   2026-08-14 13:00:00
19   2026-08-14 13:56:00
20   2026-08-14 14:33:00
21   2026-08-16 07:51:00
22   2026-08-16 08:11:00
23   2026-08-16 08:43:00
24   2026-08-16 09:05:00
25   2026-08-16 09:32:00
26   2026-08-16 09:57:00
27   2026-08-16 10:48:00
28   2026-08-16 11:12:00
29   2026-08-16 11:30:00
30   2026-08-15 08:30:00
31   2026-08-16 12:22:00
32   2026-08-16 12:39:00
33   2026-08-16 13:09:00
34   2026-08-16 13:38:00
35   2026-08-19 09:28:00
36   2026-08-19 10:25:00
37   2026-08-19 11:28:00
38   2026-08-19 13:35:00
39   2026-08-19 15:00:00
40   2026-08-19 16:05:00
41   2026-08-20 09:10:00
42   2026-08-20 12:36:00
Name: start_dt, dtype: datetime64[us]","0    2026-08-10 10:26:00
1    2026-08-10 11:20:00
2    2026-08-10 13:18:00
3    2026-08-10 14:58:00
4    2026-08-10 15:39:00
5    2026-08-10 16:19:00
6    2026-08-11 09:33:00
7    2026-08-11 10:16:00
8    2026-08-11 11:20:00
9    2026-08-11 13:13:00
10   2026-08-11 14:23:00
11   2026-08-12 10:05:00
12   2026-08-12 10:56:00
13   2026-08-12 13:38:00
14   2026-08-12 14:32:00
15   2026-08-14 09:33:00
16   2026-08-14 10:22:00
17   2026-08-14 11:07:00
18   2026-08-14 13:40:00
19   2026-08-14 14:30:00
20   2026-08-14 15:04:00
21   2026-08-16 09:12:00
22   2026-08-16 09:23:00
23   2026-08-16 09:48:00
24   2026-08-16 10:02:00
25   2026-08-16 10:17:00
26   2026-08-16 10:36:00
27   2026-08-16 11:22:00
28   2026-08-16 11:51:00
29   2026-08-16 12:15:00
30   2026-08-15 12:01:00
31   2026-08-16 12:38:00
32   2026-08-16 12:59:00
33   2026-08-16 13:20:00
34   2026-08-16 13:38:00
35   2026-08-19 10:03:00
36   2026-08-19 11:01:00
37   2026-08-19 12:02:00
38   2026-08-19 14:07:00
39   2026-08-19 15:36:00
40   2026-08-19 16:40:00
41   2026-08-20 09:50:00
42   2026-08-20 13:15:00
Name: end_dt, dtype: datetime64[us]","0    2026-08-10 09:48:00
1    2026-08-10 10:40:00
2    2026-08-10 12:41:00
3    2026-08-10 14:25:00
4    2026-08-10 15:04:00
5    2026-08-10 15:45:00
6    2026-08-11 08:58:00
7    2026-08-11 09:43:00
8    2026-08-11 10:42:00
9    2026-08-11 12:36:00
10   2026-08-11 13:50:00
11   2026-08-12 09:30:00
12   2026-08-12 10:20:00
13   2026-08-12 13:04:00
14   2026-08-12 13:57:00
15   2026-08-14 08:59:00
16   2026-08-14 09:50:00
17   2026-08-14 10:36:00
18   2026-08-14 13:00:00
19   2026-08-14 13:56:00
20   2026-08-14 14:33:00
21   2026-08-15 07:51:00
22   2026-08-15 08:11:00
23   2026-08-15 08:43:00
24   2026-08-15 09:05:00
25   2026-08-15 09:32:00
26   2026-08-15 09:57:00
27   2026-08-15 10:48:00
28   2026-08-15 11:12:00
29   2026-08-15 11:30:00
30   2026-08-14 08:30:00
31   2026-08-15 12:22:00
32   2026-08-15 12:39:00
33   2026-08-15 13:09:00
34   2026-08-15 13:38:00
35   2026-08-19 09:28:00
36   2026-08-19 10:25:00
37   2026-08-19 11:28:00
38   2026-08-19 13:35:00
39   2026-08-19 15:00:00
40   2026-08-19 16:05:00
41   2026-08-20 09:10:00
42   2026-08-20 12:36:00
Name: weather_start_dt, dtype: datetime64[us]","0     40.843717
1     40.842397
2      40.84012
3     40.843717
4     40.842397
5      40.84012
6     40.847096
7     40.848686
8     40.856927
9     40.847096
10    40.848686
11    40.847084
12    40.847671
13    40.847084
14    40.847671
15    40.800138
16    40.800251
17    40.799598
18    40.800138
19    40.799598
20    40.800251
21    40.847671
22    40.847084
23    40.848686
24    40.847096
25    40.843717
26    40.842397
27    40.799598
28    40.800138
29    40.800251
30     40.80056
31    40.802954
32    40.705028
33    40.810995
34    40.806633
35    40.802954
36    40.810995
37     40.80056
38    40.802954
39    40.810995
40     40.80056
41    40.806633
42    40.806633
Name: latitude, dtype: object","0    -73.880764
1    -73.877734
2    -73.879419
3    -73.880764
4    -73.877734
5    -73.879419
6    -73.882462
7    -73.885202
8    -73.884577
9    -73.882462
10   -73.885202
11   -73.894102
12   -73.895419
13   -73.894102
14   -73.895419
15   -73.942507
16   -73.943601
17   -73.940784
18   -73.942507
19   -73.940784
20   -73.943601
21   -73.895419
22   -73.894102
23   -73.885202
24   -73.882462
25   -73.880764
26   -73.877734
27   -73.940784
28   -73.942507
29   -73.943601
30   -73.955883
31   -73.953793
32   -73.917031
33   -73.950817
34   -73.947051
35   -73.953793
36   -73.950817
37   -73.955883
38   -73.953793
39   -73.950817
40   -73.955883
41   -73.947051
42   -73.947051
Name: longitude, dtype: object","0     72503
1     72503
2     72503
3     72503
4     72503
5     72503
6     72503
7     72503
8     72503
9     72503
10    72503
11    72503
12    72503
13    72503
14    72503
15    KNYC0
16    KNYC0
17    KNYC0
18    KNYC0
19    KNYC0
20    KNYC0
21    72503
22    72503
23    72503
24    72503
25    72503
26    72503
27    KNYC0
28    KNYC0
29    KNYC0
30    KNYC0
31    KNYC0
32    KJRB0
33    KNYC0
34    KNYC0
35    KNYC0
36    KNYC0
37    KNYC0
38    KNYC0
39    KNYC0
40    KNYC0
41    KNYC0
42    KNYC0
Name: station, dtype: object"
28.6,46.0,6.8,0.0,,,,,,,,,,,,
,,,,"0       Krystal
1         River
2          Drew
3       Krystal
4         River
5          Drew
6      Hornaday
7     Happiness
8           BLF
9      Hornaday
10    Happiness
11        Oasis
12        Batey
13        Oasis
14        Batey
15        Lydia
16     Peaceful
17        Gallo
18        Lydia
19        Gallo
20     Peaceful
21        Batey
22        Oasis
23    Happiness
24     Hornaday
25      Krystal
26        River
27        Gallo
28        Lydia
29     Peaceful
30          ELG
31        Luigi
32       Carrie
33      Clayton
34      West123
35        Luigi
36      Clayton
37          ELG
38        Luigi
39      Clayton
40          ELG
41      West123
42      West123
Name: site, dtype: str","0               2093 Vyse Ave, Bronx, NY
1             1086 E 180th St, Bronx, NY
2          1070 E Tremont Ave, Bronx, NY
3               2093 Vyse Ave, Bronx, NY
4             1086 E 180th St, Bronx, NY
5          1070 E Tremont Ave, Bronx, NY
6             851 Hornaday Pl, Bronx, NY
7        2160 Prospect Avenue, Bronx, NY
8            2485 Belmont Ave, Bronx, NY
9             851 Hornaday Pl, Bronx, NY
10       2160 Prospect Avenue, Bronx, NY
11        1981 Lafontaine Ave, Bronx, NY
12             504 E 178th St, Bronx, NY
13        1981 Lafontaine Ave, Bronx, NY
14             504 E 178th St, Bronx, NY
15           1665 Park Ave, New York, NY
16           52 E 117th St, New York, NY
17      1891 Lexington Ave, New York, NY
18           1665 Park Ave, New York, NY
19      1891 Lexington Ave, New York, NY
20           52 E 117th St, New York, NY
21             504 E 178th St, Bronx, NY
22        1981 Lafontaine Ave, Bronx, NY
23       2160 Prospect Avenue, Bronx, NY
24            851 Hornaday Pl, Bronx, NY
25              2093 Vyse Ave, Bronx, NY
26            1086 E 180th St, Bronx, NY
27      1891 Lexington Ave, New York, NY
28           1665 Park Ave, New York, NY
29           52 E 117th St, New York, NY
30          237 W 111th St, New York, NY
31          227 W 115th St, New York, NY
32    145 St. Nicholas Ave, New York, NY
33          303 W 126th St, New York, NY
34          116 W 123rd St, New York, NY
35          227 W 115th St, New York, NY
36          303 W 126th St, New York, NY
37          237 W 111th St, New York, NY
38          227 W 115th St, New York, NY
39          303 W 126th St, New York, NY
40          237 W 111th St, New York, NY
41          116 W 123rd St, New York, NY
42          116 W 123rd St, New York, NY
Name: address, dtype: str","0      net
1      net
2      net
3      net
4      net
5      net
6      net
7      net
8      net
9      net
10     net
11     net
12     net
13     net
14     net
15     net
16     net
17     net
18     net
19     net
20     net
21    bowl
22    bowl
23    bowl
24    bowl
25    bowl
26    bowl
27    bowl
28    bowl
29    bowl
30    bowl
31    bowl
32    bowl
33    bowl
34    bowl
35     net
36     net
37     net
38     net
39     net
40     net
41     net
42     net
Name: method, dtype: str","0     8/10/2026
1     8/10/2026
2     8/10/2026
3     8/10/2026
4     8/10/2026
5     8/10/2026
6     8/11/2026
7     8/11/2026
8     8/11/2026
9     8/11/2026
10    8/11/2026
11    8/12/2026
12    8/12/2026
13    8/12/2026
14    8/12/2026
15    8/14/2026
16    8/14/2026
17    8/14/2026
18    8/14/2026
19    8/14/2026
20    8/14/2026
21    8/16/2026
22    8/16/2026
23    8/16/2026
24    8/16/2026
25    8/16/2026
26    8/16/2026
27    8/16/2026
28    8/16/2026
29    8/16/2026
30    8/15/2026
31    8/16/2026
32    8/16/2026
33    8/16/2026
34    8/16/2026
35    8/19/2026
36    8/19/2026
37    8/19/2026
38    8/19/2026
39    8/19/2026
40    8/19/2026
41    8/20/2026
42    8/20/2026
Name: date, dtype: str","0      9:48
1     10:40
2     12:41
3     14:25
4     15:04
5     15:45
6      8:58
7      9:43
8     10:42
9     12:36
10    13:50
11     9:30
12    10:20
13    13:04
14    13:57
15     8:59
16     9:50
17    10:36
18    13:00
19    13:56
20    14:33
21     7:51
22     8:11
23     8:43
24     9:05
25     9:32
26     9:57
27    10:48
28    11:12
29    11:30
30     8:30
31    12:22
32    12:39
33    13:09
34    13:38
35     9:28
36    10:25
37    11:28
38    13:35
39    15:00
40    16:05
41     9:10
42    12:36
Name: start, dtype: str","0     10:26
1     11:20
2     13:18
3     14:58
4     15:39
5     16:19
6      9:33
7     10:16
8     11:20
9     13:13
10    14:23
11    10:05
12    10:56
13    13:38
14    14:32
15     9:33
16    10:22
17    11:07
18    13:40
19    14:30
20    15:04
21     9:12
22     9:23
23     9:48
24    10:02
25    10:17
26    10:36
27    11:22
28    11:51
29    12:15
30    12:01
31    12:38
32    12:59
33    13:20
34    13:38
35    10:03
36    11:01
37    12:02
38    14:07
39    15:36
40    16:40
41     9:50
42    13:15
Name: end, dtype: str","0    2026-08-10 09:48:00
1    2026-08-10 10:40:00
2    2026-08-10 12:41:00
3    2026-08-10 14:25:00
4    2026-08-10 15:04:00
5    2026-08-10 15:45:00
6    2026-08-11 08:58:00
7    2026-08-11 09:43:00
8    2026-08-11 10:42:00
9    2026-08-11 12:36:00
10   2026-08-11 13:50:00
11   2026-08-12 09:30:00
12   2026-08-12 10:20:00
13   2026-08-12 13:04:00
14   2026-08-12 13:57:00
15   2026-08-14 08:59:00
16   2026-08-14 09:50:00
17   2026-08-14 10:36:00
18   2026-08-14 13:00:00
19   2026-08-14 13:56:00
20   2026-08-14 14:33:00
21   2026-08-16 07:51:00
22   2026-08-16 08:11:00
23   2026-08-16 08:43:00
24   2026-08-16 09:05:00
25   2026-08-16 09:32:00
26   2026-08-16 09:57:00
27   2026-08-16 10:48:00
28   2026-08-16 11:12:00
29   2026-08-16 11:30:00
30   2026-08-15 08:30:00
31   2026-08-16 12:22:00
32   2026-08-16 12:39:00
33   2026-08-16 13:09:00
34   2026-08-16 13:38:00
35   2026-08-19 09:28:00
36   2026-08-19 10:25:00
37   2026-08-19 11:28:00
38   2026-08-19 13:35:00
39   2026-08-19 15:00:00
40   2026-08-19 16:05:00
41   2026-08-20 09:10:00
42   2026-08-20 12:36:00
Name: start_dt, dtype: datetime64[us]","0    2026-08-10 10:26:00
1    2026-08-10 11:20:00
2    2026-08-10 13:18:00
3    2026-08-10 14:58:00
4    2026-08-10 15:39:00
5    2026-08-10 16:19:00
6    2026-08-11 09:33:00
7    2026-08-11 10:16:00
8    2026-08-11 11:20:00
9    2026-08-11 13:13:00
10   2026-08-11 14:23:00
11   2026-08-12 10:05:00
12   2026-08-12 10:56:00
13   2026-08-12 13:38:00
14   2026-08-12 14:32:00
15   2026-08-14 09:33:00
16   2026-08-14 10:22:00
17   2026-08-14 11:07:00
18   2026-08-14 13:40:00
19   2026-08-14 14:30:00
20   2026-08-14 15:04:00
21   2026-08-16 09:12:00
22   2026-08-16 09:23:00
23   2026-08-16 09:48:00
24   2026-08-16 10:02:00
25   2026-08-16 10:17:00
26   2026-08-16 10:36:00
27   2026-08-16 11:22:00
28   2026-08-16 11:51:00
29   2026-08-16 12:15:00
30   2026-08-15 12:01:00
31   2026-08-16 12:38:00
32   2026-08-16 12:59:00
33   2026-08-16 13:20:00
34   2026-08-16 13:38:00
35   2026-08-19 10:03:00
36   2026-08-19 11:01:00
37   2026-08-19 12:02:00
38   2026-08-19 14:07:00
39   2026-08-19 15:36:00
40   2026-08-19 16:40:00
41   2026-08-20 09:50:00
42   2026-08-20 13:15:00
Name: end_dt, dtype: datetime64[us]","0    2026-08-10 09:48:00
1    2026-08-10 10:40:00
2    2026-08-10 12:41:00
3    2026-08-10 14:25:00
4    2026-08-10 15:04:00
5    2026-08-10 15:45:00
6    2026-08-11 08:58:00
7    2026-08-11 09:43:00
8    2026-08-11 10:42:00
9    2026-08-11 12:36:00
10   2026-08-11 13:50:00
11   2026-08-12 09:30:00
12   2026-08-12 10:20:00
13   2026-08-12 13:04:00
14   2026-08-12 13:57:00
15   2026-08-14 08:59:00
16   2026-08-14 09:50:00
17   2026-08-14 10:36:00
18   2026-08-14 13:00:00
19   2026-08-14 13:56:00
20   2026-08-14 14:33:00
21   2026-08-15 07:51:00
22   2026-08-15 08:11:00
23   2026-08-15 08:43:00
24   2026-08-15 09:05:00
25   2026-08-15 09:32:00
26   2026-08-15 09:57:00
27   2026-08-15 10:48:00
28   2026-08-15 11:12:00
29   2026-08-15 11:30:00
30   2026-08-14 08:30:00
31   2026-08-15 12:22:00
32   2026-08-15 12:39:00
33   2026-08-15 13:09:00
34   2026-08-15 13:38:00
35   2026-08-19 09:28:00
36   2026-08-19 10:25:00
37   2026-08-19 11:28:00
38   2026-08-19 13:35:00
39   2026-08-19 15:00:00
40   2026-08-19 16:05:00
41   2026-08-20 09:10:00
42   2026-08-20 12:36:00
Name: weather_start_dt, dtype: datetime64[us]","0     40.843717
1     40.842397
2      40.84012
3     40.843717
4     40.842397
5      40.84012
6     40.847096
7     40.848686
8     40.856927
9     40.847096
10    40.848686
11    40.847084
12    40.847671
13    40.847084
14    40.847671
15    40.800138
16    40.800251
17    40.799598
18    40.800138
19    40.799598
20    40.800251
21    40.847671
22    40.847084
23    40.848686
24    40.847096
25    40.843717
26    40.842397
27    40.799598
28    40.800138
29    40.800251
30     40.80056
31    40.802954
32    40.705028
33    40.810995
34    40.806633
35    40.802954
36    40.810995
37     40.80056
38    40.802954
39    40.810995
40     40.80056
41    40.806633
42    40.806633
Name: latitude, dtype: object","0    -73.880764
1    -73.877734
2    -73.879419
3    -73.880764
4    -73.877734
5    -73.879419
6    -73.882462
7    -73.885202
8    -73.884577
9    -73.882462
10   -73.885202
11   -73.894102
12   -73.895419
13   -73.894102
14   -73.895419
15   -73.942507
16   -73.943601
17   -73.940784
18   -73.942507
19   -73.940784
20   -73.943601
21   -73.895419
22   -73.894102
23   -73.885202
24   -73.882462
25   -73.880764
26   -73.877734
27   -73.940784
28   -73.942507
29   -73.943601
30   -73.955883
31   -73.953793
32   -73.917031
33   -73.950817
34   -73.947051
35   -73.953793
36   -73.950817
37   -73.955883
38   -73.953793
39   -73.950817
40   -73.955883
41   -73.947051
42   -73.947051
Name: longitude, dtype: object","0     72503
1     72503
2     72503
3     72503
4     72503
5     72503
6     72503
7     72503
8     72503
9     72503
10    72503
11    72503
12    72503
13    72503
14    72503
15    KNYC0
16    KNYC0
17    KNYC0
18    KNYC0
19    KNYC0
20    KNYC0
21    72503
22    72503
23    72503
24    72503
25    72503
26    72503
27    KNYC0
28    KNYC0
29    KNYC0
30    KNYC0
31    KNYC0
32    KJRB0
33    KNYC0
34    KNYC0
35    KNYC0
36    KNYC0
37    KNYC0
38    KNYC0
39    KNYC0
40    KNYC0
41    KNYC0
42    KNYC0
Name: station, dtype: object"
28.8,46.0,6.8,0.0,,,,,,,,,,,,
,,,,"0       Krystal
1         River
2          Drew
3       Krystal
4         River
5          Drew
6      Hornaday
7     Happiness
8           BLF
9      Hornaday
10    Happiness
11        Oasis
12        Batey
13        Oasis
14        Batey
15        Lydia
16     Peaceful
17        Gallo
18        Lydia
19        Gallo
20     Peaceful
21        Batey
22        Oasis
23    Happiness
24     Hornaday
25      Krystal
26        River
27        Gallo
28        Lydia
29     Peaceful
30          ELG
31        Luigi
32       Carrie
33      Clayton
34      West123
35        Luigi
36      Clayton
37          ELG
38        Luigi
39      Clayton
40          ELG
41      West123
42      West123
Name: site, dtype: str","0               2093 Vyse Ave, Bronx, NY
1             1086 E 180th St, Bronx, NY
2          1070 E Tremont Ave, Bronx, NY
3               2093 Vyse Ave, Bronx, NY
4             1086 E 180th St, Bronx, NY
5          1070 E Tremont Ave, Bronx, NY
6             851 Hornaday Pl, Bronx, NY
7        2160 Prospect Avenue, Bronx, NY
8            2485 Belmont Ave, Bronx, NY
9             851 Hornaday Pl, Bronx, NY
10       2160 Prospect Avenue, Bronx, NY
11        1981 Lafontaine Ave, Bronx, NY
12             504 E 178th St, Bronx, NY
13        1981 Lafontaine Ave, Bronx, NY
14             504 E 178th St, Bronx, NY
15           1665 Park Ave, New York, NY
16           52 E 117th St, New York, NY
17      1891 Lexington Ave, New York, NY
18           1665 Park Ave, New York, NY
19      1891 Lexington Ave, New York, NY
20           52 E 117th St, New York, NY
21             504 E 178th St, Bronx, NY
22        1981 Lafontaine Ave, Bronx, NY
23       2160 Prospect Avenue, Bronx, NY
24            851 Hornaday Pl, Bronx, NY
25              2093 Vyse Ave, Bronx, NY
26            1086 E 180th St, Bronx, NY
27      1891 Lexington Ave, New York, NY
28           1665 Park Ave, New York, NY
29           52 E 117th St, New York, NY
30          237 W 111th St, New York, NY
31          227 W 115th St, New York, NY
32    145 St. Nicholas Ave, New York, NY
33          303 W 126th St, New York, NY
34          116 W 123rd St, New York, NY
35          227 W 115th St, New York, NY
36          303 W 126th St, New York, NY
37          237 W 111th St, New York, NY
38          227 W 115th St, New York, NY
39          303 W 126th St, New York, NY
40          237 W 111th St, New York, NY
41          116 W 123rd St, New York, NY
42          116 W 123rd St, New York, NY
Name: address, dtype: str","0      net
1      net
2      net
3      net
4      net
5      net
6      net
7      net
8      net
9      net
10     net
11     net
12     net
13     net
14     net
15     net
16     net
17     net
18     net
19     net
20     net
21    bowl
22    bowl
23    bowl
24    bowl
25    bowl
26    bowl
27    bowl
28    bowl
29    bowl
30    bowl
31    bowl
32    bowl
33    bowl
34    bowl
35     net
36     net
37     net
38     net
39     net
40     net
41     net
42     net
Name: method, dtype: str","0     8/10/2026
1     8/10/2026
2     8/10/2026
3     8/10/2026
4     8/10/2026
5     8/10/2026
6     8/11/2026
7     8/11/2026
8     8/11/2026
9     8/11/2026
10    8/11/2026
11    8/12/2026
12    8/12/2026
13    8/12/2026
14    8/12/2026
15    8/14/2026
16    8/14/2026
17    8/14/2026
18    8/14/2026
19    8/14/2026
20    8/14/2026
21    8/16/2026
22    8/16/2026
23    8/16/2026
24    8/16/2026
25    8/16/2026
26    8/16/2026
27    8/16/2026
28    8/16/2026
29    8/16/2026
30    8/15/2026
31    8/16/2026
32    8/16/2026
33    8/16/2026
34    8/16/2026
35    8/19/2026
36    8/19/2026
37    8/19/2026
38    8/19/2026
39    8/19/2026
40    8/19/2026
41    8/20/2026
42    8/20/2026
Name: date, dtype: str","0      9:48
1     10:40
2     12:41
3     14:25
4     15:04
5     15:45
6      8:58
7      9:43
8     10:42
9     12:36
10    13:50
11     9:30
12    10:20
13    13:04
14    13:57
15     8:59
16     9:50
17    10:36
18    13:00
19    13:56
20    14:33
21     7:51
22     8:11
23     8:43
24     9:05
25     9:32
26     9:57
27    10:48
28    11:12
29    11:30
30     8:30
31    12:22
32    12:39
33    13:09
34    13:38
35     9:28
36    10:25
37    11:28
38    13:35
39    15:00
40    16:05
41     9:10
42    12:36
Name: start, dtype: str","0     10:26
1     11:20
2     13:18
3     14:58
4     15:39
5     16:19
6      9:33
7     10:16
8     11:20
9     13:13
10    14:23
11    10:05
12    10:56
13    13:38
14    14:32
15     9:33
16    10:22
17    11:07
18    13:40
19    14:30
20    15:04
21     9:12
22     9:23
23     9:48
24    10:02
25    10:17
26    10:36
27    11:22
28    11:51
29    12:15
30    12:01
31    12:38
32    12:59
33    13:20
34    13:38
35    10:03
36    11:01
37    12:02
38    14:07
39    15:36
40    16:40
41     9:50
42    13:15
Name: end, dtype: str","0    2026-08-10 09:48:00
1    2026-08-10 10:40:00
2    2026-08-10 12:41:00
3    2026-08-10 14:25:00
4    2026-08-10 15:04:00
5    2026-08-10 15:45:00
6    2026-08-11 08:58:00
7    2026-08-11 09:43:00
8    2026-08-11 10:42:00
9    2026-08-11 12:36:00
10   2026-08-11 13:50:00
11   2026-08-12 09:30:00
12   2026-08-12 10:20:00
13   2026-08-12 13:04:00
14   2026-08-12 13:57:00
15   2026-08-14 08:59:00
16   2026-08-14 09:50:00
17   2026-08-14 10:36:00
18   2026-08-14 13:00:00
19   2026-08-14 13:56:00
20   2026-08-14 14:33:00
21   2026-08-16 07:51:00
22   2026-08-16 08:11:00
23   2026-08-16 08:43:00
24   2026-08-16 09:05:00
25   2026-08-16 09:32:00
26   2026-08-16 09:57:00
27   2026-08-16 10:48:00
28   2026-08-16 11:12:00
29   2026-08-16 11:30:00
30   2026-08-15 08:30:00
31   2026-08-16 12:22:00
32   2026-08-16 12:39:00
33   2026-08-16 13:09:00
34   2026-08-16 13:38:00
35   2026-08-19 09:28:00
36   2026-08-19 10:25:00
37   2026-08-19 11:28:00
38   2026-08-19 13:35:00
39   2026-08-19 15:00:00
40   2026-08-19 16:05:00
41   2026-08-20 09:10:00
42   2026-08-20 12:36:00
Name: start_dt, dtype: datetime64[us]","0    2026-08-10 10:26:00
1    2026-08-10 11:20:00
2    2026-08-10 13:18:00
3    2026-08-10 14:58:00
4    2026-08-10 15:39:00
5    2026-08-10 16:19:00
6    2026-08-11 09:33:00
7    2026-08-11 10:16:00
8    2026-08-11 11:20:00
9    2026-08-11 13:13:00
10   2026-08-11 14:23:00
11   2026-08-12 10:05:00
12   2026-08-12 10:56:00
13   2026-08-12 13:38:00
14   2026-08-12 14:32:00
15   2026-08-14 09:33:00
16   2026-08-14 10:22:00
17   2026-08-14 11:07:00
18   2026-08-14 13:40:00
19   2026-08-14 14:30:00
20   2026-08-14 15:04:00
21   2026-08-16 09:12:00
22   2026-08-16 09:23:00
23   2026-08-16 09:48:00
24   2026-08-16 10:02:00
25   2026-08-16 10:17:00
26   2026-08-16 10:36:00
27   2026-08-16 11:22:00
28   2026-08-16 11:51:00
29   2026-08-16 12:15:00
30   2026-08-15 12:01:00
31   2026-08-16 12:38:00
32   2026-08-16 12:59:00
33   2026-08-16 13:20:00
34   2026-08-16 13:38:00
35   2026-08-19 10:03:00
36   2026-08-19 11:01:00
37   2026-08-19 12:02:00
38   2026-08-19 14:07:00
39   2026-08-19 15:36:00
40   2026-08-19 16:40:00
41   2026-08-20 09:50:00
42   2026-08-20 13:15:00
Name: end_dt, dtype: datetime64[us]","0    2026-08-10 09:48:00
1    2026-08-10 10:40:00
2    2026-08-10 12:41:00
3    2026-08-10 14:25:00
4    2026-08-10 15:04:00
5    2026-08-10 15:45:00
6    2026-08-11 08:58:00
7    2026-08-11 09:43:00
8    2026-08-11 10:42:00
9    2026-08-11 12:36:00
10   2026-08-11 13:50:00
11   2026-08-12 09:30:00
12   2026-08-12 10:20:00
13   2026-08-12 13:04:00
14   2026-08-12 13:57:00
15   2026-08-14 08:59:00
16   2026-08-14 09:50:00
17   2026-08-14 10:36:00
18   2026-08-14 13:00:00
19   2026-08-14 13:56:00
20   2026-08-14 14:33:00
21   2026-08-15 07:51:00
22   2026-08-15 08:11:00
23   2026-08-15 08:43:00
24   2026-08-15 09:05:00
25   2026-08-15 09:32:00
26   2026-08-15 09:57:00
27   2026-08-15 10:48:00
28   2026-08-15 11:12:00
29   2026-08-15 11:30:00
30   2026-08-14 08:30:00
31   2026-08-15 12:22:00
32   2026-08-15 12:39:00
33   2026-08-15 13:09:00
34   2026-08-15 13:38:00
35   2026-08-19 09:28:00
36   2026-08-19 10:25:00
37   2026-08-19 11:28:00
38   2026-08-19 13:35:00
39   2026-08-19 15:00:00
40   2026-08-19 16:05:00
41   2026-08-20 09:10:00
42   2026-08-20 12:36:00
Name: weather_start_dt, dtype: datetime64[us]","0     40.843717
1     40.842397
2      40.84012
3     40.843717
4     40.842397
5      40.84012
6     40.847096
7     40.848686
8     40.856927
9     40.847096
10    40.848686
11    40.847084
12    40.847671
13    40.847084
14    40.847671
15    40.800138
16    40.800251
17    40.799598
18    40.800138
19    40.799598
20    40.800251
21    40.847671
22    40.847084
23    40.848686
24    40.847096
25    40.843717
26    40.842397
27    40.799598
28    40.800138
29    40.800251
30     40.80056
31    40.802954
32    40.705028
33    40.810995
34    40.806633
35    40.802954
36    40.810995
37     40.80056
38    40.802954
39    40.810995
40     40.80056
41    40.806633
42    40.806633
Name: latitude, dtype: object","0    -73.880764
1    -73.877734
2    -73.879419
3    -73.880764
4    -73.877734
5    -73.879419
6    -73.882462
7    -73.885202
8    -73.884577
9    -73.882462
10   -73.885202
11   -73.894102
12   -73.895419
13   -73.894102
14   -73.895419
15   -73.942507
16   -73.943601
17   -73.940784
18   -73.942507
19   -73.940784
20   -73.943601
21   -73.895419
22   -73.894102
23   -73.885202
24   -73.882462
25   -73.880764
26   -73.877734
27   -73.940784
28   -73.942507
29   -73.943601
30   -73.955883
31   -73.953793
32   -73.917031
33   -73.950817
34   -73.947051
35   -73.953793
36   -73.950817
37   -73.955883
38   -73.953793
39   -73.950817
40   -73.955883
41   -73.947051
42   -73.947051
Name: longitude, dtype: object","0     72503
1     72503
2     72503
3     72503
4     72503
5     72503
6     72503
7     72503
8     72503
9     72503
10    72503
11    72503
12    72503
13    72503
14    72503
15    KNYC0
16    KNYC0
17    KNYC0
18    KNYC0
19    KNYC0
20    KNYC0
21    72503
22    72503
23    72503
24    72503
25    72503
26    72503
27    KNYC0
28    KNYC0
29    KNYC0
30    KNYC0
31    KNYC0
32    KJRB0
33    KNYC0
34    KNYC0
35    KNYC0
36    KNYC0
37    KNYC0
38    KNYC0
39    KNYC0
40    KNYC0
41    KNYC0
42    KNYC0
Name: station, dtype: object"
22.2,79.0,0.0,0.0,,,,,,,,,,,,
,,,,"0       Krystal
1         River
2          Drew
3       Krystal
4         River
5          Drew
6      Hornaday
7     Happiness
8           BLF
9      Hornaday
10    Happiness
11        Oasis
12        Batey
13        Oasis
14        Batey
15        Lydia
16     Peaceful
17        Gallo
18        Lydia
19        Gallo
20     Peaceful
21        Batey
22        Oasis
23    Happiness
24     Hornaday
25      Krystal
26        River
27        Gallo
28        Lydia
29     Peaceful
30          ELG
31        Luigi
32       Carrie
33      Clayton
34      West123
35        Luigi
36      Clayton
37          ELG
38        Luigi
39      Clayton
40          ELG
41      West123
42      West123
Name: site, dtype: str","0               2093 Vyse Ave, Bronx, NY
1             1086 E 180th St, Bronx, NY
2          1070 E Tremont Ave, Bronx, NY
3               2093 Vyse Ave, Bronx, NY
4             1086 E 180th St, Bronx, NY
5          1070 E Tremont Ave, Bronx, NY
6             851 Hornaday Pl, Bronx, NY
7        2160 Prospect Avenue, Bronx, NY
8            2485 Belmont Ave, Bronx, NY
9             851 Hornaday Pl, Bronx, NY
10       2160 Prospect Avenue, Bronx, NY
11        1981 Lafontaine Ave, Bronx, NY
12             504 E 178th St, Bronx, NY
13        1981 Lafontaine Ave, Bronx, NY
14             504 E 178th St, Bronx, NY
15           1665 Park Ave, New York, NY
16           52 E 117th St, New York, NY
17      1891 Lexington Ave, New York, NY
18           1665 Park Ave, New York, NY
19      1891 Lexington Ave, New York, NY
20           52 E 117th St, New York, NY
21             504 E 178th St, Bronx, NY
22        1981 Lafontaine Ave, Bronx, NY
23       2160 Prospect Avenue, Bronx, NY
24            851 Hornaday Pl, Bronx, NY
25              2093 Vyse Ave, Bronx, NY
26            1086 E 180th St, Bronx, NY
27      1891 Lexington Ave, New York, NY
28           1665 Park Ave, New York, NY
29           52 E 117th St, New York, NY
30          237 W 111th St, New York, NY
31          227 W 115th St, New York, NY
32    145 St. Nicholas Ave, New York, NY
33          303 W 126th St, New York, NY
34          116 W 123rd St, New York, NY
35          227 W 115th St, New York, NY
36          303 W 126th St, New York, NY
37          237 W 111th St, New York, NY
38          227 W 115th St, New York, NY
39          303 W 126th St, New York, NY
40          237 W 111th St, New York, NY
41          116 W 123rd St, New York, NY
42          116 W 123rd St, New York, NY
Name: address, dtype: str","0      net
1      net
2      net
3      net
4      net
5      net
6      net
7      net
8      net
9      net
10     net
11     net
12     net
13     net
14     net
15     net
16     net
17     net
18     net
19     net
20     net
21    bowl
22    bowl
23    bowl
24    bowl
25    bowl
26    bowl
27    bowl
28    bowl
29    bowl
30    bowl
31    bowl
32    bowl
33    bowl
34    bowl
35     net
36     net
37     net
38     net
39     net
40     net
41     net
42     net
Name: method, dtype: str","0     8/10/2026
1     8/10/2026
2     8/10/2026
3     8/10/2026
4     8/10/2026
5     8/10/2026
6     8/11/2026
7     8/11/2026
8     8/11/2026
9     8/11/2026
10    8/11/2026
11    8/12/2026
12    8/12/2026
13    8/12/2026
14    8/12/2026
15    8/14/2026
16    8/14/2026
17    8/14/2026
18    8/14/2026
19    8/14/2026
20    8/14/2026
21    8/16/2026
22    8/16/2026
23    8/16/2026
24    8/16/2026
25    8/16/2026
26    8/16/2026
27    8/16/2026
28    8/16/2026
29    8/16/2026
30    8/15/2026
31    8/16/2026
32    8/16/2026
33    8/16/2026
34    8/16/2026
35    8/19/2026
36    8/19/2026
37    8/19/2026
38    8/19/2026
39    8/19/2026
40    8/19/2026
41    8/20/2026
42    8/20/2026
Name: date, dtype: str","0      9:48
1     10:40
2     12:41
3     14:25
4     15:04
5     15:45
6      8:58
7      9:43
8     10:42
9     12:36
10    13:50
11     9:30
12    10:20
13    13:04
14    13:57
15     8:59
16     9:50
17    10:36
18    13:00
19    13:56
20    14:33
21     7:51
22     8:11
23     8:43
24     9:05
25     9:32
26     9:57
27    10:48
28    11:12
29    11:30
30     8:30
31    12:22
32    12:39
33    13:09
34    13:38
35     9:28
36    10:25
37    11:28
38    13:35
39    15:00
40    16:05
41     9:10
42    12:36
Name: start, dtype: str","0     10:26
1     11:20
2     13:18
3     14:58
4     15:39
5     16:19
6      9:33
7     10:16
8     11:20
9     13:13
10    14:23
11    10:05
12    10:56
13    13:38
14    14:32
15     9:33
16    10:22
17    11:07
18    13:40
19    14:30
20    15:04
21     9:12
22     9:23
23     9:48
24    10:02
25    10:17
26    10:36
27    11:22
28    11:51
29    12:15
30    12:01
31    12:38
32    12:59
33    13:20
34    13:38
35    10:03
36    11:01
37    12:02
38    14:07
39    15:36
40    16:40
41     9:50
42    13:15
Name: end, dtype: str","0    2026-08-10 09:48:00
1    2026-08-10 10:40:00
2    2026-08-10 12:41:00
3    2026-08-10 14:25:00
4    2026-08-10 15:04:00
5    2026-08-10 15:45:00
6    2026-08-11 08:58:00
7    2026-08-11 09:43:00
8    2026-08-11 10:42:00
9    2026-08-11 12:36:00
10   2026-08-11 13:50:00
11   2026-08-12 09:30:00
12   2026-08-12 10:20:00
13   2026-08-12 13:04:00
14   2026-08-12 13:57:00
15   2026-08-14 08:59:00
16   2026-08-14 09:50:00
17   2026-08-14 10:36:00
18   2026-08-14 13:00:00
19   2026-08-14 13:56:00
20   2026-08-14 14:33:00
21   2026-08-16 07:51:00
22   2026-08-16 08:11:00
23   2026-08-16 08:43:00
24   2026-08-16 09:05:00
25   2026-08-16 09:32:00
26   2026-08-16 09:57:00
27   2026-08-16 10:48:00
28   2026-08-16 11:12:00
29   2026-08-16 11:30:00
30   2026-08-15 08:30:00
31   2026-08-16 12:22:00
32   2026-08-16 12:39:00
33   2026-08-16 13:09:00
34   2026-08-16 13:38:00
35   2026-08-19 09:28:00
36   2026-08-19 10:25:00
37   2026-08-19 11:28:00
38   2026-08-19 13:35:00
39   2026-08-19 15:00:00
40   2026-08-19 16:05:00
41   2026-08-20 09:10:00
42   2026-08-20 12:36:00
Name: start_dt, dtype: datetime64[us]","0    2026-08-10 10:26:00
1    2026-08-10 11:20:00
2    2026-08-10 13:18:00
3    2026-08-10 14:58:00
4    2026-08-10 15:39:00
5    2026-08-10 16:19:00
6    2026-08-11 09:33:00
7    2026-08-11 10:16:00
8    2026-08-11 11:20:00
9    2026-08-11 13:13:00
10   2026-08-11 14:23:00
11   2026-08-12 10:05:00
12   2026-08-12 10:56:00
13   2026-08-12 13:38:00
14   2026-08-12 14:32:00
15   2026-08-14 09:33:00
16   2026-08-14 10:22:00
17   2026-08-14 11:07:00
18   2026-08-14 13:40:00
19   2026-08-14 14:30:00
20   2026-08-14 15:04:00
21   2026-08-16 09:12:00
22   2026-08-16 09:23:00
23   2026-08-16 09:48:00
24   2026-08-16 10:02:00
25   2026-08-16 10:17:00
26   2026-08-16 10:36:00
27   2026-08-16 11:22:00
28   2026-08-16 11:51:00
29   2026-08-16 12:15:00
30   2026-08-15 12:01:00
31   2026-08-16 12:38:00
32   2026-08-16 12:59:00
33   2026-08-16 13:20:00
34   2026-08-16 13:38:00
35   2026-08-19 10:03:00
36   2026-08-19 11:01:00
37   2026-08-19 12:02:00
38   2026-08-19 14:07:00
39   2026-08-19 15:36:00
40   2026-08-19 16:40:00
41   2026-08-20 09:50:00
42   2026-08-20 13:15:00
Name: end_dt, dtype: datetime64[us]","0    2026-08-10 09:48:00
1    2026-08-10 10:40:00
2    2026-08-10 12:41:00
3    2026-08-10 14:25:00
4    2026-08-10 15:04:00
5    2026-08-10 15:45:00
6    2026-08-11 08:58:00
7    2026-08-11 09:43:00
8    2026-08-11 10:42:00
9    2026-08-11 12:36:00
10   2026-08-11 13:50:00
11   2026-08-12 09:30:00
12   2026-08-12 10:20:00
13   2026-08-12 13:04:00
14   2026-08-12 13:57:00
15   2026-08-14 08:59:00
16   2026-08-14 09:50:00
17   2026-08-14 10:36:00
18   2026-08-14 13:00:00
19   2026-08-14 13:56:00
20   2026-08-14 14:33:00
21   2026-08-15 07:51:00
22   2026-08-15 08:11:00
23   2026-08-15 08:43:00
24   2026-08-15 09:05:00
25   2026-08-15 09:32:00
26   2026-08-15 09:57:00
27   2026-08-15 10:48:00
28   2026-08-15 11:12:00
29   2026-08-15 11:30:00
30   2026-08-14 08:30:00
31   2026-08-15 12:22:00
32   2026-08-15 12:39:00
33   2026-08-15 13:09:00
34   2026-08-15 13:38:00
35   2026-08-19 09:28:00
36   2026-08-19 10:25:00
37   2026-08-19 11:28:00
38   2026-08-19 13:35:00
39   2026-08-19 15:00:00
40   2026-08-19 16:05:00
41   2026-08-20 09:10:00
42   2026-08-20 12:36:00
Name: weather_start_dt, dtype: datetime64[us]","0     40.843717
1     40.842397
2      40.84012
3     40.843717
4     40.842397
5      40.84012
6     40.847096
7     40.848686
8     40.856927
9     40.847096
10    40.848686
11    40.847084
12    40.847671
13    40.847084
14    40.847671
15    40.800138
16    40.800251
17    40.799598
18    40.800138
19    40.799598
20    40.800251
21    40.847671
22    40.847084
23    40.848686
24    40.847096
25    40.843717
26    40.842397
27    40.799598
28    40.800138
29    40.800251
30     40.80056
31    40.802954
32    40.705028
33    40.810995
34    40.806633
35    40.802954
36    40.810995
37     40.80056
38    40.802954
39    40.810995
40     40.80056
41    40.806633
42    40.806633
Name: latitude, dtype: object","0    -73.880764
1    -73.877734
2    -73.879419
3    -73.880764
4    -73.877734
5    -73.879419
6    -73.882462
7    -73.885202
8    -73.884577
9    -73.882462
10   -73.885202
11   -73.894102
12   -73.895419
13   -73.894102
14   -73.895419
15   -73.942507
16   -73.943601
17   -73.940784
18   -73.942507
19   -73.940784
20   -73.943601
21   -73.895419
22   -73.894102
23   -73.885202
24   -73.882462
25   -73.880764
26   -73.877734
27   -73.940784
28   -73.942507
29   -73.943601
30   -73.955883
31   -73.953793
32   -73.917031
33   -73.950817
34   -73.947051
35   -73.953793
36   -73.950817
37   -73.955883
38   -73.953793
39   -73.950817
40   -73.955883
41   -73.947051
42   -73.947051
Name: longitude, dtype: object","0     72503
1     72503
2     72503
3     72503
4     72503
5     72503
6     72503
7     72503
8     72503
9     72503
10    72503
11    72503
12    72503
13    72503
14    72503
15    KNYC0
16    KNYC0
17    KNYC0
18    KNYC0
19    KNYC0
20    KNYC0
21    72503
22    72503
23    72503
24    72503
25    72503
26    72503
27    KNYC0
28    KNYC0
29    KNYC0
30    KNYC0
31    KNYC0
32    KJRB0
33    KNYC0
34    KNYC0
35    KNYC0
36    KNYC0
37    KNYC0
38    KNYC0
39    KNYC0
40    KNYC0
41    KNYC0
42    KNYC0
Name: station, dtype: object"
27.2,61.0,0.0,0.0,,,,,,,,,,,,
,,,,"0       Krystal
1         River
2          Drew
3       Krystal
4         River
5          Drew
6      Hornaday
7     Happiness
8           BLF
9      Hornaday
10    Happiness
11        Oasis
12        Batey
13        Oasis
14        Batey
15        Lydia
16     Peaceful
17        Gallo
18        Lydia
19        Gallo
20     Peaceful
21        Batey
22        Oasis
23    Happiness
24     Hornaday
25      Krystal
26        River
27        Gallo
28        Lydia
29     Peaceful
30          ELG
31        Luigi
32       Carrie
33      Clayton
34      West123
35        Luigi
36      Clayton
37          ELG
38        Luigi
39      Clayton
40          ELG
41      West123
42      West123
Name: site, dtype: str","0               2093 Vyse Ave, Bronx, NY
1             1086 E 180th St, Bronx, NY
2          1070 E Tremont Ave, Bronx, NY
3               2093 Vyse Ave, Bronx, NY
4             1086 E 180th St, Bronx, NY
5          1070 E Tremont Ave, Bronx, NY
6             851 Hornaday Pl, Bronx, NY
7        2160 Prospect Avenue, Bronx, NY
8            2485 Belmont Ave, Bronx, NY
9             851 Hornaday Pl, Bronx, NY
10       2160 Prospect Avenue, Bronx, NY
11        1981 Lafontaine Ave, Bronx, NY
12             504 E 178th St, Bronx, NY
13        1981 Lafontaine Ave, Bronx, NY
14             504 E 178th St, Bronx, NY
15           1665 Park Ave, New York, NY
16           52 E 117th St, New York, NY
17      1891 Lexington Ave, New York, NY
18           1665 Park Ave, New York, NY
19      1891 Lexington Ave, New York, NY
20           52 E 117th St, New York, NY
21             504 E 178th St, Bronx, NY
22        1981 Lafontaine Ave, Bronx, NY
23       2160 Prospect Avenue, Bronx, NY
24            851 Hornaday Pl, Bronx, NY
25              2093 Vyse Ave, Bronx, NY
26            1086 E 180th St, Bronx, NY
27      1891 Lexington Ave, New York, NY
28           1665 Park Ave, New York, NY
29           52 E 117th St, New York, NY
30          237 W 111th St, New York, NY
31          227 W 115th St, New York, NY
32    145 St. Nicholas Ave, New York, NY
33          303 W 126th St, New York, NY
34          116 W 123rd St, New York, NY
35          227 W 115th St, New York, NY
36          303 W 126th St, New York, NY
37          237 W 111th St, New York, NY
38          227 W 115th St, New York, NY
39          303 W 126th St, New York, NY
40          237 W 111th St, New York, NY
41          116 W 123rd St, New York, NY
42          116 W 123rd St, New York, NY
Name: address, dtype: str","0      net
1      net
2      net
3      net
4      net
5      net
6      net
7      net
8      net
9      net
10     net
11     net
12     net
13     net
14     net
15     net
16     net
17     net
18     net
19     net
20     net
21    bowl
22    bowl
23    bowl
24    bowl
25    bowl
26    bowl
27    bowl
28    bowl
29    bowl
30    bowl
31    bowl
32    bowl
33    bowl
34    bowl
35     net
36     net
37     net
38     net
39     net
40     net
41     net
42     net
Name: method, dtype: str","0     8/10/2026
1     8/10/2026
2     8/10/2026
3     8/10/2026
4     8/10/2026
5     8/10/2026
6     8/11/2026
7     8/11/2026
8     8/11/2026
9     8/11/2026
10    8/11/2026
11    8/12/2026
12    8/12/2026
13    8/12/2026
14    8/12/2026
15    8/14/2026
16    8/14/2026
17    8/14/2026
18    8/14/2026
19    8/14/2026
20    8/14/2026
21    8/16/2026
22    8/16/2026
23    8/16/2026
24    8/16/2026
25    8/16/2026
26    8/16/2026
27    8/16/2026
28    8/16/2026
29    8/16/2026
30    8/15/2026
31    8/16/2026
32    8/16/2026
33    8/16/2026
34    8/16/2026
35    8/19/2026
36    8/19/2026
37    8/19/2026
38    8/19/2026
39    8/19/2026
40    8/19/2026
41    8/20/2026
42    8/20/2026
Name: date, dtype: str","0      9:48
1     10:40
2     12:41
3     14:25
4     15:04
5     15:45
6      8:58
7      9:43
8     10:42
9     12:36
10    13:50
11     9:30
12    10:20
13    13:04
14    13:57
15     8:59
16     9:50
17    10:36
18    13:00
19    13:56
20    14:33
21     7:51
22     8:11
23     8:43
24     9:05
25     9:32
26     9:57
27    10:48
28    11:12
29    11:30
30     8:30
31    12:22
32    12:39
33    13:09
34    13:38
35     9:28
36    10:25
37    11:28
38    13:35
39    15:00
40    16:05
41     9:10
42    12:36
Name: start, dtype: str","0     10:26
1     11:20
2     13:18
3     14:58
4     15:39
5     16:19
6      9:33
7     10:16
8     11:20
9     13:13
10    14:23
11    10:05
12    10:56
13    13:38
14    14:32
15     9:33
16    10:22
17    11:07
18    13:40
19    14:30
20    15:04
21     9:12
22     9:23
23     9:48
24    10:02
25    10:17
26    10:36
27    11:22
28    11:51
29    12:15
30    12:01
31    12:38
32    12:59
33    13:20
34    13:38
35    10:03
36    11:01
37    12:02
38    14:07
39    15:36
40    16:40
41     9:50
42    13:15
Name: end, dtype: str","0    2026-08-10 09:48:00
1    2026-08-10 10:40:00
2    2026-08-10 12:41:00
3    2026-08-10 14:25:00
4    2026-08-10 15:04:00
5    2026-08-10 15:45:00
6    2026-08-11 08:58:00
7    2026-08-11 09:43:00
8    2026-08-11 10:42:00
9    2026-08-11 12:36:00
10   2026-08-11 13:50:00
11   2026-08-12 09:30:00
12   2026-08-12 10:20:00
13   2026-08-12 13:04:00
14   2026-08-12 13:57:00
15   2026-08-14 08:59:00
16   2026-08-14 09:50:00
17   2026-08-14 10:36:00
18   2026-08-14 13:00:00
19   2026-08-14 13:56:00
20   2026-08-14 14:33:00
21   2026-08-16 07:51:00
22   2026-08-16 08:11:00
23   2026-08-16 08:43:00
24   2026-08-16 09:05:00
25   2026-08-16 09:32:00
26   2026-08-16 09:57:00
27   2026-08-16 10:48:00
28   2026-08-16 11:12:00
29   2026-08-16 11:30:00
30   2026-08-15 08:30:00
31   2026-08-16 12:22:00
32   2026-08-16 12:39:00
33   2026-08-16 13:09:00
34   2026-08-16 13:38:00
35   2026-08-19 09:28:00
36   2026-08-19 10:25:00
37   2026-08-19 11:28:00
38   2026-08-19 13:35:00
39   2026-08-19 15:00:00
40   2026-08-19 16:05:00
41   2026-08-20 09:10:00
42   2026-08-20 12:36:00
Name: start_dt, dtype: datetime64[us]","0    2026-08-10 10:26:00
1    2026-08-10 11:20:00
2    2026-08-10 13:18:00
3    2026-08-10 14:58:00
4    2026-08-10 15:39:00
5    2026-08-10 16:19:00
6    2026-08-11 09:33:00
7    2026-08-11 10:16:00
8    2026-08-11 11:20:00
9    2026-08-11 13:13:00
10   2026-08-11 14:23:00
11   2026-08-12 10:05:00
12   2026-08-12 10:56:00
13   2026-08-12 13:38:00
14   2026-08-12 14:32:00
15   2026-08-14 09:33:00
16   2026-08-14 10:22:00
17   2026-08-14 11:07:00
18   2026-08-14 13:40:00
19   2026-08-14 14:30:00
20   2026-08-14 15:04:00
21   2026-08-16 09:12:00
22   2026-08-16 09:23:00
23   2026-08-16 09:48:00
24   2026-08-16 10:02:00
25   2026-08-16 10:17:00
26   2026-08-16 10:36:00
27   2026-08-16 11:22:00
28   2026-08-16 11:51:00
29   2026-08-16 12:15:00
30   2026-08-15 12:01:00
31   2026-08-16 12:38:00
32   2026-08-16 12:59:00
33   2026-08-16 13:20:00
34   2026-08-16 13:38:00
35   2026-08-19 10:03:00
36   2026-08-19 11:01:00
37   2026-08-19 12:02:00
38   2026-08-19 14:07:00
39   2026-08-19 15:36:00
40   2026-08-19 16:40:00
41   2026-08-20 09:50:00
42   2026-08-20 13:15:00
Name: end_dt, dtype: datetime64[us]","0    2026-08-10 09:48:00
1    2026-08-10 10:40:00
2    2026-08-10 12:41:00
3    2026-08-10 14:25:00
4    2026-08-10 15:04:00
5    2026-08-10 15:45:00
6    2026-08-11 08:58:00
7    2026-08-11 09:43:00
8    2026-08-11 10:42:00
9    2026-08-11 12:36:00
10   2026-08-11 13:50:00
11   2026-08-12 09:30:00
12   2026-08-12 10:20:00
13   2026-08-12 13:04:00
14   2026-08-12 13:57:00
15   2026-08-14 08:59:00
16   2026-08-14 09:50:00
17   2026-08-14 10:36:00
18   2026-08-14 13:00:00
19   2026-08-14 13:56:00
20   2026-08-14 14:33:00
21   2026-08-15 07:51:00
22   2026-08-15 08:11:00
23   2026-08-15 08:43:00
24   2026-08-15 09:05:00
25   2026-08-15 09:32:00
26   2026-08-15 09:57:00
27   2026-08-15 10:48:00
28   2026-08-15 11:12:00
29   2026-08-15 11:30:00
30   2026-08-14 08:30:00
31   2026-08-15 12:22:00
32   2026-08-15 12:39:00
33   2026-08-15 13:09:00
34   2026-08-15 13:38:00
35   2026-08-19 09:28:00
36   2026-08-19 10:25:00
37   2026-08-19 11:28:00
38   2026-08-19 13:35:00
39   2026-08-19 15:00:00
40   2026-08-19 16:05:00
41   2026-08-20 09:10:00
42   2026-08-20 12:36:00
Name: weather_start_dt, dtype: datetime64[us]","0     40.843717
1     40.842397
2      40.84012
3     40.843717
4     40.842397
5      40.84012
6     40.847096
7     40.848686
8     40.856927
9     40.847096
10    40.848686
11    40.847084
12    40.847671
13    40.847084
14    40.847671
15    40.800138
16    40.800251
17    40.799598
18    40.800138
19    40.799598
20    40.800251
21    40.847671
22    40.847084
23    40.848686
24    40.847096
25    40.843717
26    40.842397
27    40.799598
28    40.800138
29    40.800251
30     40.80056
31    40.802954
32    40.705028
33    40.810995
34    40.806633
35    40.802954
36    40.810995
37     40.80056
38    40.802954
39    40.810995
40     40.80056
41    40.806633
42    40.806633
Name: latitude, dtype: object","0    -73.880764
1    -73.877734
2    -73.879419
3    -73.880764
4    -73.877734
5    -73.879419
6    -73.882462
7    -73.885202
8    -73.884577
9    -73.882462
10   -73.885202
11   -73.894102
12   -73.895419
13   -73.894102
14   -73.895419
15   -73.942507
16   -73.943601
17   -73.940784
18   -73.942507
19   -73.940784
20   -73.943601
21   -73.895419
22   -73.894102
23   -73.885202
24   -73.882462
25   -73.880764
26   -73.877734
27   -73.940784
28   -73.942507
29   -73.943601
30   -73.955883
31   -73.953793
32   -73.917031
33   -73.950817
34   -73.947051
35   -73.953793
36   -73.950817
37   -73.955883
38   -73.953793
39   -73.950817
40   -73.955883
41   -73.947051
42   -73.947051
Name: longitude, dtype: object","0     72503
1     72503
2     72503
3     72503
4     72503
5     72503
6     72503
7     72503
8     72503
9     72503
10    72503
11    72503
12    72503
13    72503
14    72503
15    KNYC0
16    KNYC0
17    KNYC0
18    KNYC0
19    KNYC0
20    KNYC0
21    72503
22    72503
23    72503
24    72503
25    72503
26    72503
27    KNYC0
28    KNYC0
29    KNYC0
30    KNYC0
31    KNYC0
32    KJRB0
33    KNYC0
34    KNYC0
35    KNYC0
36    KNYC0
37    KNYC0
38    KNYC0
39    KNYC0
40    KNYC0
41    KNYC0
42    KNYC0
Name: station, dtype: object"
